"mean_expr","var_expr","correlation.correlation","pvalue.pvalue","gene","fdr","abs_correlation"
2.52257090444762,1.87306573654702,0.520163510721914,1.95770582274497e-295,"Mbp",1.57086315217056e-291,0.520163510721914
1.0356674570379,1.5496275566924,0.517552580840463,5.47094512462065e-292,"Csrp2",2.19494318399781e-288,0.517552580840463
0.447884223511298,0.762382559057355,0.50186655320749,6.64220526695066e-272,"Emid1",1.77656850206707e-268,0.50186655320749
3.28759190964968,1.7360762663684,0.479167755382435,1.22880162764239e-244,"Mpz",2.46497606505064e-241,0.479167755382435
2.29487459059314,1.93297590559827,0.467536974716506,1.9197465124645e-231,"Pmp22",3.08080920320303e-228,0.467536974716506
1.92931895504664,1.67100945555535,0.466541415661437,2.44923934099779e-230,"Cuedc2",3.27544941202772e-227,0.466541415661437
0.80504838876201,1.0545720308222,0.463554688840944,4.83642394975169e-227,"Cldn19",5.54392368182965e-224,0.463554688840944
1.49125787498011,3.08373048116478,0.459553879423634,1.11643327166134e-222,"Cdkn1c",1.11978257147633e-219,0.459553879423634
0.880269428028156,1.24782141064947,0.451671813686688,2.9885482815514e-214,"Prx",2.66445682346316e-211,0.451671813686688
0.446501141410911,0.794070565822853,0.448716932255837,3.78519360511002e-211,"Mag",3.03723934874028e-208,0.448716932255837
0.293622158080411,0.523273679131559,0.445800812822854,4.0745337088636e-208,"Ncmap",2.97218713453832e-205,0.445800812822854
0.70626386696432,1.00177295224477,0.443064090862737,2.68361841920514e-205,"Mpp6",1.79444618297517e-202,0.443064090862737
0.343948328857019,0.624020160927346,0.428218899127781,1.88251104656701e-190,"Fxyd6",1.16194374135798e-187,0.428218899127781
1.26533551702078,1.53780389881643,-0.422660404393711,4.41614422725417e-185,"Ptn",2.53108151996339e-182,0.422660404393711
3.19341254734019,1.61619773235668,-0.411516123208423,1.29321923972678e-174,"Dbi",6.91786078637848e-172,0.411516123208423
1.37172835074087,1.57085506484725,0.39789174890097,2.38682476690252e-162,"Bzw2",1.19699262060162e-159,0.39789174890097
0.818393986306408,0.99555413943293,0.344293700474281,2.18243946111876e-119,"Pllp",1.03011142564805e-116,0.344293700474281
0.15298933877944,0.246885133362594,0.33929174179544,8.74583531713552e-116,"Slc36a2",3.89869903248308e-113,0.33929174179544
2.43644478004949,1.4401870757494,0.336850206927336,4.74635308928983e-114,"Cryab",2.0044598520243e-111,0.336850206927336
0.736181445983955,1.00557468260483,0.335296742391693,5.91342127206294e-113,"Mlip",2.37246461435165e-110,0.335296742391693
1.06672833696065,2.15273269859924,-0.333482958178537,1.1038054245458e-111,"Csmd1",4.21758796502641e-109,0.333482958178537
0.350262009849818,0.523033993366915,0.329201300081812,1.02181879457282e-108,"Gsdme",3.72685182166012e-106,0.329201300081812
2.30197193260875,1.72746821833305,-0.328584977762362,2.70688427972519e-108,"Ednrb",9.44349541761519e-106,0.328584977762362
2.91245245826797,3.61381045515621,-0.326990497956128,3.33047377283117e-107,"Apoe",1.11348839804989e-104,0.326990497956128
0.652947555091587,0.870056537474839,0.325504152186229,3.40975833361579e-106,"Smtn",1.09439603475732e-103,0.325504152186229
0.397497828124868,0.57538681255178,0.325456390975164,3.67359363756217e-106,"Egr2",1.13372751337688e-103,0.325456390975164
2.74070949206127,1.41427767084431,0.322074897408858,6.94808710017038e-104,"Ybx1",2.06486855154693e-101,0.322074897408858
0.374375307818109,0.527282073510113,0.320720710159671,5.56495691690129e-103,"Arhgap19",1.59475765361486e-100,0.320720710159671
0.873904844775391,1.25386921235035,-0.320368576344131,9.54251664580635e-103,"Cdh19",2.64031564020518e-100,0.320368576344131
0.748942754534616,0.974640091067146,0.319233929876756,5.39715851454255e-102,"Cdkn1a",1.44355999735631e-99,0.319233929876756
0.95040734766425,1.21532942530848,0.316348072984838,4.27950931461779e-100,"Rasal2",1.10770266904817e-97,0.316348072984838
2.42459901906142,1.31584738318113,0.307841184602714,1.28315047166046e-94,"Cnp",3.21749980768861e-92,0.307841184602714
0.344153055816439,0.480725688588257,0.306926821134278,4.85552495517297e-94,"Ugt8a",1.1806282497063e-91,0.306926821134278
0.276270470706222,0.379679206944351,0.299016344755267,3.98487839708014e-89,"Nipal1",9.40431301710914e-87,0.299016344755267
0.212218774499906,0.322892783048067,0.298549893057534,7.68075609990468e-89,"Sgk1",1.76086819844672e-86,0.298549893057534
0.382073831993536,0.565198141505579,0.296977144874807,6.95678233747412e-88,"Lpcat1",1.55058948544145e-85,0.296977144874807
0.341215529286178,0.479462793350943,0.29604711132053,2.54390293680725e-87,"Efhd1",5.51683166620037e-85,0.29604711132053
0.143229461586345,0.206101992158055,0.294656908976168,1.75104448812831e-86,"Rasgef1a",3.69746867703726e-84,0.294656908976168
0.967915489954275,1.04960848400579,0.294577020024521,1.95568873242512e-86,"Bcas1",4.02370420230236e-84,0.294577020024521
0.316115495337822,0.433973004273084,0.292246032572994,4.84318569089671e-85,"Tspan13",9.71543049593881e-83,0.292246032572994
1.4080139868221,1.35364616518447,-0.291954778098259,7.21720528124044e-85,"Cadm1",1.41245988235788e-82,0.291954778098259
0.42028724200062,0.632303130844386,-0.288798019915515,5.28376074924269e-83,"Chl1",1.00944991076008e-80,0.288798019915515
0.330067694822108,0.439786717331314,0.28729275530291,4.0146466351823e-82,"Fa2h",7.49151734900064e-80,0.28729275530291
1.46733260421779,1.33667705563291,-0.280975886194778,1.74101369494085e-78,"Lpar1",3.17497588368304e-76,0.280975886194778
0.68974414308365,1.07401722894797,-0.274933199403675,4.28581442290786e-75,"Slc35f1",7.64208331764726e-73,0.274933199403675
0.442476523353098,0.749309215926666,0.274412736530511,8.32006033403751e-75,"Elmo1",1.45130791565907e-72,0.274412736530511
0.930079831818909,1.65742794580146,-0.271586128812423,2.9766967965114e-73,"Fabp7",5.02419937571343e-71,0.271586128812423
0.828252987374404,1.4057250626132,-0.271578473236619,3.00550311607982e-73,"Grik2",5.02419937571343e-71,0.271578473236619
1.01879472567084,1.19286272734849,-0.271338820181095,4.0623899342238e-73,"Ncam1",6.65237078208404e-71,0.271338820181095
0.151431283363466,0.218402055688093,0.270984397942587,6.33975633205128e-73,"Cdc42ep3",1.01740409616759e-70,0.270984397942587
1.56154813348371,1.71196350344342,-0.270600339057502,1.0261192715057e-72,"Fxyd1",1.61442765383564e-70,0.270600339057502
0.616267748722154,0.872866499356692,0.269753211200237,2.95980562578232e-72,"Cdkn1b",4.56720775793795e-70,0.269753211200237
0.132863074730852,0.168933123553957,0.269736850094646,3.02087236985162e-72,"Elovl7",4.57348677277159e-70,0.269736850094646
2.64452661123814,1.44368765785581,0.267291837806016,6.28926485710215e-71,"Eif1",9.34538170618289e-69,0.267291837806016
2.24402866165445,1.39005528872233,0.267139183565246,7.5938354205078e-71,"Dynll1",1.10787155298463e-68,0.267139183565246
0.308228595021387,0.393040422169546,0.266436045452052,1.80646127290826e-70,"Ado",2.58840093818141e-68,0.266436045452052
0.470777415931814,0.62326073764626,0.265629948986053,4.86303911732507e-70,"Kras",6.84579401358182e-68,0.265629948986053
0.434541088884239,0.543296358087871,0.25926135350595,1.07760438637165e-66,"Dusp15",1.47507781344089e-64,0.25926135350595
0.978474709097879,1.06259023520651,0.259255916465727,1.08461603929477e-66,"Elovl1",1.47507781344089e-64,0.259255916465727
0.662886386495991,0.826735727738152,0.258754229618423,1.97191012220272e-66,"Tmem134",2.6371011367591e-64,0.258754229618423
0.717200420139755,1.18309545447071,-0.258054227590545,4.53071469487972e-66,"Ncam2",5.95974667405162e-64,0.258054227590545
0.393340634862965,0.517052817285159,0.257541440009818,8.31988483276482e-66,"Gypc",1.07675412738879e-63,0.257541440009818
0.436771078654739,0.634427959544154,-0.254974877859983,1.70716562008011e-64,"Ptprz1",2.17433284690839e-62,0.254974877859983
2.93549841837463,1.40186227858562,-0.254919876325855,1.82067460719097e-64,"Vim",2.28267078876568e-62,0.254919876325855
1.0065357481929,1.42723950011481,-0.254406977376439,3.31592492626778e-64,"Zbtb20",4.09338178590348e-62,0.254406977376439
0.311200968271861,0.424014095763661,-0.254097639930026,4.7572127387412e-64,"Efemp1",5.78361742661506e-62,0.254097639930026
0.397923027422061,0.606590390904845,-0.253352046415438,1.1331165413662e-63,"Abca8b",1.35703389968991e-61,0.253352046415438
0.276059364684506,0.430947411765971,0.25181115793467,6.74963776422901e-63,"AC121965.1",7.96457256179023e-61,0.25181115793467
0.184209635381513,0.236100303448671,0.25162006855272,8.41431933581982e-63,"Gm5218",9.78499976095916e-61,0.25162006855272
0.548260166299328,0.815992627834866,0.251427451756553,1.05060584297442e-62,"Pla2g16",1.20429446914668e-60,0.251427451756553
2.3208916895272,1.41777610997458,-0.250419837571791,3.34563483349342e-62,"Gpm6b",3.7810385780213e-60,0.250419837571791
1.69158241347728,1.56753491738717,-0.24984533851107,6.46057899949885e-62,"Zeb2",7.19995637388595e-60,0.24984533851107
0.774494014170427,1.0831432244134,-0.249000554131871,1.69503949984632e-61,"Abca8a",1.86315026668039e-59,0.249000554131871
2.53318134064315,1.46129272914426,-0.248053974434195,4.97359767500628e-61,"Arpc1b",5.39299293841221e-59,0.248053974434195
0.200170674646145,0.251991242102669,0.247402601817821,1.04040986329769e-60,"Tonsl",1.11309983241342e-58,0.247402601817821
0.948799987698524,1.49962208875819,-0.24673850326405,2.20306057661163e-60,"Stard13",2.32596816667522e-58,0.24673850326405
0.90599366323876,1.40598286120537,-0.246287796979238,3.66094763400982e-60,"Tenm3",3.79243568116869e-58,0.246287796979238
0.91195386003769,1.54042743297635,-0.246281602334542,3.6865650938579e-60,"Adgrl3",3.79243568116869e-58,0.246281602334542
0.387892777737287,0.566808680163028,0.245748661500081,6.71184836452457e-60,"Fut8",6.81719889581584e-58,0.245748661500081
0.53681971300106,0.708449093775318,-0.244803596013504,1.93525474565008e-59,"Cd200",1.94106050988703e-57,0.244803596013504
0.320407580149812,0.550954244959463,-0.24127438200263,9.69706989252495e-58,"Lsamp",9.60608503921237e-56,0.24127438200263
0.414079958713022,0.716178898506903,-0.240890872940274,1.47809901377677e-57,"Grid2",1.44637396177375e-55,0.240890872940274
2.69805643902455,1.58299313068597,0.240866998076131,1.51736177507852e-57,"Rpl32",1.46690492569036e-55,0.240866998076131
0.36223223261411,0.594804673922628,-0.238810283906702,1.43611760071086e-56,"Sox6",1.37183424144095e-54,0.238810283906702
0.94014755018477,1.17961366278676,0.238586682341482,1.83125119204083e-56,"Secisbp2l",1.72870112528655e-54,0.238586682341482
0.576594623948615,0.831249368346222,0.237941468970272,3.68743085543967e-56,"Minos1",3.44045874233116e-54,0.237941468970272
0.712758954305331,0.874585896140314,0.236906928776312,1.12774685925136e-55,"Sec11c",1.04011963202677e-53,0.236906928776312
0.470844862185271,0.642240553352875,-0.236551330395104,1.65403121557729e-55,"Kcna6",1.5081757356582e-53,0.236551330395104
0.222376937418481,0.398755883477585,-0.236492305191469,1.7624875059523e-55,"Prkg1",1.58901120761362e-53,0.236492305191469
1.44923611859384,1.25432213008238,0.236429830536175,1.88500275057774e-55,"Mal",1.68058467451509e-53,0.236429830536175
0.687957511039984,1.09280476983809,-0.235824760167804,3.61024387789042e-55,"Tmtc2",3.18336229408711e-53,0.235824760167804
2.79719624968789,1.4413217961164,0.23531334457052,6.24384034824119e-55,"Rps14",5.44571466894427e-53,0.23531334457052
0.145824334550916,0.221829837893783,-0.235102324842154,7.82443840526281e-55,"Fam129a",6.75089180256223e-53,0.235102324842154
0.451790732142295,0.657664779128142,0.232599056340075,1.11837608834198e-53,"Usmg5",9.54664865197456e-52,0.232599056340075
0.114106504332462,0.142189486378452,0.232269015752202,1.58439862517831e-53,"Hmox1",1.3382331124664e-51,0.232269015752202
2.71562941462521,1.29436294085958,0.23069308922518,8.29717445193282e-53,"Hsp90ab1",6.86836471936371e-51,0.23069308922518
0.213222514457735,0.325222196935567,-0.230687535130345,8.3455486149241e-53,"Bcan",6.86836471936371e-51,0.230687535130345
0.610639394405258,0.799845548367488,-0.230682621216957,8.38858103810622e-53,"Pdlim4",6.86836471936371e-51,0.230682621216957
0.109559299854847,0.147539726373691,0.229899449358065,1.90111032064699e-52,"Arxes1",1.54085951645166e-50,0.229899449358065
0.450308300064213,0.706719360516112,-0.229304452030972,3.53233623175107e-52,"Kcnh8",2.83434659235706e-50,0.229304452030972
0.50189124822911,0.680782065130199,-0.228508055704864,8.07208651951933e-52,"Mmd2",6.41291309233893e-50,0.228508055704864
1.47244406082935,1.41151520626026,-0.228276596829732,1.0257531074274e-51,"Itgb8",8.06925777842887e-50,0.228276596829732
2.54681822880773,1.41267398774241,0.228068313887902,1.27227620158059e-51,"Rps3",9.91140217619674e-50,0.228068313887902
3.06875111631088,1.48149566438923,0.226706440290881,5.17457730414037e-51,"Rplp0",3.9923854123483e-49,0.226706440290881
0.845549903172649,1.65478978585274,-0.225127834633138,2.60084337731782e-50,"Adgrb3",1.98753973900935e-48,0.225127834633138
1.11280480932118,1.03547147057468,0.225068374321302,2.76326265541035e-50,"Arpc3",2.0917376931144e-48,0.225068374321302
0.302541742185262,0.447795718916809,0.224865666241517,3.39666087789609e-50,"Sema6d",2.54717821348021e-48,0.224865666241517
0.472439044259352,0.68274490877257,-0.222877980388869,2.54238844694179e-49,"Msi2",1.88890045354268e-47,0.222877980388869
0.656307100452977,0.950084667982105,-0.22149892850435,1.01568273651784e-48,"Rbms3",7.47691585121019e-47,0.22149892850435
0.572036089160993,0.993426116333584,-0.221038607507175,1.60928180021639e-48,"Id3",1.17389792408512e-46,0.221038607507175
0.207413060514268,0.331497118534524,-0.220461590647572,2.86110704736837e-48,"Astn2",2.06824531063818e-46,0.220461590647572
1.37891073477221,1.35364764111172,-0.220064676685516,4.24639536558188e-48,"Vwa1",3.04223896548473e-46,0.220064676685516
0.540348937980104,0.781656173612708,-0.219856243036175,5.22322605914086e-48,"Luzp2",3.70895273438463e-46,0.219856243036175
2.51016596722052,1.64498618897432,0.219812225064279,5.45652687988478e-48,"Rps19",3.84062909510487e-46,0.219812225064279
0.498266543925925,0.624272205107685,0.219623906402955,6.57747655117353e-48,"Ptpre",4.58936276927099e-46,0.219623906402955
0.185881644219827,0.274006172774931,0.219398642749472,8.22283334767442e-48,"Rnf128",5.68793230877065e-46,0.219398642749472
1.7219694165659,1.19934290999436,0.219222388801952,9.79066644184596e-48,"Atp5b",6.71455619909162e-46,0.219222388801952
0.296163563635625,0.43169394540051,-0.218728409129198,1.5954151347308e-47,"Col11a1",1.08488229161694e-45,0.218728409129198
0.108536400765587,0.122203747730138,0.218133336078755,2.86840719178986e-47,"Gm15501",1.93412599217831e-45,0.218133336078755
0.65273696306544,0.904270411187158,-0.21764903447836,4.61769325947379e-47,"Nav2",3.08769755950148e-45,0.21764903447836
0.411717435169611,0.594142704539557,0.217072016792127,8.13098040355476e-47,"2410015M20Rik",5.39198237670442e-45,0.217072016792127
0.289911242436249,0.430156128663608,-0.216738689697809,1.12658385919005e-46,"4930469K13Rik",7.40959744765653e-45,0.216738689697809
2.16803555742481,1.54817816646781,0.216694582418839,1.17621203907661e-46,"Rpl4",7.67311008256153e-45,0.216694582418839
2.87812190667698,1.54619551277966,0.216358357164069,1.63329974941711e-46,"Rplp1",1.05690299913895e-44,0.216358357164069
0.75712217331027,1.12776523945869,0.215978550057179,2.36503583908798e-46,"2010107E04Rik",1.51816380582735e-44,0.215978550057179
0.520251927374317,0.739865778449861,-0.215906433100484,2.53705576516003e-46,"Atp8a1",1.6156615444162e-44,0.215906433100484
0.373067654641493,0.678561211096681,0.215832600993566,2.72606381115853e-46,"Stxbp6",1.71081855965418e-44,0.215832600993566
0.114172653449797,0.127332722914543,0.215831448589219,2.7291223284613e-46,"Gm15500",1.71081855965418e-44,0.215831448589219
1.33829402743966,1.31902411318371,-0.215477246502256,3.8509541009789e-46,"Prnp",2.39535315552362e-44,0.215477246502256
2.48618538465397,1.44675307886264,0.215184345402436,5.11717681420189e-46,"Rps15a",3.15847898131969e-44,0.215184345402436
0.556791238374328,0.66100647655748,0.213998097349115,1.61133158157013e-45,"Ostf1",9.86971344314408e-44,0.213998097349115
0.502889223790339,0.772571143046984,-0.213121268446337,3.74523837623184e-45,"Sntb1",2.26262010367158e-43,0.213121268446337
0.0655451329776055,0.0750255910055662,0.213119846004582,3.75035485778065e-45,"AC174647.1",2.26262010367158e-43,0.213119846004582
0.896170331051788,1.07261982068312,-0.212830442752603,4.95006862658429e-45,"Rarres2",2.96413064624719e-43,0.212830442752603
0.139601489693565,0.185985326816031,0.212674854531861,5.74568168981712e-45,"Ttc9",3.41506295400685e-43,0.212674854531861
0.665621534397582,0.927529842335603,-0.212144421831867,9.54190235007757e-45,"Ifitm3",5.62972238654577e-43,0.212144421831867
0.466206103112368,0.603610079324421,0.211905972494924,1.19803850285523e-44,"Osbpl1a",7.01683280796376e-43,0.211905972494924
0.133354586208769,0.217058289892544,0.211787924452717,1.34077649991565e-44,"Frmd3",7.79593524298779e-43,0.211787924452717
1.87268903324919,1.65672880950103,0.210782053618285,3.48904726426447e-44,"Serpine2",2.01410901068044e-42,0.210782053618285
0.112358069749726,0.149633498147476,0.210405383374572,4.9853179354557e-44,"Tmem45a",2.85729936529261e-42,0.210405383374572
2.17916054575028,1.84197551032775,0.209974299762021,7.49376088406645e-44,"Egfl8",4.26453456267725e-42,0.209974299762021
0.789023919769225,0.925324538296984,-0.209649649500893,1.01799349988448e-43,"Matn2",5.75238017117819e-42,0.209649649500893
0.200604870455534,0.286479832793026,-0.209365469907266,1.33052217361203e-43,"Frmd4a",7.46581113361042e-42,0.209365469907266
2.38898359939994,1.45235883010007,0.2093271940451,1.3793368238781e-43,"Rpl14",7.68597130194297e-42,0.2093271940451
0.602672255407863,0.795110075106229,0.208215492870807,3.9157498438896e-43,"Stk39",2.1668949480945e-41,0.208215492870807
0.268476610557061,0.399463472757412,-0.208043945439799,4.5973529885232e-43,"Mir100hg",2.52665482054179e-41,0.208043945439799
0.10258243003414,0.143281331066387,0.207918073651213,5.17136394593841e-43,"Mycn",2.82279076885781e-41,0.207918073651213
0.510065268757822,0.671656887146923,0.207518407383311,7.50977700854366e-43,"Ss18l2",4.07151694030773e-41,0.207518407383311
0.565569444832475,0.651521463398292,0.206756696142213,1.5257659341939e-42,"Tspan17",8.21660795702808e-41,0.206756696142213
1.45417784207905,2.85990272789318,-0.205334895880673,5.68684487736644e-42,"Nkain2",3.04208288639922e-40,0.205334895880673
0.632570216392575,0.885472713462331,-0.205160628963513,6.67747570434719e-42,"Pdzd2",3.54834867891933e-40,0.205160628963513
2.51207774558233,1.32233557940242,0.204916167981655,8.36251984990758e-42,"Rpl8",4.41453021550384e-40,0.204916167981655
0.400281741607363,0.594862035087829,-0.204825562151341,9.08919779082214e-42,"Lgr5",4.76677928585339e-40,0.204825562151341
1.33033822528572,1.14894665830668,0.204510810456151,1.21368213288824e-41,"Fnta",6.32375677551636e-40,0.204510810456151
0.207020079379167,0.266330525399512,0.204273515319683,1.50884060809867e-41,"Ptp4a1",7.81092712218303e-40,0.204273515319683
0.192294549424667,0.269978787001908,-0.204211458545269,1.59715587780237e-41,"Spata13",8.21511459197836e-40,0.204211458545269
0.608171284196245,0.798217728804739,-0.203568495781012,2.87624972101434e-41,"Ndrg2",1.47000176824325e-39,0.203568495781012
0.125550734685349,0.16230677741477,0.203520318142478,3.00562591976352e-41,"Gjb1",1.52640141646724e-39,0.203520318142478
0.429085796644059,0.594236618383706,-0.203207168782896,3.99961771225867e-41,"Pex5l",2.01842342912978e-39,0.203207168782896
0.203400958896692,0.313799599452582,-0.202572950174408,7.12351924118761e-41,"Sorbs2",3.57244489945559e-39,0.202572950174408
2.54830811160337,1.37783720345711,0.202462274036819,7.87686246242337e-41,"Rps5",3.92571083220404e-39,0.202462274036819
1.00683623213807,0.946883499777189,0.202381045428201,8.47967837651719e-41,"Vdac2",4.20005798106012e-39,0.202381045428201
0.984986256198046,1.15835775806964,-0.202076485267049,1.1177272204505e-40,"Dst",5.50223510238947e-39,0.202076485267049
0.182866444755276,0.265059697254715,0.201764755083306,1.4822293081499e-40,"Cerk",7.25207802963099e-39,0.201764755083306
1.44630419229924,1.26294471251035,0.20156395904458,1.77731941083003e-40,"Slc25a5",8.64315815303041e-39,0.20156395904458
5.24691518832543,2.48013058324852,-0.200588366041193,4.28222559416054e-40,"Malat1",2.06991434744242e-38,0.200588366041193
0.25500611736628,0.400786746434152,-0.200042939955742,6.98739068935164e-40,"Plce1",3.35729478391363e-38,0.200042939955742
0.69984646791512,0.848993780542491,-0.200003105478698,7.24137413345361e-40,"Lgi4",3.45861821707332e-38,0.200003105478698
0.340388321738562,0.486804046573241,-0.198570837624822,2.60104168661852e-39,"Arhgap32",1.23495612387142e-37,0.198570837624822
2.36235275978723,1.53316286844751,0.197888090537839,4.76827855302872e-39,"Rpl23",2.25062747702955e-37,0.197888090537839
0.832186444175406,1.09092681170811,-0.197415154772129,7.24636713912429e-39,"Fign",3.40028362130604e-37,0.197415154772129
0.151983814629588,0.218107532756843,-0.195542206289915,3.76154982300229e-38,"Sorcs2",1.74920743539505e-36,0.195542206289915
0.452060717508694,0.575384371261091,0.195539232944094,3.77134703792801e-38,"Sh3gl3",1.74920743539505e-36,0.195539232944094
0.482302719851857,0.602753506269548,0.19548607643183,3.9508400096743e-38,"Alad",1.8219275998636e-36,0.19548607643183
0.387146875565488,0.559408447293495,-0.194123986892368,1.29454742760809e-37,"Dclk1",5.93568489092991e-36,0.194123986892368
0.343369342222659,0.483081443252573,-0.19377733523642,1.74856154181287e-37,"Adgrg6",7.97185102926504e-36,0.19377733523642
2.19286013413314,1.33673533421707,-0.19361600892986,2.01075000396052e-37,"Itm2b",9.11540001795434e-36,0.19361600892986
2.38651152116847,1.38530268750154,0.193523244323775,2.17883226411866e-37,"Rps11",9.82188207151019e-36,0.193523244323775
1.39752358747271,1.1021963244325,0.192669708335826,4.55188428983517e-37,"Cdc42",2.04046477886242e-35,0.192669708335826
0.489962497684732,0.634372581793853,-0.192576457942126,4.93238504892842e-37,"Mapre2",2.19874764625565e-35,0.192576457942126
2.34553058700843,1.93936214574509,0.192283624592589,6.34495824751408e-37,"Rpl18a",2.81281463967143e-35,0.192283624592589
0.851991728110499,1.44476974503145,-0.191528045893365,1.21287342204139e-36,"Pde7b",5.3473056804726e-35,0.191528045893365
0.192473682007661,0.289643048557192,0.190973666562582,1.94770657366851e-36,"9530059O14Rik",8.54010794924377e-35,0.190973666562582
0.388617922083011,0.51368236642324,-0.190832404282675,2.19704503120463e-36,"Tspan7",9.58102680999236e-35,0.190832404282675
0.426140329885184,0.602936406724385,-0.190702854979188,2.45346798755532e-36,"Cdk19",1.06414200714291e-34,0.190702854979188
0.403329457209169,0.667705983023327,-0.190548834491651,2.79725905874541e-36,"Fbxl7",1.20673154233189e-34,0.190548834491651
0.305470802078831,0.376016300739744,0.190345647104202,3.32499237859249e-36,"Plpp1",1.4267240024506e-34,0.190345647104202
1.20108566634522,1.62818662606774,0.190278428913126,3.52048502272643e-36,"Id2",1.5025729692743e-34,0.190278428913126
0.523079376174316,0.678153811158718,-0.190233601168227,3.65716303197251e-36,"Vcl",1.55264953272738e-34,0.190233601168227
1.22741710336315,1.10110462987098,0.189663983432358,5.92894671832379e-36,"Ezr",2.50388781409632e-34,0.189663983432358
0.182965094306766,0.309545753140335,0.189556502631585,6.49375487053863e-36,"Fst",2.72805701995822e-34,0.189556502631585
0.246883101363488,0.313765826965622,0.189207750539213,8.72088610867088e-36,"Rnf103",3.64460365291537e-34,0.189207750539213
1.1610212164221,1.1790135731842,-0.189062900728072,9.85546465475393e-36,"Sptbn1",4.09742219635987e-34,0.189062900728072
0.497876513399924,0.66187278931803,-0.188844248740822,1.18515486859506e-35,"Trim2",4.9018982812406e-34,0.188844248740822
2.75706273058326,1.86257243980375,0.188807939067893,1.2219875285371e-35,"Rpl13",5.02832201486241e-34,0.188807939067893
0.102802493625306,0.141761851591516,0.188712229535911,1.32461479781895e-35,"Arxes2",5.42281078454043e-34,0.188712229535911
0.1708970648058,0.321930066522124,0.188671389021177,1.37097194484026e-35,"H19",5.58410095705495e-34,0.188671389021177
1.11090431955223,1.25502588206376,-0.188536510293354,1.53582310290792e-35,"Gsn",6.22396190794603e-34,0.188536510293354
0.854623543490845,0.96043569432097,-0.188522135877169,1.55451307578595e-35,"Aspa",6.26804669352084e-34,0.188522135877169
0.0913558507701115,0.127978591872081,-0.18850627264149,1.5754011711305e-35,"Grik3",6.32050949857555e-34,0.18850627264149
0.344774731064686,0.506273116905553,-0.188210442156056,2.02022387090769e-35,"Cep85l",8.06481409958375e-34,0.188210442156056
2.24488995712622,1.71978680887911,-0.188191438288222,2.05272938787528e-35,"Gatm",8.15401020213427e-34,0.188191438288222
0.312536226843821,0.381556063427091,0.188175686265779,2.08006609738453e-35,"Smco3",8.22189673173079e-34,0.188175686265779
2.02836897971138,1.38099824319715,0.188088398162498,2.23823453277187e-35,"Rpl18",8.80372249556936e-34,0.188088398162498
0.266186667181529,0.396877996771213,0.188007371519313,2.39572449314168e-35,"Arhgap10",9.3772162599848e-34,0.188007371519313
0.390855399946743,0.54792993517573,0.187799603749951,2.85166859159243e-35,"Ypel2",1.1107664455795e-33,0.187799603749951
0.537090738649497,0.87153777200877,-0.187683677739502,3.14251191925989e-35,"Lrrc4c",1.21814085218074e-33,0.187683677739502
1.10162824852247,1.01292686374343,0.187632249840192,3.28079682391583e-35,"Ppp1ca",1.26563046707215e-33,0.187632249840192
0.0808040615352875,0.0896417147032115,0.18729222373296,4.36010951237691e-35,"Hyi",1.6739482644647e-33,0.18729222373296
0.436874447473634,0.734510003447239,-0.187251516881675,4.51095686643055e-35,"Il1rapl1",1.72361513791613e-33,0.187251516881675
1.41016783303564,1.23730692285363,0.187100295718249,5.11814319647227e-35,"Npm1",1.94634981082908e-33,0.187100295718249
0.422898658517635,0.644172082517453,0.186919325405793,5.95228445946642e-35,"Shtn1",2.25288351428106e-33,0.186919325405793
0.063088283716175,0.0771662405897579,0.186495882457335,8.46930466887861e-35,"Gpr137b-ps",3.19050237854845e-33,0.186495882457335
0.161666328207206,0.240017539458496,-0.186063878526651,1.2126329184154e-34,"Grid1",4.54680679316128e-33,0.186063878526651
0.300084832414776,0.371008338665399,0.18462714338582,3.97557812971314e-34,"AI506816",1.47889016535729e-32,0.18462714338582
0.291147680232101,0.43252051899193,-0.184625469118964,3.98106026566767e-34,"Pde1a",1.47889016535729e-32,0.184625469118964
0.511064781755256,0.647959087058261,-0.18452599069028,4.32062499401978e-34,"Ntrk2",1.59763571207441e-32,0.18452599069028
0.795094010464558,0.997780502099432,-0.184391370821624,4.82635938438881e-34,"Camk2d",1.77645448166678e-32,0.184391370821624
0.762297219207833,0.839541741826223,-0.184179941799487,5.74178091280481e-34,"Emp3",2.10374657736739e-32,0.184179941799487
0.269080312909353,0.387538840937918,-0.184161170573017,5.83094306807638e-34,"Pam",2.1267039626475e-32,0.184161170573017
0.811907634797831,0.904938608942824,0.184020739994012,6.54306510577917e-34,"Ick",2.37563594609828e-32,0.184020739994012
0.144145602430478,0.239511945891959,-0.184013239852787,6.58343849261e-34,"Lgals3",2.37952749841003e-32,0.184013239852787
0.73283791585823,0.9172562612668,-0.183691148814139,8.57181202550724e-34,"Lhfp",3.08431478442467e-32,0.183691148814139
2.53673691386194,1.71463403543528,0.183599256001399,9.24133837938989e-34,"Rps8",3.31037942661716e-32,0.183599256001399
0.300039517913522,0.493694800977226,0.183033951277187,1.46651383886507e-33,"Gm10073",5.22991424135703e-32,0.183033951277187
0.24139077168565,0.356227616852962,-0.182866914967827,1.68042874277084e-33,"Cdk14",5.96626558937753e-32,0.182866914967827
0.414220266805109,0.593338745710386,-0.1826267542438,2.04334429774462e-33,"H2-K1",7.22281702427436e-32,0.1826267542438
0.103995254204443,0.180658186557028,0.182416932687874,2.4234752267577e-33,"Gldn",8.52893211381743e-32,0.182416932687874
0.436672658038768,0.532275824688351,0.18228789783889,2.69129754378007e-33,"Asap1",9.43011855514901e-32,0.18228789783889
0.525175236745687,0.762035679981477,-0.18210191282941,3.12980228248476e-33,"Sox2ot",1.09189276150686e-31,0.18210191282941
0.155297921813166,0.240497051405821,-0.182095716133668,3.14557375033462e-33,"Sema3e",1.09264431916385e-31,0.182095716133668
0.339334594716242,0.454443970112709,-0.181899315594151,3.68847769574723e-33,"Scg3",1.2757045271843e-31,0.181899315594151
0.0862414766486742,0.134801233236289,-0.181838779126563,3.8738654887959e-33,"Fgl2",1.33407281897418e-31,0.181838779126563
0.328960856664438,0.48399484136145,-0.18176582756174,4.10960178597186e-33,"Creb5",1.40920703977086e-31,0.18176582756174
0.117375593847178,0.17537531309495,-0.181697427101784,4.34354751146061e-33,"Edil3",1.48309043540255e-31,0.181697427101784
0.763713836098987,0.895502789786882,-0.181545540602528,4.91137572552744e-33,"Nr2f2",1.66986774667933e-31,0.181545540602528
0.335715589678538,0.459386475032157,-0.181409322091279,5.48299018531321e-33,"Wnt6",1.85635076991364e-31,0.181409322091279
0.195007009581663,0.27560064164963,0.181324264768957,5.87292431887285e-33,"Fam96b",1.98001448464856e-31,0.181324264768957
0.930800872698689,1.22545188530526,-0.180898275992731,8.28063184106642e-33,"Nfia",2.78007489090866e-31,0.180898275992731
0.211904772075324,0.272787507112883,0.180842023440984,8.66441298464755e-33,"Mras",2.89680207453383e-31,0.180842023440984
0.35661146592068,0.615363859052388,-0.180802756343718,8.94272599537702e-33,"Rora",2.97744536875125e-31,0.180802756343718
0.637974184660031,1.06023555498629,-0.18078462418262,9.07421894277138e-33,"Pde4d",3.00874102466105e-31,0.18078462418262
0.154119716628711,0.194020837114313,-0.180712539968729,9.61622386635275e-33,"Soat1",3.17533252278249e-31,0.180712539968729
0.269561135622073,0.423442035553855,-0.180345979264176,1.29111014796392e-32,"Maml2",4.24584747018954e-31,0.180345979264176
0.738832430603796,1.13178881681106,-0.179982824659353,1.72767944131473e-32,"Dlgap1",5.65832646412628e-31,0.179982824659353
2.16668112748721,1.57632341862722,0.179829925371144,1.95273445046951e-32,"Rpl6",6.36940700429566e-31,0.179829925371144
0.267012403040065,0.712311539879188,-0.179763146320834,2.05994076581901e-32,"Anks1b",6.69188854450678e-31,0.179763146320834
0.117744375143502,0.199342990331704,-0.17947873628901,2.58589202710506e-32,"Galnt17",8.36661194576249e-31,0.17947873628901
0.783097270668921,1.13197430004156,-0.179288851427553,3.00920972527278e-32,"Rgcc",9.69714812674248e-31,0.179288851427553
0.224070439554248,0.347801514208481,-0.178976275119363,3.86080373859102e-32,"Dpyd",1.23916356793817e-30,0.178976275119363
0.689980789200658,0.732696806949591,0.178507387985977,5.60597241567988e-32,"Metrnl",1.79212440890101e-30,0.178507387985977
2.35238205591778,1.55945850288797,0.178421507077721,6.00163243238759e-32,"Rps3a1",1.9109959776777e-30,0.178421507077721
0.317018294515381,0.465692694106519,-0.178158862355,7.39191190101723e-32,"Prss35",2.34437553730286e-30,0.178158862355
1.27642738325703,1.13028972417028,0.177440630098153,1.30463643351576e-31,"Eef1g",4.12141840257104e-30,0.177440630098153
0.110431966901308,0.178357471347214,-0.177406297247325,1.34047142383862e-31,"L1cam",4.2180167470122e-30,0.177406297247325
0.686368769572889,0.956506101052092,-0.177356404796162,1.39429484089141e-31,"Plxdc2",4.370242891919e-30,0.177356404796162
0.0668353213251815,0.0694406098665077,0.176921215471194,1.96458290448141e-31,"Rpl37rt",6.13377946519799e-30,0.176921215471194
0.393982837388753,0.542996092224326,-0.176726654015177,2.28940326750543e-31,"Sh3kbp1",7.12022163506339e-30,0.176726654015177
0.372842581647823,0.55400595194325,-0.17628506694231,3.23787682870615e-31,"Tanc2",1.00311674415205e-29,0.17628506694231
0.432064748850551,0.560772226849981,-0.176188433767458,3.49260979895763e-31,"Plscr4",1.07787311641677e-29,0.176188433767458
0.356348576443864,0.429848166082311,0.176126957499776,3.66491641509447e-31,"Sccpdh",1.12671606569801e-29,0.176126957499776
0.817557704411519,0.89321823607104,0.175914017522448,4.32958509191724e-31,"Ldha",1.3259767472345e-29,0.175914017522448
0.116168168334953,0.167460205805688,-0.175794981487686,4.75191621264222e-31,"Col23a1",1.44978614791791e-29,0.175794981487686
1.48075599872343,1.34260552602737,0.175680428727556,5.19686845633549e-31,"Tubb5",1.57953304900136e-29,0.175680428727556
0.993223529294146,1.03716089498351,0.174986452304425,8.92629481256504e-31,"Ctnnal1",2.70281470098196e-29,0.174986452304425
0.940812923590934,1.26494375724587,-0.174346234668071,1.46736264482524e-30,"Ndfip1",4.42636009852548e-29,0.174346234668071
0.215178576821205,0.320387853216602,0.174061302877491,1.82954497847352e-30,"Phldb2",5.49822805515789e-29,0.174061302877491
0.744536765862343,1.1790121107005,-0.174055744360719,1.83742853742262e-30,"Aopep",5.50131588965639e-29,0.174055744360719
0.311028491067205,0.42593097354676,0.174028153824298,1.87706143472475e-30,"Las1l",5.59908585584811e-29,0.174028153824298
0.152810536411799,0.269616012745349,0.173846069943806,2.16074890121834e-30,"Filip1",6.42142562347256e-29,0.173846069943806
0.222109489382299,0.33173621553496,0.173544406896286,2.72725357352057e-30,"Tmem5",8.07508585753839e-29,0.173544406896286
2.32446333519401,1.45489793063174,0.172480129086369,6.1803959294287e-30,"Rplp2",1.82321679918147e-28,0.172480129086369
2.534860447664,1.44445475401437,0.172359569059644,6.77827174172628e-30,"Rps24",1.99226565771471e-28,0.172359569059644
0.571839637483724,1.1060875026093,0.172135529505592,8.04571849978591e-30,"Gm9843",2.35616223511978e-28,0.172135529505592
0.596224662074391,0.654197844170533,0.171954557658684,9.23901834675825e-30,"Trappc4",2.6957775714323e-28,0.171954557658684
0.920759387468171,1.09499032442165,0.171576908245338,1.23238806519475e-29,"Gas2l3",3.58285573736329e-28,0.171576908245338
0.871406965368369,0.915084037833183,0.171570075272805,1.23882144449178e-29,"Fkbp3",3.58855713740147e-28,0.171570075272805
1.63574911004565,1.17331984403426,0.171333062157145,1.48383303524347e-29,"Tsc22d4",4.28283319237179e-28,0.171333062157145
0.163593403921565,0.207155006680288,0.170969231319997,1.9564897002703e-29,"Coprs",5.62683632794583e-28,0.170969231319997
0.26365674597169,0.411817096383794,-0.170861202342915,2.12365609049948e-29,"Zfpm2",6.08579159648851e-28,0.170861202342915
0.523091174479553,0.684241603738083,-0.170823227142382,2.18572401206931e-29,"Scd1",6.24136991916162e-28,0.170823227142382
0.193618109482518,0.279036217485519,-0.170773285313207,2.27009748360913e-29,"Cd44",6.45931283988641e-28,0.170773285313207
2.12013856803844,1.52117364146225,0.170767761342617,2.27962605212736e-29,"Rps20",6.46350510327559e-28,0.170767761342617
0.209146197257529,0.281369308556468,0.17071762402612,2.3679447802363e-29,"Tnfaip8l1",6.69027778754086e-28,0.17071762402612
0.368356456855965,0.491000811431783,0.170644512290482,2.50285041811725e-29,"Depdc7",7.04662166841152e-28,0.170644512290482
1.06923010192989,1.33314641916192,-0.17031797775024,3.20461646256588e-29,"Tgfbr3",8.99085401945057e-28,0.17031797775024
0.0645812419838452,0.0787586841227291,0.170132015299485,3.68817262462657e-29,"Gm15541",1.03114624181197e-27,0.170132015299485
1.35768300451416,1.46552754744117,0.169198008911955,7.45265691766044e-29,"Rpl31",2.07639302455928e-27,0.169198008911955
0.169365431598533,0.240683974005964,-0.169095047487001,8.0515765683243e-29,"Amph",2.23549655308769e-27,0.169095047487001
0.302006055213391,0.443953517485383,0.168998375622094,8.6572639655263e-29,"Lcorl",2.39537538135804e-27,0.168998375622094
0.319224830276042,0.469729854979216,-0.1686961068048,1.08580355218266e-28,"Prex2",2.99398202842394e-27,0.1686961068048
1.26228739388806,1.04430452416356,0.168653600016193,1.1209080077536e-28,"Rnf7",3.08019378569002e-27,0.168653600016193
1.79852910625104,1.24550658376592,0.16853071922006,1.22884581322427e-28,"Arpc1a",3.36527604276843e-27,0.16853071922006
0.577302793834381,0.643274392286066,0.16850485371369,1.25284677105713e-28,"Timm8b",3.41933418059947e-27,0.16850485371369
2.74970540008657,1.30679767865075,0.168358529798633,1.39764066152189e-28,"Rps9",3.80158259933953e-27,0.168358529798633
0.169081042911718,0.250039295934117,0.168303693193241,1.45607825953291e-28,"Fam212a",3.93963682786179e-27,0.168303693193241
1.73625053021656,1.74193786937316,0.168301729243155,1.45821552576639e-28,"Hspa8",3.93963682786179e-27,0.168301729243155
1.2564526250964,1.4249120160973,-0.168121358404554,1.66836602770307e-28,"Sparcl1",4.49227147862062e-27,0.168121358404554
1.33004851995635,1.29593687313519,0.168002322458059,1.82323495797562e-28,"Eif4a1",4.89285528521617e-27,0.168002322458059
2.24501250723795,1.51480982731318,0.167967590346292,1.87105137016648e-28,"Rps4x",5.00443873140528e-27,0.167967590346292
0.213027107295539,0.308782778104707,-0.167775618854266,2.15866264463873e-28,"Dclk2",5.75452128258511e-27,0.167775618854266
0.452079205855451,0.652723602553507,0.167748458260438,2.20274755461117e-28,"Tubb2b",5.85259813847683e-27,0.167748458260438
0.447198942170666,0.5783160730257,-0.167534046171425,2.58359080488449e-28,"Syt11",6.8418259466644e-27,0.167534046171425
0.192350602411419,0.273192847494358,-0.167184319143732,3.34960750120919e-28,"Kcnn4",8.84120085187584e-27,0.167184319143732
1.68574635533154,1.60679982117356,-0.166967401899958,3.93383381472411e-28,"Ckb",1.03492073866709e-26,0.166967401899958
0.140947528978542,0.189389647567673,-0.166790058969306,4.48569405471955e-28,"Cpne2",1.17624866323757e-26,0.166790058969306
0.0864863820703637,0.116222737135079,0.166730302608531,4.68841880716264e-28,"Dlk1",1.22540301331182e-26,0.166730302608531
0.0603698166442921,0.0641246191033319,0.166219233860578,6.837776837484e-28,"Rpl39-ps",1.78137406960947e-26,0.166219233860578
0.237849112721907,0.318307670335248,-0.166014515242432,7.95090968275563e-28,"Ramp2",2.06466340758677e-26,0.166014515242432
0.155595208235763,0.210499413370463,0.165861583720062,8.8980344612144e-28,"Rab4a",2.30315575860595e-26,0.165861583720062
0.241728770500383,0.333508501552959,-0.165641565361403,1.04599655481958e-27,"Bgn",2.69873837809399e-26,0.165641565361403
0.443090519559535,0.592445824786279,-0.165624689582328,1.05904272855537e-27,"Acyp2",2.72364065831036e-26,0.165624689582328
0.15933398535451,0.238299646409298,0.165373094181982,1.2738040126841e-27,"Rtfdc1",3.26549629321955e-26,0.165373094181982
2.16068434327353,1.44025294575384,0.165220268313427,1.42478646460187e-27,"Pou3f1",3.64091929680427e-26,0.165220268313427
0.058051430569806,0.0756118357818907,-0.165125655894166,1.52701444609486e-27,"Ndnf",3.88976632236989e-26,0.165125655894166
0.40951077929372,0.54704614562733,-0.165085045229549,1.57309401883777e-27,"Col27a1",3.99446405289693e-26,0.165085045229549
0.104515545565542,0.153738208168191,-0.164952107593042,1.73379225534061e-27,"Gm29683",4.38862746272966e-26,0.164952107593042
0.250878606533946,0.421279485670402,-0.164904716444786,1.79493017373072e-27,"Dok6",4.52909424969034e-26,0.164904716444786
0.204747297287002,0.286848527918976,0.164829016968564,1.89705055041661e-27,"Pcolce",4.77176602399462e-26,0.164829016968564
0.290549907384293,0.393053098248434,-0.164615695150511,2.21685743518012e-27,"Cyth3",5.55877001871415e-26,0.164615695150511
0.282289497248841,0.345324945204039,0.164423349873381,2.55073580365213e-27,"Nab2",6.37604488738463e-26,0.164423349873381
0.24611740116124,0.371042529060263,-0.16441777040181,2.56113068417476e-27,"Setbp1",6.38214677323548e-26,0.16441777040181
0.780076332498259,1.0395958168632,-0.164261277227926,2.87042704675381e-27,"H2-D1",7.13074508456735e-26,0.164261277227926
0.463038118621429,0.604012268911005,0.164181305530544,3.04250161982175e-27,"Gnai1",7.53488672760793e-26,0.164181305530544
0.284297522306572,0.522718170604372,-0.164070268824635,3.29849328769301e-27,"Sgcd",8.14372619706114e-26,0.164070268824635
1.81597029277466,1.49790635763717,0.164018729735819,3.42446138783215e-27,"Rps25",8.42879698649238e-26,0.164018729735819
0.17000162435725,0.281640842282092,-0.16347587040322,5.07821750559124e-27,"Ctnnd2",1.2446486337219e-25,0.16347587040322
0.842692981997144,1.36319367383793,-0.163473269631994,5.08779601022908e-27,"Pcdh9",1.2446486337219e-25,0.163473269631994
0.762342049942545,1.1224496630788,-0.163347008415099,5.57499414313273e-27,"Fmnl2",1.35968854117012e-25,0.163347008415099
0.246446523990017,0.303684401486828,0.16332291903761,5.67306774109054e-27,"Sertad1",1.37941501680335e-25,0.16332291903761
1.03835259844003,0.914293718411187,0.163294933054357,5.78915445431332e-27,"Mdh2",1.40338898312417e-25,0.163294933054357
1.56139027053409,1.23387413340683,-0.163240868455331,6.02012452007649e-27,"Cst3",1.45498431171969e-25,0.163240868455331
0.257576408930091,0.381763860506159,-0.16321441647283,6.13643509721394e-27,"Slc43a3",1.47864129789924e-25,0.16321441647283
0.571119777785759,0.770420094591329,-0.1628764570127,7.83381083133802e-27,"Adam23",1.8819909613969e-25,0.1628764570127
0.190381340347037,0.267322883747039,-0.162686774523252,8.98252543599803e-27,"Frmd6",2.15151594323726e-25,0.162686774523252
0.680513874166305,0.781409815591363,0.162367809258105,1.13022446460082e-26,"Ivns1abp",2.69908366189195e-25,0.162367809258105
1.21252489388497,1.18811312745821,-0.162053636002586,1.41655550018129e-26,"Cpe",3.372831256218e-25,0.162053636002586
0.0600327787479098,0.0645060169958268,0.161997378147092,1.47493757747453e-26,"Zfp862-ps",3.50144944427682e-25,0.161997378147092
0.0770250571750109,0.101547511851007,-0.161898351217431,1.58355396119851e-26,"Rapgef5",3.74821149989876e-25,0.161898351217431
2.02010789682492,2.08413086329402,0.161821151490784,1.6736962008673e-26,"Ftl1",3.94992303404682e-25,0.161821151490784
0.131050756542214,0.18439726303814,0.161535827477042,2.0532285769452e-26,"Fam213b",4.82897100147376e-25,0.161535827477042
0.281153836885099,0.387935303033634,-0.16153244110195,2.05821047171489e-26,"Slc31a2",4.82897100147376e-25,0.16153244110195
0.12780010481611,0.167110198945453,-0.161402654883072,2.25844765089201e-26,"Gm2115",5.28331893608091e-25,0.161402654883072
0.0872824284830018,0.118230061316154,0.16135752405609,2.33250616086526e-26,"Lrp4",5.44070623104152e-25,0.16135752405609
0.142484835179433,0.178737369563953,0.161090746461599,2.82209888688472e-26,"Bdh1",6.56362941111971e-25,0.161090746461599
0.150602275905208,0.199205623262233,-0.16107052930763,2.86310600741314e-26,"Atp1b2",6.63975797788528e-25,0.16107052930763
0.752264689037847,0.810894466613122,0.160712101391762,3.6963860104304e-26,"Snrpd1",8.53032517996847e-25,0.160712101391762
0.797724281469822,0.821726377393214,0.160710883273646,3.6995926752605e-26,"Arl1",8.53032517996847e-25,0.160710883273646
0.140196035729056,0.186812256834712,-0.160705498817301,3.71380017467348e-26,"Kctd1",8.53854802337536e-25,0.160705498817301
0.639228331474579,0.89555256372751,0.160687911522709,3.76058402267095e-26,"Ppic",8.62140748511762e-25,0.160687911522709
0.799122142135961,0.868720552275143,0.16032253131721,4.87602572471802e-26,"1810058I24Rik",1.11467892920619e-24,0.16032253131721
0.306484468738916,0.461756533154712,-0.159839536318291,6.86723802130536e-26,"Ptprj",1.56541812167483e-24,0.159839536318291
0.98719302516319,0.933713942619259,0.159806821062703,7.02810863711215e-26,"Cox5a",1.5975508131498e-24,0.159806821062703
0.15300244427931,0.222823044843402,-0.159626418144952,7.98462245221629e-26,"Aldoc",1.80984775583569e-24,0.159626418144952
3.04545999376232,1.52190856431945,0.159396741118392,9.39101520981171e-26,"Rpl41",2.12263397305716e-24,0.159396741118392
0.24152007529837,0.343867033938155,-0.159375771829839,9.5310352626493e-26,"Tom1l2",2.14823109403084e-24,0.159375771829839
0.228443678195779,0.331036399739066,-0.159023627456909,1.22165653898673e-25,"Rxrg",2.74581850667494e-24,0.159023627456909
0.657905084125287,0.750735644367834,0.158932872907731,1.30224790994011e-25,"Cct6a",2.91878134898309e-24,0.158932872907731
0.109173145672466,0.173232404359053,-0.158910091167174,1.32329202795644e-25,"Arhgef3",2.95768669424025e-24,0.158910091167174
0.196693817824657,0.267581730508472,-0.15885402201352,1.37653055077835e-25,"Asap2",3.06813364984596e-24,0.15885402201352
0.79531875469229,0.844114921205387,0.158741840017847,1.48950084670495e-25,"Cct5",3.31073539998905e-24,0.158741840017847
0.207361011256574,0.336743652420844,-0.158665706314477,1.57135392597691e-25,"Cdh10",3.48302317735877e-24,0.158665706314477
3.30792118510009,1.03746264739396,-0.158458211271344,1.81775573662537e-25,"Plp1",4.01809146850742e-24,0.158458211271344
0.330658740785143,0.467019892252493,-0.15818281183179,2.20479241410303e-25,"Pmepa1",4.8602347062535e-24,0.15818281183179
0.288687724543863,0.40080513173213,-0.157807971756687,2.86568001185221e-25,"Iqgap1",6.29978531920607e-24,0.157807971756687
0.192770213912549,0.318416016520357,-0.15770857929059,3.07165161410911e-25,"Npas3",6.73413457694303e-24,0.15770857929059
0.817108893276506,0.852597541942148,0.157595764194841,3.32325243357213e-25,"Tomm20",7.26587943514518e-24,0.157595764194841
0.0738224193116754,0.110714798229392,-0.157355100487522,3.93022938177765e-25,"Itga2",8.56960884765866e-24,0.157355100487522
0.180884079381134,0.225037430057226,0.157234594787527,4.27419769632554e-25,"Nubp1",9.29435293097997e-24,0.157234594787527
0.168589406260909,0.224143863876981,0.157052254748409,4.85213695377517e-25,"Fam103a1",1.05225802478627e-23,0.157052254748409
0.266496455672406,0.401994698273351,-0.156871292163648,5.50212152374731e-25,"Hbegf",1.19000062281802e-23,0.156871292163648
0.149478972261198,0.252010892100064,-0.156663282179263,6.35634328419968e-25,"Crlf1",1.37105641162415e-23,0.156663282179263
0.159749055385615,0.230144354915026,-0.156431835299903,7.46183404277081e-25,"Soga3",1.60519454046094e-23,0.156431835299903
0.135397389130196,0.195420919288038,0.156021684901124,9.90812779675217e-25,"Baz1a",2.12574378184865e-23,0.156021684901124
0.123436395676955,0.161367590388362,-0.15601111696938,9.9806809102211e-25,"Epas1",2.13559956329638e-23,0.15601111696938
0.218632044989888,0.291713382799014,0.155911977101278,1.06874572410297e-24,"Plod2",2.28074885377718e-23,0.155911977101278
1.21633407967453,1.09054713367524,0.155829105819212,1.13161224075593e-24,"Eif3f",2.40850308218186e-23,0.155829105819212
0.0698110795436293,0.100221101460492,-0.15572179621714,1.21848702194152e-24,"Carmil1",2.58654493758168e-23,0.15572179621714
0.452149230257726,0.633786289609525,-0.15562344589527,1.30389363202107e-24,"Tnik",2.76053891908629e-23,0.15562344589527
0.344997184610812,0.481131532046162,-0.155514560360858,1.40537636872761e-24,"Tspan18",2.96756315333431e-23,0.155514560360858
0.0694598018545444,0.0814038435056101,0.155478351706456,1.4408266642396e-24,"Rps4l",3.02660545858526e-23,0.155478351706456
0.10519464288434,0.148798549875685,-0.155478296422173,1.4408814620882e-24,"Sv2c",3.02660545858526e-23,0.155478296422173
0.137169873774409,0.201841516460871,-0.155009155849606,1.98871185364076e-24,"Lrrc8c",4.16642922026461e-23,0.155009155849606
0.26501833462753,0.437608711635533,-0.15495644132823,2.06190782485805e-24,"Ppp2r2b",4.30852822569298e-23,0.15495644132823
0.0548902921635573,0.0584938630979675,0.154929695159514,2.10005971571349e-24,"Rps2-ps10",4.37685172958054e-23,0.154929695159514
0.442718737921778,0.609531977704903,0.154828124084033,2.25142087807034e-24,"Nav1",4.68015573203017e-23,0.154828124084033
0.380598400384472,0.43356792437599,0.154547950687302,2.72724090753826e-24,"Mthfd2l",5.65462042431189e-23,0.154547950687302
0.894698531506666,1.17994916702494,0.15447031868128,2.87586200550717e-24,"Rbm3",5.94740121963648e-23,0.15447031868128
0.24995334271227,0.338248684685256,-0.154300124188887,3.23033378386324e-24,"Fads2",6.6632900467143e-23,0.154300124188887
1.45754986266171,1.15986404508261,0.15419655512882,3.46687136571334e-24,"Eif5a",7.13286559961124e-23,0.15419655512882
0.165114163690641,0.242880785814797,-0.154056722520127,3.81364497854159e-24,"Lncpint",7.8262627385723e-23,0.154056722520127
1.27610958727278,1.10399914186469,0.153997946936484,3.96945940400658e-24,"Psma7",8.12524037187469e-23,0.153997946936484
0.163215384270272,0.238088472064065,-0.153942565887952,4.12203624741026e-24,"Slc4a4",8.41608622117555e-23,0.153942565887952
0.327060241276282,0.418101633667724,0.153434114582481,5.8239351025297e-24,"Nxf1",1.1860724685964e-22,0.153434114582481
0.819302793590557,0.897300010702603,-0.153404196360882,5.94337377316924e-24,"Tmod2",1.20670481206998e-22,0.153404196360882
0.241541348652874,0.316617752550643,-0.153401236058307,5.95532285119284e-24,"Inpp5f",1.20670481206998e-22,0.153401236058307
0.224575586434033,0.258510204021124,0.153215575450719,6.75423963848675e-24,"Bak1",1.36513901408609e-22,0.153215575450719
0.145871366664244,0.184284233323994,0.153004903352024,7.78986968668287e-24,"Tmem189",1.57050036095335e-22,0.153004903352024
0.896957228009777,0.918291295693588,0.152970765877148,7.97188391630752e-24,"Eif2s2",1.60316783319427e-22,0.152970765877148
2.40227965377674,1.4632098422658,0.152759560796034,9.1953686580719e-24,"Rpl37",1.84459095280922e-22,0.152759560796034
0.179867652711203,0.261439283283912,0.152711955224055,9.49584467426178e-24,"Sssca1",1.89617013860122e-22,0.152711955224055
0.289622011318251,0.460941345188862,-0.152711345471058,9.49975567943285e-24,"Cdh20",1.89617013860122e-22,0.152711345471058
0.580750015731818,0.654064307923329,0.152677580728538,9.71883292332006e-24,"Tcp1",1.93508474880199e-22,0.152677580728538
1.94568780920971,1.459772121111,0.152606605641928,1.01957827742101e-23,"Rpl34",2.02502378664015e-22,0.152606605641928
0.547485044624558,0.781459280194639,-0.152560235090275,1.05198318882632e-23,"Atp5mpl",2.08422545855368e-22,0.152560235090275
0.250792724931762,0.353030782712832,0.152424654013513,1.15269531573729e-23,"1110008F13Rik",2.27813478164434e-22,0.152424654013513
0.652996911978629,0.757405309382025,-0.152394135442811,1.17664937466412e-23,"Cyp2j9",2.31976279663512e-22,0.152394135442811
0.379742861294952,0.501095714320242,-0.15220190903279,1.33926930197398e-23,"Me1",2.63389629388215e-22,0.15220190903279
0.121969435720615,0.171899235149306,-0.152105385635736,1.42912688889482e-23,"Gsap",2.80374429254085e-22,0.152105385635736
0.451799494600939,0.683962602500381,0.151916007652424,1.623121830115e-23,"Sept2",3.17656818654702e-22,0.151916007652424
0.749816235745809,0.892379512631684,-0.151848118009078,1.69883495335595e-23,"Fbln2",3.31665490650321e-22,0.151848118009078
2.06527404344061,1.7851486593673,0.151826809278062,1.72331243085956e-23,"Rps16",3.35627644301385e-22,0.151826809278062
0.069737503151861,0.0959871788551957,-0.151791697378175,1.76440950527805e-23,"Nhsl1",3.4279956102545e-22,0.151791697378175
0.918148860854338,0.909521838773568,0.151768796805463,1.79173491697206e-23,"Sub1",3.4726765637159e-22,0.151768796805463
0.56871289795689,0.687108819003673,0.151684636031102,1.89580433055813e-23,"Gng2",3.66552625262613e-22,0.151684636031102
0.230228441082659,0.334629532957055,-0.151613872015015,1.9879221804413e-23,"Atp1b1",3.83439605188966e-22,0.151613872015015
0.284384086612667,0.406812694832319,0.151440129848743,2.23331344844861e-23,"1810022K09Rik",4.29738779624739e-22,0.151440129848743
0.77450024934337,1.10931889153977,-0.151305788003926,2.44340594605362e-23,"Ank3",4.69040414141968e-22,0.151305788003926
2.32000249546465,1.37965192090185,0.151296502094402,2.45863027482877e-23,"Rps15",4.70836499408736e-22,0.151296502094402
1.34207021057945,1.31557245856348,-0.151192229063468,2.63616951311751e-23,"Sorbs1",5.03633908887021e-22,0.151192229063468
0.541889991546789,0.729391065744766,-0.151182263546114,2.6537873653144e-23,"Tagln2",5.05795482643296e-22,0.151182263546114
0.848923956409648,1.04402794709941,-0.151110033691013,2.78501243649074e-23,"Gpr37l1",5.29548336265443e-22,0.151110033691013
0.343065947389543,0.473499866738429,0.150838440946869,3.33849667374478e-23,"6330403K07Rik",6.33288352485298e-22,0.150838440946869
0.73383294238572,0.86360991171024,-0.150764705889548,3.50670045889937e-23,"Add3",6.63352890735957e-22,0.150764705889548
0.439340061475904,0.697294553626657,-0.150761790069416,3.51352166703367e-23,"Pard3b",6.63352890735957e-22,0.150761790069416
0.167221046561622,0.253878534548583,-0.150670898054396,3.73286562058231e-23,"Cp",7.03110651163204e-22,0.150670898054396
0.197076292227111,0.274414138776739,-0.150666427844763,3.7439961776347e-23,"Sh3pxd2b",7.03555628321798e-22,0.150666427844763
1.34797280786408,1.42843960723364,0.150387034631953,4.50893266070897e-23,"Tmsb10",8.4531952498899e-22,0.150387034631953
0.396893996048665,0.537978011326707,-0.149735872280369,6.94461234477196e-23,"Atp5md",1.29891770290094e-21,0.149735872280369
0.162515515214796,0.22759247543089,-0.149517391577633,8.02410454662173e-23,"Itga1",1.49733522981611e-21,0.149517391577633
0.331124476069534,0.421855194625046,0.149449765569886,8.39073491929419e-23,"Mapk8ip1",1.56211733161059e-21,0.149449765569886
0.422080074609585,0.53440868544483,0.149426506401596,8.52062591105605e-23,"Mrps6",1.5826273682943e-21,0.149426506401596
0.85273956662241,0.933981939769546,0.149412476089895,8.599938392979e-23,"Pdap1",1.59366987679592e-21,0.149412476089895
1.35299887894282,1.18131979189795,0.149408305648403,8.62365418440927e-23,"Rpl22l1",1.59438251556912e-21,0.149408305648403
1.55035170187546,1.38734028313108,0.149306829448735,9.22108363747628e-23,"Itih5",1.69945657877955e-21,0.149306829448735
0.373390499631954,0.489556533001218,-0.149304653101916,9.23433534830362e-23,"Rnasek",1.69945657877955e-21,0.149304653101916
1.6510900968608,1.94671335233203,0.149025826470299,1.10976887062965e-22,"Rps6",2.03770833362296e-21,0.149025826470299
0.318935902254646,0.452148558793145,-0.148926696962741,1.18461173815912e-22,"Trio",2.17016543081935e-21,0.148926696962741
0.804732541571861,0.936657320545713,0.148066132189997,2.08362554956258e-22,"Hnrnpa1",3.80843084503193e-21,0.148066132189997
0.52290838301294,0.749430011691707,-0.148044496184315,2.11332714521842e-22,"Mcam",3.85394023028013e-21,0.148044496184315
2.95767286446266,1.51829301285263,0.147892670223909,2.33386902913187e-22,"Eef1a1",4.24647734461545e-21,0.147892670223909
0.0826711059435079,0.118680867776715,-0.147786937093137,2.50075864679926e-22,"Runx2",4.53983877418942e-21,0.147786937093137
0.238775174808884,0.395139863276472,-0.147712744004542,2.62486156363688e-22,"Entpd2",4.7543767915626e-21,0.147712744004542
0.278471480394363,0.37600000833965,0.147519359809281,2.97770917652715e-22,"Grasp",5.3813374847869e-21,0.147519359809281
0.189617271486355,0.267802931149294,-0.147271794760743,3.49862646375316e-22,"Casp12",6.30853454947311e-21,0.147271794760743
0.208770672312044,0.300110736530157,0.147025444803194,4.10629090174694e-22,"Dusp4",7.38764085103531e-21,0.147025444803194
0.315553816803602,0.418262464847008,-0.146978446952043,4.23355402164678e-22,"Snx1",7.58759499759495e-21,0.146978446952043
0.402855800501955,0.525062108553643,-0.146977432291381,4.23634416615471e-22,"Sh3pxd2a",7.58759499759495e-21,0.146977432291381
0.27097964900021,0.361020861826319,-0.146899411403628,4.4564261211787e-22,"I730030J21Rik",7.96400071187926e-21,0.146899411403628
1.64869172300787,2.21381529962162,0.146773916062691,4.83438242769111e-22,"Fos",8.62024102217633e-21,0.146773916062691
0.253786375861772,0.358732882374827,0.146635084393021,5.2895210626631e-22,"Sfrp5",9.41089068887111e-21,0.146635084393021
1.94647640839925,1.55147591683493,0.14654209020329,5.61783772689577e-22,"Rpsa",9.97290484969285e-21,0.14654209020329
0.182150873245616,0.266283576169605,0.146509452619867,5.73777960733594e-22,"Fam96a",1.01633429512723e-20,0.146509452619867
0.141913807601065,0.18682758564927,-0.146449349235044,5.9653222490541e-22,"Dennd1b",1.05431157987688e-20,0.146449349235044
1.75731124631204,1.22570632925362,0.146130943178432,7.32812749395916e-22,"Naca",1.29232736289073e-20,0.146130943178432
0.258480998272277,0.385204522567658,-0.146071259799045,7.615891091258e-22,"Mertk",1.34012960781259e-20,0.146071259799045
0.299310054361959,0.446570192039558,-0.146064145336742,7.65093052920397e-22,"2610035D17Rik",1.34334937781909e-20,0.146064145336742
1.31857483955756,1.04290388459899,0.14582907926587,8.90278638861108e-22,"Taldo1",1.5597370738475e-20,0.14582907926587
0.219191556666359,0.315095720656812,-0.145654201719375,9.96360011260706e-22,"Akap13",1.74178490857427e-20,0.145654201719375
2.31458234417331,1.6173357831075,0.145501392058009,1.09922861401939e-21,"Rpl37a",1.9174370432373e-20,0.145501392058009
0.188136387302044,0.263726642390901,0.145397327742144,1.17522637369836e-21,"Tnfaip6",2.04555670771272e-20,0.145397327742144
0.139005558332897,0.197977731414501,-0.145350269664055,1.21127725384042e-21,"Tle4",2.10374213957046e-20,0.145350269664055
0.591643622492532,0.715405002862152,0.145089040334212,1.43221360263185e-21,"Mgll",2.48209113337321e-20,0.145089040334212
0.652188497491946,0.827118504652584,-0.145058808565661,1.4602260047015e-21,"Ifi27",2.52518393571656e-20,0.145058808565661
0.305544815267022,0.383117263303642,0.144793471450306,1.73051697411233e-21,"Tmem38b",2.97984509711413e-20,0.144793471450306
0.151372886310481,0.196337029493255,-0.144793425281059,1.73056806487436e-21,"Pcdh10",2.97984509711413e-20,0.144793425281059
0.0676197421902828,0.103372148233692,-0.144733184030721,1.79851775097575e-21,"Slc24a2",3.09021551045598e-20,0.144733184030721
0.102799193721902,0.1463903294765,-0.144619188001683,1.93440043476751e-21,"Phka1",3.31658741208858e-20,0.144619188001683
2.074541432778,1.55426379979563,0.144568035517495,1.99862774664952e-21,"Rpl7",3.4194006479991e-20,0.144568035517495
1.22848072212722,1.32042355613384,0.144545612523284,2.02744278851281e-21,"Ncl",3.46131934787805e-20,0.144545612523284
0.206035362155728,0.27790173661148,-0.144461123194626,2.13975537776657e-21,"Gabbr1",3.64530725078534e-20,0.144461123194626
0.433823207297907,0.507043961790466,0.144434682361032,2.17615142554466e-21,"Adrm1",3.69945742342592e-20,0.144434682361032
0.444988782454342,0.511438404716254,0.144400185397289,2.2245586138259e-21,"Pex2",3.77375440112876e-20,0.144400185397289
0.893338088781477,1.01055535892155,0.144150888408446,2.6074933051531e-21,"Fyn",4.41403508028449e-20,0.144150888408446
0.721705696436596,0.87674833725184,-0.143862531996809,3.13226370799435e-21,"Mboat2",5.27519182421793e-20,0.143862531996809
1.43723824211788,1.27806125238911,0.143860758118928,3.13579530044702e-21,"Serbp1",5.27519182421793e-20,0.143860758118928
0.390373948903005,0.494163678224811,-0.143860692834696,3.13592534914251e-21,"Ninj1",5.27519182421793e-20,0.143860692834696
0.372631130104921,0.504923787505208,-0.143828846052835,3.20000542102324e-21,"Tafa5",5.37172458123232e-20,0.143828846052835
0.0713118878382919,0.116810270223841,0.143411285158036,4.17015373015054e-21,"Tmem2",6.98566044482838e-20,0.143411285158036
0.420836368778022,0.591476812984702,0.143243694459722,4.63673875410427e-21,"Ddah1",7.75108161727763e-20,0.143243694459722
1.77470843641412,1.3432360647811,0.143080488360651,5.14061779073498e-21,"Eef2",8.57553371161278e-20,0.143080488360651
0.30246526813668,0.451317500657404,-0.142991308410261,5.43844354468959e-21,"Phlpp1",9.05354170178201e-20,0.142991308410261
1.09875702607572,0.982541533699469,0.142923087851772,5.6777323764404e-21,"Hspe1",9.43232393137841e-20,0.142923087851772
0.166353691087623,0.22002690226735,0.142804342973654,6.11931748033836e-21,"Cdc42ep1",1.01449180707097e-19,0.142804342973654
0.389937928649834,0.557749258526117,-0.142506611756975,7.3814209048498e-21,"Pcdh7",1.22120662557763e-19,0.142506611756975
0.164938004602917,0.234950654581786,-0.142436025312331,7.71652424559451e-21,"Prkn",1.27402038161832e-19,0.142436025312331
0.380468034686426,0.589160174970387,-0.142171777176827,9.11000512598369e-21,"S1pr3",1.50099961254401e-19,0.142171777176827
0.099915257211271,0.146597722314892,-0.142140678018657,9.28954992327425e-21,"Trps1",1.52744566771214e-19,0.142140678018657
0.148985995926846,0.193730958814627,0.141949758139994,1.04710039267605e-20,"Traf4",1.71818682021118e-19,0.141949758139994
0.483967224564196,0.714118941766639,-0.141858993996351,1.10836129587225e-20,"Gphn",1.81499817103652e-19,0.141858993996351
0.384596466103539,0.519930158764632,-0.141816671841246,1.13812481365359e-20,"Plaat3",1.85994165066322e-19,0.141816671841246
1.88923669656467,1.15677419282515,0.141677605017357,1.24159881149625e-20,"Cox8a",2.02491643565973e-19,0.141677605017357
0.373085083666793,0.524988276462809,-0.141643518495127,1.26834830403422e-20,"Gm10863",2.06434620518673e-19,0.141643518495127
0.796478373546574,0.947741027514811,-0.141588383247069,1.31282670339716e-20,"Cd59a",2.13241325264348e-19,0.141588383247069
0.469914504767337,0.652399341504674,-0.141542692116108,1.35085195084433e-20,"Ddit4",2.18974465728785e-19,0.141542692116108
0.228299484530079,0.366810113424448,-0.1414739342837,1.41013474487163e-20,"Olfml2b",2.28123411146168e-19,0.1414739342837
0.107447555053471,0.157315590001494,-0.141437040964666,1.44299674879943e-20,"Cdh2",2.3296993787458e-19,0.141437040964666
0.480317196557005,0.596342827414306,0.14136084361197,1.51328300506946e-20,"Sec13",2.43826964511593e-19,0.14136084361197
0.308188663803818,0.411097457195088,0.141307268552815,1.56471752817149e-20,"Pdgfa",2.51609087095152e-19,0.141307268552815
0.064248635754603,0.0908423274444749,-0.141268696505098,1.60281466652398e-20,"Map2",2.57219697683768e-19,0.141268696505098
0.252292733813853,0.353127411733768,-0.141258081938142,1.61345845355019e-20,"Egr3",2.58410990644445e-19,0.141258081938142
0.168903474423878,0.221016841417272,0.141215809304828,1.65654504436995e-20,"1110012L19Rik",2.64783215857061e-19,0.141215809304828
0.101881127423083,0.1399926079588,0.141157753259031,1.71757788667288e-20,"Rimklb",2.73992941603642e-19,0.141157753259031
0.19344380260619,0.265333287274008,0.14101225068917,1.88047950544809e-20,"Trib2",2.99384276819751e-19,0.14101225068917
0.244791094116735,0.335549142225997,-0.14098834325725,1.90866882327365e-20,"Crppa",3.03270468078173e-19,0.14098834325725
0.335505211846268,0.420419988631503,0.140968663046997,1.93218690983013e-20,"Pfdn4",3.06400548705078e-19,0.140968663046997
0.290515793986719,0.398048989286596,-0.140912121466813,2.00136007171051e-20,"Numb",3.16743850402468e-19,0.140912121466813
1.21137510442383,1.00723704940226,0.140860514150371,2.06663017952679e-20,"Cox5b",3.26429932293759e-19,0.140860514150371
0.455419933306978,0.642154692089224,-0.14072680387833,2.24568886263399e-20,"Dock1",3.54015863139001e-19,0.14072680387833
0.232797622375019,0.356154848215682,-0.140580316761075,2.45948779524082e-20,"Cnksr2",3.86959413117888e-19,0.140580316761075
0.224982134493212,0.309389575828484,-0.140561023056457,2.48910615282652e-20,"Rgl1",3.90852989633659e-19,0.140561023056457
0.693351527926206,0.760009208451244,0.140393682727934,2.76123458013708e-20,"Cct2",4.32737231855858e-19,0.140393682727934
0.727373615412258,0.782116136040432,0.140333571339832,2.86600019520868e-20,"Cfl2",4.48280420396773e-19,0.140333571339832
2.08434948033721,1.7104309209686,0.140189164857946,3.13400609677779e-20,"Rpl26",4.89246399232392e-19,0.140189164857946
0.151931184139146,0.196599439604469,0.140032527958399,3.45275381759979e-20,"Mllt11",5.37959157911082e-19,0.140032527958399
0.067616207252065,0.0966569725556697,-0.140028783989215,3.46075212255309e-20,"Hmcn1",5.38160368824922e-19,0.140028783989215
0.360850001044651,0.509350124979058,-0.139951119794583,3.63085886138214e-20,"Matn4",5.63520531987046e-19,0.139951119794583
0.130458124727392,0.188480418884864,-0.139928673159399,3.68154456793574e-20,"Lbh",5.70284046585259e-19,0.139928673159399
1.95991029260742,2.13232683074543,0.139713931959556,4.20318832757099e-20,"Rps18",6.49833971877257e-19,0.139713931959556
0.806471432267996,0.815502576663207,0.139567062310302,4.60136702313687e-20,"Prmt1",7.10026326800966e-19,0.139567062310302
0.298828228085607,0.363972907503452,0.139535538300374,4.69157263725689e-20,"Dctpp1",7.22556215764861e-19,0.139535538300374
0.13978941991575,0.199907328778892,-0.139511489411317,4.76156128062473e-20,"Axl",7.31930416010207e-19,0.139511489411317
0.264426447885183,0.3971188701839,0.139403815482525,5.08778476156217e-20,"Ccnd2",7.80580973743306e-19,0.139403815482525
0.175069259220959,0.27704585749042,-0.13925281201986,5.58278937098875e-20,"Iqgap2",8.54891257878125e-19,0.13925281201986
0.491383195609793,0.710364871768385,-0.139224445026285,5.68095219070015e-20,"Exoc4",8.68265911965295e-19,0.139224445026285
0.112719710333907,0.199533511059542,-0.139161859477915,5.90359958009583e-20,"Naaladl2",9.0057952529827e-19,0.139161859477915
0.0942034413886182,0.145202902414631,-0.139072183868219,6.23772298464987e-20,"Cpne8",9.4974362863056e-19,0.139072183868219
0.144310006088317,0.192965906837562,-0.13903837090369,6.36850044563525e-20,"Htra1",9.67819082874569e-19,0.13903837090369
0.322951036184239,0.486832282127363,-0.139021389288586,6.43519802812866e-20,"Akt3",9.76106407896113e-19,0.139021389288586
0.841737863079276,0.962084140669682,0.138879241059985,7.02126102043721e-20,"Hspg2",1.06115549297417e-18,0.138879241059985
0.726343209569303,0.741967969106573,0.138878987414644,7.02235252703492e-20,"Cct7",1.06115549297417e-18,0.138878987414644
0.122587037966855,0.205980245174158,0.138770626210424,7.50433235232789e-20,"Tiam1",1.13185644351652e-18,0.138770626210424
0.158290755173426,0.209512056533557,-0.13871622012493,7.75850673506013e-20,"Lrrc8b",1.16799733662519e-18,0.13871622012493
0.606393188606799,0.698573463686163,-0.138628340417249,8.18714302399997e-20,"Rhoc",1.23021789559131e-18,0.138628340417249
0.191400447398535,0.255735021839375,-0.138545677335051,8.61165366697887e-20,"St3gal4",1.29158708455773e-18,0.138545677335051
0.219284073341168,0.309283104242247,-0.138492039000559,8.89866876783286e-20,"Daam2",1.33214399613976e-18,0.138492039000559
0.123961857361606,0.168633924463038,-0.138304762573384,9.97686987852977e-20,"F3",1.49077102244549e-18,0.138304762573384
0.252849674763776,0.336871854701027,-0.138289008366918,1.00732476039515e-19,"Ctns",1.50237432665626e-18,0.138289008366918
0.368069967720365,0.510050511489367,-0.138057298579597,1.16017029171026e-19,"Zfp36l1",1.72712549548851e-18,0.138057298579597
1.78326571267156,1.64451332727501,0.138049768789873,1.16550389318282e-19,"Rpl36",1.73185245164796e-18,0.138049768789873
0.0525311236773637,0.0567320121877793,0.137980789540227,1.21550539611738e-19,"Rpl27-ps3",1.80281243963878e-18,0.137980789540227
0.254051056212526,0.364297961026546,-0.13796050963048,1.23060484961062e-19,"Abca1",1.8218400947003e-18,0.13796050963048
0.401907205077073,0.56688657251151,-0.137482385142688,1.64549419326948e-19,"Lpp",2.43157373974113e-18,0.137482385142688
0.517510971924557,0.662484343925565,-0.137315175198494,1.82103516829093e-19,"Sox2",2.68602687322913e-18,0.137315175198494
0.204341718544929,0.323822762876484,-0.137164893001484,1.99451488555251e-19,"Gpc6",2.93651145718777e-18,0.137164893001484
0.106123989797501,0.171376693114837,-0.137017374861906,2.18065351427329e-19,"Nckap5",3.20468201438258e-18,0.137017374861906
0.264735496051672,0.40632377577031,-0.137006820345344,2.19461051309212e-19,"Igf1r",3.21929703053952e-18,0.137006820345344
0.231742272719594,0.330568593660245,0.136942379724232,2.28175924418582e-19,"Mest",3.34102849915092e-18,0.136942379724232
0.26742788030555,0.424340382422659,0.136918093140952,2.31548359500719e-19,"Coro1b",3.38423321791214e-18,0.136918093140952
0.807885847548488,1.21894333129499,-0.136852938024774,2.40840935514191e-19,"Mir99ahg",3.51365030284703e-18,0.136852938024774
0.829707586626295,1.43382157060414,-0.136793572914023,2.49627909712433e-19,"Pde10a",3.63523475051282e-18,0.136793572914023
1.70938728518374,1.75639848144061,0.136741846739166,2.57541847991626e-19,"Rps13",3.74368802225508e-18,0.136741846739166
0.713906494622111,0.743754407691284,0.136687204739407,2.66171105405329e-19,"Cyc1",3.86212829976919e-18,0.136687204739407
0.0977106316090069,0.112769710388547,-0.136488048812313,3.00109214103523e-19,"Tasor",4.34670818405536e-18,0.136488048812313
0.0754192801682436,0.0886666383326314,-0.136390718477914,3.18216212946833e-19,"Itprid2",4.6006610679016e-18,0.136390718477914
0.0918740750786092,0.121740121214498,-0.136144121692374,3.69064602886771e-19,"Ptgfrn",5.32621290209253e-18,0.136144121692374
0.163715098583799,0.244854503825817,-0.136112435243915,3.76154573450274e-19,"Arhgef10l",5.4187868893447e-18,0.136112435243915
1.13035273850982,0.986640239965562,0.136073535290069,3.85042743646732e-19,"Ndufv2",5.53688705200964e-18,0.136073535290069
0.413716130354215,0.658447461537521,-0.135787770445111,4.57012271820557e-19,"Ptprt",6.56004735078381e-18,0.135787770445111
0.0836743021654564,0.112633266610031,-0.135731454667961,4.72688369851621e-19,"Trim9",6.77294907087394e-18,0.135731454667961
0.0583890692864475,0.0736976700214996,-0.135571211579355,5.20257704540302e-19,"Gm48742",7.44126171342492e-18,0.135571211579355
1.36678817734807,1.38489055411142,0.135558784524036,5.24138367436584e-19,"Rpl7a",7.48342750945044e-18,0.135558784524036
0.18829406921526,0.235937018811415,0.135430537424147,5.65894534776632e-19,"Rab20",8.06525354715399e-18,0.135430537424147
0.480109500296521,0.680813194434244,-0.13539451300236,5.78203532272866e-19,"Zeb1",8.22607294850617e-18,0.13539451300236
0.272623041260989,0.365241166491618,-0.135230723660774,6.37585204801327e-19,"Rasa2",9.05483837756787e-18,0.135230723660774
0.152578415466671,0.252989315056805,-0.135222666745298,6.40656742860657e-19,"Gria4",9.08238463730373e-18,0.135222666745298
0.350024548576022,0.433381360485912,0.135218764045314,6.42149817602521e-19,"Apex1",9.08749583146848e-18,0.135218764045314
0.231260652047384,0.371029355126359,-0.135208937252047,6.45924536165732e-19,"Nr6a1",9.12482126442576e-18,0.135208937252047
0.142609952624611,0.203876982677827,-0.135082506411911,6.96488968619662e-19,"Ptpn4",9.8218409212727e-18,0.135082506411911
0.437556595487244,0.652261230555426,-0.134874102370733,7.88499717079194e-19,"Bcas3",1.10998626839359e-17,0.134874102370733
0.587408244085164,0.745889807095552,-0.134498697026256,9.8550305759234e-19,"Clic4",1.38488205501242e-17,0.134498697026256
1.69616130190306,1.45846574342348,0.134471611213977,1.0014647699376e-18,"Rps7",1.4048519779684e-17,0.134471611213977
0.112488283321317,0.162108153945038,-0.134435772352642,1.02297754826362e-18,"C130071C03Rik",1.43252562779534e-17,0.134435772352642
0.256695995281088,0.36120080144867,-0.13438191826717,1.05616489757998e-18,"Kat2b",1.47642284637313e-17,0.13438191826717
1.95450490504511,2.11940378456465,0.134308658689595,1.10302306109768e-18,"Rps23",1.53924470299962e-17,0.134308658689595
1.29938995105743,1.01730239208114,0.134141712289695,1.2176101309371e-18,"Mrfap1",1.69619855740265e-17,0.134141712289695
2.14117166238927,1.34537699447456,0.134061259853429,1.2769506615149e-18,"Prdx1",1.77578026135105e-17,0.134061259853429
0.294630307451624,0.381130168857961,0.133991415969932,1.3307754521906e-18,"Knop1",1.84742945127636e-17,0.133991415969932
0.266969876562377,0.395438317287752,-0.13383140252717,1.46267745047357e-18,"Sik3",2.02703348231432e-17,0.13383140252717
2.22735219357564,1.42445679433128,0.133826271900953,1.46711366202147e-18,"Rps10",2.02967586621729e-17,0.133826271900953
0.152371950108648,0.221708255981973,-0.133802354683678,1.48796966210007e-18,"Cspg4",2.05498598428415e-17,0.133802354683678
0.385465093905504,0.653067472026289,-0.13375744741747,1.52792289244166e-18,"Wwox",2.1065383657993e-17,0.13375744741747
0.409308882146846,0.555055375717662,-0.133663652696519,1.61481756878354e-18,"Ndufb1-ps",2.22252078420568e-17,0.133663652696519
0.0579201791598908,0.0755030840975464,-0.133608012541077,1.66865119819694e-18,"Arap2",2.29268102985141e-17,0.133608012541077
1.73348842269868,1.9231984545195,0.13360059426879,1.67596116737337e-18,"Rpl17",2.29878844564169e-17,0.13360059426879
0.249980149249519,0.372969523971252,-0.133512944886234,1.76476125103868e-18,"Col16a1",2.41645806797515e-17,0.133512944886234
0.0660596374097922,0.0913890651607103,0.133501602658114,1.77658659622431e-18,"Gpr37",2.42850610700236e-17,0.133501602658114
0.333204813438203,0.436311764016274,-0.13341444190332,1.8701081096209e-18,"Mgst1",2.54818738773628e-17,0.13341444190332
0.26025620844989,0.323808673812686,0.13341409352906,1.87049148975158e-18,"Eef1e1",2.54818738773628e-17,0.13341409352906
1.49290204715888,1.74582787178755,-0.133344940010908,1.94815038482528e-18,"Dmd",2.64948452336239e-17,0.133344940010908
0.232381849375428,0.312049798351556,-0.133305022855483,1.9944169220933e-18,"Lrrc8d",2.70781749287253e-17,0.133305022855483
0.825316478989666,1.09099547404681,0.13328866759572,2.01368544519344e-18,"Itga6",2.72936013720138e-17,0.13328866759572
1.5568155185691,1.63079673780912,0.133126088619973,2.21549964165086e-18,"Rpl10a",2.99783627733668e-17,0.133126088619973
2.30246771411145,1.67790099526125,0.133057734102037,2.30619603959366e-18,"Rps26",3.11530589590901e-17,0.133057734102037
0.152071643405564,0.277863591928584,-0.133045331550115,2.3230408068572e-18,"Ifi27l2a",3.13278645953314e-17,0.133045331550115
0.492350077452224,0.560715502369123,-0.133018376392145,2.36007038961568e-18,"Oat",3.17738335675776e-17,0.133018376392145
0.121695352896899,0.157331782603778,-0.132967357654845,2.43175921568478e-18,"Col6a3",3.26841473143295e-17,0.132967357654845
0.82774018540526,0.907996433198024,0.132901835113204,2.52698831791972e-18,"Cdk4",3.39072813762339e-17,0.132901835113204
0.381547326355726,0.572611911498383,-0.132893884112857,2.53879169554439e-18,"Col5a3",3.40087889232858e-17,0.132893884112857
0.269642723308842,0.325145149074716,0.132815494967493,2.65811375614701e-18,"Npepl1",3.55478412988727e-17,0.132815494967493
0.142890314851259,0.197080180189957,0.132731663243776,2.79184807023046e-18,"Ptpdc1",3.72239742149923e-17,0.132731663243776
0.221074302712243,0.335300402631419,0.132731126183911,2.79272588203207e-18,"1500011K16Rik",3.72239742149923e-17,0.132731126183911
0.108409202716987,0.153902229512842,-0.132707593607108,2.83145797752009e-18,"Srgap3",3.76776431370169e-17,0.132707593607108
0.144450830831929,0.215037659253341,0.132701118924356,2.84220729562804e-18,"Tmem55a",3.7758065132648e-17,0.132701118924356
0.685954917440725,0.989719515951974,-0.132610316676716,2.99726978199289e-18,"Atp6v0c",3.97522193896049e-17,0.132610316676716
0.310321987439117,0.434374529730398,-0.132599614556616,3.01608701154892e-18,"Lhfpl2",3.99357791760206e-17,0.132599614556616
0.301006246086604,0.386836133988707,-0.1325507218476,3.10354745299921e-18,"Micos13",4.10261363473898e-17,0.1325507218476
2.00970367973057,1.85683828292007,0.132454953418961,3.28217616327157e-18,"Rpl19",4.33160880494918e-17,0.132454953418961
0.146598595804419,0.238750888002837,0.132446554468276,3.29831759935167e-18,"Ogn",4.34576361530342e-17,0.132446554468276
0.355472659660951,0.488454585908427,0.132435619789748,3.31944974187105e-18,"Tubb2a",4.36643684078252e-17,0.132435619789748
0.185047749174364,0.27944494522277,-0.132426367353016,3.33743514409868e-18,"Agmo",4.38290991755284e-17,0.132426367353016
0.164722938640463,0.228277546584132,-0.132412932291467,3.36372230583001e-18,"Plat",4.41021368986602e-17,0.132412932291467
0.118216295539073,0.15131408609344,-0.132214482577983,3.77666777248038e-18,"Dbndd2",4.94355337787643e-17,0.132214482577983
2.89650903196666,1.24043769987519,-0.13221042985916,3.78560221910925e-18,"Fth1",4.94717788373495e-17,0.13221042985916
0.175840491708236,0.196528350102934,0.132122510544379,3.98464228876566e-18,"Tdg",5.1988243455375e-17,0.132122510544379
0.15040958296386,0.186467371771956,-0.131836191342076,4.70716612367416e-18,"Ciao2a",6.13154236629245e-17,0.131836191342076
0.49313302333464,0.655757482918856,-0.131765824357975,4.90367006006829e-18,"Zfp536",6.37715535850696e-17,0.131765824357975
0.227374412941746,0.402243854925095,-0.131749182967104,4.9513130464963e-18,"Lrmda",6.42869512703662e-17,0.131749182967104
0.206231963646004,0.282001630428188,-0.13171458177864,5.05184054589117e-18,"Zfp462",6.54862173509382e-17,0.13171458177864
0.715267032269507,0.749980169317143,0.131607583741495,5.37562091469891e-18,"Pgls",6.95709390637807e-17,0.131607583741495
0.146767868873127,0.188673647349225,0.131604708449666,5.3845984194618e-18,"Snn",6.957490775807e-17,0.131604708449666
0.54580121959067,0.761574750898876,-0.131505818221747,5.70253210455592e-18,"Tcf12",7.35644977603805e-17,0.131505818221747
0.0777122694668317,0.115707716302219,-0.13142281099872,5.98364737712621e-18,"Parp3",7.70670731204826e-17,0.13142281099872
0.700499628718519,0.806831374971553,0.131356743166223,6.21713058330622e-18,"Marcksl1",7.994592275713e-17,0.131356743166223
0.810520394207029,0.997546119191077,0.131330783047849,6.31131371522691e-18,"Hnrnpab",8.10271700015691e-17,0.131330783047849
0.990894573031178,0.913194599520951,0.131248871720423,6.61781279331343e-18,"Ran",8.48264055168482e-17,0.131248871720423
0.111379111651408,0.153861369883472,-0.13118862082691,6.8525922617737e-18,"Pag1",8.76956942718854e-17,0.13118862082691
0.102641250176115,0.166191942873933,-0.131071715841555,7.33182114317467e-18,"Gab2",9.36791924408177e-17,0.131071715841555
0.135551251853638,0.181532639698398,-0.131043408813014,7.45274564146796e-18,"Hey2",9.50728633181859e-17,0.131043408813014
0.253553337062113,0.290463971393982,0.130902809788436,8.08314908319972e-18,"Ap3s1",1.0295109245015e-16,0.130902809788436
0.489277334468416,0.790302454550687,0.130889186368798,8.14695863229229e-18,"Nrep",1.03599359850259e-16,0.130889186368798
0.649194767480681,0.69710556900438,0.130875591528046,8.2111296976656e-18,"Ndufa10",1.04250165655172e-16,0.130875591528046
0.668576491906974,0.731150037952747,0.130774791443779,8.70274440222536e-18,"Cct3",1.10317252896455e-16,0.130774791443779
0.20546472449561,0.287780253681813,-0.130713627302885,9.01508924961298e-18,"Kirrel",1.14096334603935e-16,0.130713627302885
0.317667685357113,0.649834002322538,0.130630161322701,9.45923315513203e-18,"Gm10275",1.19528955648471e-16,0.130630161322701
0.207575736189083,0.27820494999882,-0.130621038718582,9.50906653404483e-18,"Dennd2a",1.19969732498704e-16,0.130621038718582
0.294544213894172,0.430447354717681,-0.130612578057852,9.55551542152013e-18,"Jmjd1c",1.20366492531048e-16,0.130612578057852
0.440334054272874,0.546922603779865,-0.130603518854759,9.60549846719884e-18,"Zfp638",1.20806457211291e-16,0.130603518854759
0.178331589143141,0.248289868264416,-0.130596792705382,9.64277594366141e-18,"Vldlr",1.21085499486603e-16,0.130596792705382
0.557207385323405,0.774002444565337,-0.13058326872013,9.71816071512201e-18,"Ppp1r9a",1.21841439965842e-16,0.13058326872013
0.0639686146254283,0.0839933155247243,0.130468693500064,1.03805942762107e-17,"Mboat1",1.29943663763361e-16,0.130468693500064
0.0721219512047592,0.0984734831992702,-0.130465540446211,1.03994402981386e-17,"Fam171b",1.29976805221595e-16,0.130465540446211
0.0862467332641582,0.117777597602613,-0.130358650921035,1.105868645452e-17,"Mdfic",1.38001399861693e-16,0.130358650921035
0.377519797606191,0.49889008278602,-0.130196721174049,1.21366912743471e-17,"Nr2f1",1.51218650287828e-16,0.130196721174049
1.38210305647423,1.60313221209481,0.130189275492302,1.21886769827579e-17,"Pabpc1",1.51630921100232e-16,0.130189275492302
0.497541116285732,0.589358249950363,-0.130177618906025,1.22705046713159e-17,"Tspo",1.5241258433845e-16,0.130177618906025
0.551497337135097,0.669183642890489,0.130112447881565,1.27380808691474e-17,"Ssr3",1.57975828275176e-16,0.130112447881565
0.941771811501622,0.895724001579853,0.130101652456089,1.2817212610849e-17,"Etfb",1.58711904304711e-16,0.130101652456089
0.360123732532426,0.487946710216287,-0.129903842849614,1.43560940379699e-17,"Syne2",1.77493526287627e-16,0.129903842849614
0.122867280343348,0.154529205463476,-0.129879670911715,1.45562154154627e-17,"Ecpas",1.79690880759497e-16,0.129879670911715
1.33744144719032,1.18450335185791,0.129351918750459,1.96803484977396e-17,"Gjc3",2.42573143388421e-16,0.129351918750459
0.0933365238556889,0.129622740516068,-0.129285659470474,2.04380699053579e-17,"Acvr1",2.51526185461031e-16,0.129285659470474
0.34756640227569,0.539392172463679,-0.129138202310002,2.22291448604719e-17,"Dip2c",2.73149553385032e-16,0.129138202310002
0.332837769037403,0.40005740265408,0.128937043105994,2.4924392655323e-17,"Lmo1",3.05800193679376e-16,0.128937043105994
0.278610480329554,0.36159361818969,0.128785300259314,2.71684656393765e-17,"Trim13",3.32824073725736e-16,0.128785300259314
0.20728538944469,0.304707849137533,-0.128696567128546,2.85718428101802e-17,"Ncoa1",3.49482418763546e-16,0.128696567128546
0.225857267717047,0.29907293046206,0.128255531859033,3.66800796349787e-17,"Lyar",4.47977106531308e-16,0.128255531859033
0.269240841121866,0.393121542833601,-0.128176121499314,3.83640897661233e-17,"Ankrd28",4.67832000430658e-16,0.128176121499314
0.187358124347947,0.282698129948706,0.128124871260249,3.94911682358215e-17,"Mfap2",4.80845423253766e-16,0.128124871260249
0.72028520797138,0.737028294115519,0.128027036458182,4.17341228452044e-17,"Mrpl20",5.07385760166546e-16,0.128027036458182
0.124699039729274,0.168329725968437,0.127972528155965,4.30377895454383e-17,"1810043G02Rik",5.22443605616637e-16,0.127972528155965
0.527479576753829,0.644252477477447,0.127871524122611,4.55604986883473e-17,"Rsl1d1",5.52231784705889e-16,0.127871524122611
0.120708089809508,0.152620314469374,-0.127857478433544,4.59226631869018e-17,"Mia2",5.5578197497994e-16,0.127857478433544
0.240559285329973,0.35766462485222,-0.127842550818312,4.63106797122629e-17,"Mbd5",5.59633876522888e-16,0.127842550818312
0.1925247614239,0.253002625481794,-0.127732655656282,4.926844644616e-17,"Hdac4",5.944812244872e-16,0.127732655656282
0.102321908070719,0.154729377532867,-0.127727802957918,4.94032621166505e-17,"Prickle2",5.95212875711717e-16,0.127727802957918
0.32827625399913,0.441167007841792,-0.127686543714823,5.05643006562945e-17,"Etv1",6.08287778809756e-16,0.127686543714823
0.454458337937832,0.819776167775708,0.127679587504505,5.07626818744297e-17,"2010111I01Rik",6.0976011880303e-16,0.127679587504505
1.29533374619977,1.06490695755681,0.127477030632163,5.68881548018841e-17,"Uqcrq",6.82317719178353e-16,0.127477030632163
0.216474217858654,0.282476341679838,0.127452655657959,5.76727208129599e-17,"Wasf1",6.9069539075103e-16,0.127452655657959
0.60364775053513,0.822888138745904,-0.127391124892705,5.97010035436045e-17,"Nme2",7.13920793493119e-16,0.127391124892705
0.2538938741766,0.339796679866357,-0.127327210951472,6.18823084129025e-17,"Plekha5",7.38904230215967e-16,0.127327210951472
0.270518366771326,0.370072874886424,-0.127147444985068,6.84476801474616e-17,"Itgav",8.16083485145961e-16,0.127147444985068
0.59801067558703,0.655643334840994,0.127007377771066,7.40349754053186e-17,"Uqcrfs1",8.81389677525632e-16,0.127007377771066
0.167891930919023,0.227742232298058,-0.126889157131271,7.90989091378892e-17,"Cdc14a",9.40280958403589e-16,0.126889157131271
0.285037197000372,0.446273831405408,0.126883140476858,7.93655671333187e-17,"Asxl3",9.4205519331028e-16,0.126883140476858
1.39422673722985,1.19606864604214,0.126840253783413,8.12921478028123e-17,"Eef1b2",9.63498070856375e-16,0.126840253783413
1.12944613892661,1.0056314401446,0.126744221275884,8.57749506956057e-17,"Psmb1",1.01513009495802e-15,0.126744221275884
0.190537051559362,0.404510640839845,0.126716779692132,8.71001006286322e-17,"Deb1",1.02929485632422e-15,0.126716779692132
0.644359062275594,0.808210932253655,0.126703025534794,8.77718589937828e-17,"Maf",1.03454930910672e-15,0.126703025534794
0.13102572998421,0.197527993567346,0.12670239855929,8.78026021313158e-17,"Sdccag3",1.03454930910672e-15,0.12670239855929
0.385873862993431,0.489260497519371,0.126649319582817,9.04441352408768e-17,"4921524J17Rik",1.06411105743812e-15,0.126649319582817
0.11683895590337,0.224794144709263,0.1264329286177,1.02048047013597e-16,"Il16",1.19887778804846e-15,0.1264329286177
0.126669593740282,0.178221995113808,0.126426448972808,1.0241724967459e-16,"Podxl2",1.20145615700133e-15,0.126426448972808
0.0854607585309989,0.109232358267891,-0.126298205434412,1.10001371142282e-16,"Adgrg1",1.28854160882579e-15,0.126298205434412
0.547834515567436,0.636048859360487,0.126271037422455,1.11677732647096e-16,"Mtpn",1.30627132180802e-15,0.126271037422455
0.362605263289498,0.456851845893735,0.126237275656209,1.13796076794254e-16,"Snrpa1",1.32911167423158e-15,0.126237275656209
0.0869518039230378,0.132063769587592,-0.126099068745534,1.22888434683681e-16,"H2-Q4",1.4332220928806e-15,0.126099068745534
0.368258086356496,0.581059430485519,-0.125973233520381,1.31787557389632e-16,"Ext1",1.53477991363484e-15,0.125973233520381
0.448389283975963,0.53632055680534,0.125940943626772,1.34171688124233e-16,"Psmg4",1.56028061667949e-15,0.125940943626772
0.103295157450119,0.149194327028144,0.125799586291288,1.45119101674302e-16,"Arrdc4",1.68514569006454e-15,0.125799586291288
1.50645794780059,1.10821091115369,-0.125795092535715,1.4548118751233e-16,"Cnn3",1.68690902976725e-15,0.125795092535715
1.66272237610726,1.87289127529806,0.125789571819253,1.459272401589e-16,"Rpl15",1.68963950221503e-15,0.125789571819253
0.105528775406517,0.172807162760059,-0.125781809042574,1.46556723665254e-16,"Ptprm",1.69448292606628e-15,0.125781809042574
0.262766788485381,0.340323681211376,0.125588562290307,1.63119076607025e-16,"Crlf3",1.88326254776225e-15,0.125588562290307
0.268719913779559,0.407812267550184,-0.125564030148343,1.65349367568073e-16,"Arid1b",1.90626914564111e-15,0.125564030148343
0.683271009379747,1.08918849857365,-0.125559305566468,1.65782331931378e-16,"Epha5",1.9085185529661e-15,0.125559305566468
0.41332208691353,0.616136389365107,-0.125484520957269,1.7278634884007e-16,"Alcam",1.98630037692367e-15,0.125484520957269
0.461024899637925,0.541435130960474,0.125356954074145,1.85412789879987e-16,"Pdrg1",2.12840089556083e-15,0.125356954074145
0.472325099648843,0.521242465139766,0.125315217188464,1.89738034725581e-16,"Pin1",2.1749399866258e-15,0.125315217188464
0.342515036027536,0.483869410559829,-0.125302978601963,1.91025082201148e-16,"Rnd3",2.18656955717834e-15,0.125302978601963
0.0577768860193474,0.0672758836264323,-0.125183480933858,2.04052711045389e-16,"Mtss2",2.33236318152165e-15,0.125183480933858
1.23125623338046,1.00834487839322,0.125015104457744,2.23906880844027e-16,"Atp5a1",2.55565976087123e-15,0.125015104457744
0.0604083505962058,0.079717416719011,0.124979504783331,2.28342290264168e-16,"Gm6133",2.60258314926091e-15,0.124979504783331
0.171064464940252,0.218576755901001,-0.124947356581111,2.3242200537514e-16,"Gm47283",2.6453250654328e-15,0.124947356581111
0.168158833764757,0.362198290424115,-0.12491499912991,2.36600789258257e-16,"Scn7a",2.68907185978507e-15,0.12491499912991
0.608677262242103,0.624792014066929,0.124883624145526,2.40723359545673e-16,"Psmb7",2.7320569122977e-15,0.124883624145526
0.284005570621388,0.401402126898164,-0.124848032911026,2.45485664990347e-16,"Plcb4",2.7821708698906e-15,0.124848032911026
0.148337711365453,0.212470277448559,-0.124715560625027,2.64041118876217e-16,"Gfra2",2.98691177766297e-15,0.124715560625027
1.89660776441573,2.08828257459034,0.124713808784771,2.64295533666589e-16,"Rps27a",2.98691177766297e-15,0.124713808784771
0.26232638243684,0.3241838606276,0.124673113218409,2.70274088760226e-16,"Brix1",3.05018183996069e-15,0.124673113218409
0.258764938095143,0.315101459452617,0.124598746037442,2.81545541646925e-16,"Zfp428",3.17292335136928e-15,0.124598746037442
0.665239522341917,0.725210186393413,0.124571669261709,2.85763410156935e-16,"C1qbp",3.21594053730609e-15,0.124571669261709
0.0837179419523578,0.13480299472995,-0.124503837596896,2.96605141652408e-16,"Ankrd44",3.33327682999849e-15,0.124503837596896
0.228963125004244,0.379002412099071,0.124400330098458,3.1393470972322e-16,"Col14a1",3.51872906564089e-15,0.124400330098458
0.861784746551049,0.905803569028932,0.124400042065126,3.13984298479422e-16,"Hspd1",3.51872906564089e-15,0.124400042065126
1.92511417189719,2.13532793021688,0.124152349655531,3.59614316545418e-16,"Rps2",4.02447039882905e-15,0.124152349655531
0.742986675527263,0.841360644562696,0.124103720105637,3.69311387991197e-16,"Pa2g4",4.12723478724424e-15,0.124103720105637
0.266932319114662,0.358265232040446,0.123964351695791,3.98552315484948e-16,"Gtf2h1",4.44782166822145e-15,0.123964351695791
0.260395287817976,0.386144847537831,-0.123806616148476,4.34404397877343e-16,"A830082K12Rik",4.84119567856639e-15,0.123806616148476
1.0274803289972,1.00165170993092,0.123778678131563,4.4107766847169e-16,"Atp6v0e",4.90874786659756e-15,0.123778678131563
0.313942681552653,0.370050159998205,0.123755330698309,4.46731816256816e-16,"Gadd45gip1",4.9647868333029e-15,0.123755330698309
0.625896232169748,0.688067659129062,0.123532496308514,5.04418965056285e-16,"Cct8",5.59814353473254e-15,0.123532496308514
1.62658105581687,1.44251444472925,0.123491173841667,5.15895678885312e-16,"Gas5",5.71760625328141e-15,0.123491173841667
0.464649561281939,0.676905904647093,-0.12346809286448,5.2241765046557e-16,"Kansl1",5.78190238253204e-15,0.12346809286448
0.213216435761462,0.291150203918286,0.123440201035944,5.30407470887194e-16,"Hist3h2ba",5.86224455426838e-15,0.123440201035944
0.0592993481192732,0.0702581329440444,-0.123366091212399,5.52226267039251e-16,"Fhdc1",6.09499802850475e-15,0.123366091212399
0.821274864552435,0.846736485451001,0.123331651336269,5.62664378397003e-16,"Psmb4",6.20167441244169e-15,0.123331651336269
0.486080264895509,0.592652314367099,0.123264771529037,5.83492652334008e-16,"Hdac2",6.42242118289174e-15,0.123264771529037
0.169414216507447,0.211880129049405,0.123212061535797,6.0044155892147e-16,"Ctps",6.59992201203544e-15,0.123212061535797
0.19286969840341,0.28123115357006,-0.123123135099333,6.30141678166307e-16,"Lcor",6.9169040021976e-15,0.123123135099333
0.279618008006738,0.450184574418765,-0.123056125379501,6.53473567697125e-16,"Arl15",7.16321298798051e-15,0.123056125379501
1.7167438160733,2.22049067186535,0.1230278682998,6.63565494118209e-16,"Rpl23a",7.2639147678097e-15,0.1230278682998
0.0880895657549953,0.128716087416525,-0.122912281397773,7.06469767555636e-16,"Lrig1",7.72304279954554e-15,0.122912281397773
0.241301953505701,0.312561961918684,0.122739182927581,7.75878980675705e-16,"Mphosph6",8.47027611012497e-15,0.122739182927581
0.217335854451384,0.310741980112037,-0.122666464431012,8.07002810353713e-16,"Nbea",8.79808498679103e-15,0.122666464431012
0.423298123276474,0.484131279745751,0.122655218164083,8.11924806292798e-16,"Mrpl43",8.82950404802738e-15,0.122655218164083
1.00500255497282,0.927660312272852,0.122654852146314,8.12085491954662e-16,"Pcbp4",8.82950404802738e-15,0.122654852146314
0.104377656907539,0.139558064259494,-0.122638441818783,8.19322070848359e-16,"Gja1",8.89613030647798e-15,0.122638441818783
0.150949156688679,0.231805282458068,-0.122612934204319,8.30696612721915e-16,"Shroom4",9.00744543308196e-15,0.122612934204319
0.639480629228403,0.779924419729796,-0.122562414133439,8.53685868966691e-16,"Grcc10",9.24423132603067e-15,0.122562414133439
0.554544927687015,0.709744984069744,-0.12254771894509,8.60489796986532e-16,"Tomm6",9.3053505808894e-15,0.12254771894509
0.102488102492418,0.149190533139612,-0.122520165306246,8.73391493957368e-16,"Gm15478",9.43215793743462e-15,0.122520165306246
0.328939682375959,0.371228842011028,0.122403720285306,9.30052128070038e-16,"Borcs5",1.00305621984328e-14,0.122403720285306
0.401223666557769,0.558453870691528,0.122371588852262,9.46314123052859e-16,"Srgap1",1.01922476823841e-14,0.122371588852262
0.177022968677979,0.23548718457561,-0.122301352107183,9.8284289920983e-16,"Hoxa7",1.05714898435116e-14,0.122301352107183
0.528046815750944,0.614796801871861,0.122017534611559,1.14513103065269e-15,"Erp29",1.2300577496596e-14,0.122017534611559
0.17789669948268,0.263210065868299,-0.122000064459639,1.15594070393128e-15,"Lnpep",1.24000911876264e-14,0.122000064459639
0.227385067742247,0.353324616295312,0.121922477957143,1.20517410860602e-15,"Nr4a2",1.29109706908607e-14,0.121922477957143
0.437405991383978,0.536427907743039,0.121898239144252,1.22097423629225e-15,"Mpzl1",1.30627963626787e-14,0.121898239144252
0.229641724129991,0.305154524222055,-0.121821205358852,1.27255541606905e-15,"Smpdl3a",1.35965175213556e-14,0.121821205358852
0.253002972486005,0.521204629725888,-0.121743692493637,1.3266219841111e-15,"Nlgn1",1.41553388304621e-14,0.121743692493637
0.255096826435126,0.329530804075907,-0.121673994183868,1.37716523056961e-15,"Fads1",1.46751312218998e-14,0.121673994183868
0.252637710336199,0.314036019251296,-0.121638775971582,1.40342085534407e-15,"Tle5",1.49350781741125e-14,0.121638775971582
0.195500213175558,0.274378305928765,-0.121610701625545,1.42470314987712e-15,"Nfkb1",1.51414808935285e-14,0.121610701625545
0.447659749731813,0.554597299342237,0.121510201946311,1.50352627352075e-15,"Ppp1r15a",1.59403991170397e-14,0.121510201946311
1.47098672065673,1.57009882998546,0.121509801575845,1.50384872028902e-15,"Rps17",1.59403991170397e-14,0.121509801575845
0.215444634873261,0.294321663999714,-0.121267317576273,1.71218709904388e-15,"Gstm1",1.81247879719368e-14,0.121267317576273
0.126538370693473,0.190631186165066,-0.121203192937503,1.77187596951215e-15,"Slitrk2",1.87319272455409e-14,0.121203192937503
0.635646959650267,0.684226138380525,0.121142033971473,1.83071105696617e-15,"Phb2",1.93284546330217e-14,0.121142033971473
0.0782244362940052,0.101095433492204,-0.121131982231851,1.84056317847061e-15,"Enho",1.94069368515745e-14,0.121131982231851
0.0668351498121372,0.0876719447829086,0.121102822584122,1.86944005584034e-15,"Proser2",1.96855472546757e-14,0.121102822584122
0.530874262622447,0.576694147749034,0.121083084662086,1.88923924629568e-15,"Map2k2",1.98549427815906e-14,0.121083084662086
0.258459167875315,0.338787762550131,-0.12108185889019,1.89047560881546e-15,"Gpt2",1.98549427815906e-14,0.12108185889019
1.55225285144508,1.63701255925873,-0.121042987919889,1.93009826978869e-15,"Sostdc1",2.02445862964502e-14,0.121042987919889
0.402033949728309,0.645167548695841,-0.120920433321047,2.06045198671778e-15,"Apod",2.15836380436338e-14,0.120920433321047
0.304216271003345,0.430557390084722,-0.120864906284031,2.12232963766992e-15,"4930402H24Rik",2.22028331325469e-14,0.120864906284031
0.130820982906937,0.145584970884125,0.1208559863617,2.13243882467338e-15,"P3h1",2.2279543136952e-14,0.1208559863617
0.1003557522436,0.139092468757654,-0.120820918943649,2.17264322700177e-15,"Trib1",2.26672817726393e-14,0.120820918943649
0.248488589704062,0.332260627151782,-0.12081871027729,2.17520026980711e-15,"Dennd5a",2.26672817726393e-14,0.12081871027729
1.77472304964135,1.64695644575422,0.120809672789832,2.18569415383676e-15,"Rpl35",2.27470945400599e-14,0.120809672789832
0.654395002854571,1.05058157926501,-0.120797414551409,2.2000074992599e-15,"Dlc1",2.28663991891987e-14,0.120797414551409
0.254500822625406,0.354291478294362,-0.12068862340167,2.33114872410128e-15,"Ppp2r3a",2.41981078424174e-14,0.12068862340167
0.0904773624422247,0.138558109630268,-0.120651804088854,2.37725194413701e-15,"Sema3c",2.46447927645418e-14,0.120651804088854
0.516374548346051,0.692212902594699,-0.120541680232177,2.52056698276901e-15,"Nf1",2.60968122190174e-14,0.120541680232177
1.00801445791174,1.56981327975428,-0.120503521186738,2.57218481692272e-15,"Trpm3",2.65969213543659e-14,0.120503521186738
0.349856380673324,0.475019257485168,-0.120493836253693,2.58545035120632e-15,"Zfhx3",2.66996829061512e-14,0.120493836253693
1.44975874488569,1.12820892634106,0.120486801989892,2.59512743922265e-15,"Atp5e",2.67651704014428e-14,0.120486801989892
0.102061185528161,0.144243935671243,-0.120401632946092,2.71516253575871e-15,"Rnf217",2.79672197521539e-14,0.120401632946092
0.152460734483103,0.264131414457298,0.120311909234691,2.84752875349794e-15,"Ctage5",2.92930393821378e-14,0.120311909234691
2.17990527732909,1.46714230142625,0.120201227724299,3.01958910305788e-15,"Rpl39",3.10232816426842e-14,0.120201227724299
0.268543369702079,0.335270175180915,0.120166468920911,3.07570555317978e-15,"Med10",3.15594135021925e-14,0.120166468920911
0.0901928560410347,0.140522787515722,-0.120152043051267,3.09929572321792e-15,"Gucy1a2",3.17608542568335e-14,0.120152043051267
1.34789530444758,1.44009868025588,0.120059897369288,3.25423650987107e-15,"Rpl36a",3.33061144836805e-14,0.120059897369288
0.182312211372508,0.278074705510536,-0.119909124797156,3.52435504856671e-15,"Dennd1a",3.60247451078972e-14,0.119909124797156
0.153997371579795,0.197705080383386,0.119901640518792,3.53832372310957e-15,"Hspb2",3.6121513427775e-14,0.119901640518792
0.396015049124583,0.489039335819399,0.119890959995272,3.55835229026931e-15,"Nhp2",3.62798205554269e-14,0.119890959995272
0.153297296642563,0.216915931981338,-0.119873099465976,3.59209470549635e-15,"Psmb8",3.65773704529222e-14,0.119873099465976
0.0860986973524675,0.104591190131304,-0.119866626024266,3.604402033903e-15,"Tent2",3.66561748035965e-14,0.119866626024266
1.0610938698389,1.02489261464892,-0.119848028750877,3.63999057846448e-15,"Anxa5",3.69712460779734e-14,0.119848028750877
0.144850979293084,0.171592460395234,0.119681338082157,3.97481490142844e-15,"Aif1l",4.03210047649328e-14,0.119681338082157
0.338596827773876,0.429662387862941,0.119668450518602,4.00192908156424e-15,"Csnk1g3",4.05447966546356e-14,0.119668450518602
1.11602506701018,1.02407878589912,0.119584119539976,4.18390074146229e-15,"Srsf3",4.23349552957042e-14,0.119584119539976
0.353460699388619,0.419234894354793,0.119560168949091,4.23705043047792e-15,"Eif3b",4.28187564913788e-14,0.119560168949091
0.361456225124089,0.531642903936692,-0.119545041764161,4.27096155128504e-15,"Lgr4",4.31071641352342e-14,0.119545041764161
0.290879038860701,0.450992342787483,-0.119505425611863,4.36104127096458e-15,"Csgalnact1",4.39610491937434e-14,0.119505425611863
0.37044014691127,0.616908149424923,-0.119463351643191,4.45875713169345e-15,"Negr1",4.48896702944897e-14,0.119463351643191
1.1379279114299,1.97081282522807,0.119423874970944,4.55239856839281e-15,"Col1a1",4.57749951288019e-14,0.119423874970944
1.65439568078697,1.22675619672655,0.119306235063016,4.84307657151097e-15,"Pebp1",4.86368540798548e-14,0.119306235063016
0.170930966498058,0.233105232543056,0.119210428636128,5.09323643103005e-15,"Ccdc28b",5.10851614032314e-14,0.119210428636128
0.105181223743704,0.157027891115822,-0.119202814602986,5.11365423855996e-15,"Ccdc141",5.12259196132398e-14,0.119202814602986
0.479306324640927,0.532055006961056,0.119041920598823,5.56444015847581e-15,"Psmd6",5.56721544035036e-14,0.119041920598823
0.193847657357063,0.300304634764219,0.118939312150355,5.8721126330654e-15,"Igf2bp2",5.86772500220632e-14,0.118939312150355
0.375553488345844,0.440024285923746,0.118867149910495,6.09845705861378e-15,"Kif19a",6.08632082566131e-14,0.118867149910495
0.337706599750743,0.483655726989625,-0.118831490225219,6.21345513228621e-15,"Rock2",6.1933868299956e-14,0.118831490225219
1.4400745171666,1.0916017201839,0.118817637306748,6.25870224232489e-15,"Hint1",6.23074774099441e-14,0.118817637306748
0.0655407237631608,0.0901669337965633,-0.118794609183294,6.33463633185592e-15,"Dnajc6",6.29852811980321e-14,0.118794609183294
0.0732606213481406,0.0912384096565011,-0.118700140480653,6.6557431884084e-15,"Mocos",6.60961427522141e-14,0.118700140480653
1.26502337109927,1.0303478726503,0.118666108859174,6.77530008758657e-15,"Slc25a3",6.72002569873852e-14,0.118666108859174
1.45751230791981,1.12706398514885,0.118505966008552,7.36687445678419e-15,"Cox6a1",7.29775316558473e-14,0.118505966008552
0.613159675426392,0.648322703983578,0.118339856189431,8.03416670669686e-15,"Eif3m",7.94897085752596e-14,0.118339856189431
0.195075823338958,0.24609171266585,0.118330207281461,8.07470481113756e-15,"Thyn1",7.97924032075958e-14,0.118330207281461
0.0757929318597897,0.111391188159597,-0.118307679469452,8.17013629069602e-15,"Acsl4",8.0636129885049e-14,0.118307679469452
0.327948605912904,0.49473514537199,-0.118218036155555,8.5609960865826e-15,"Bach2",8.4389966337517e-14,0.118218036155555
0.0732871031655028,0.107266437243387,-0.118144516357303,8.89523701949933e-15,"Upp2",8.75771556373774e-14,0.118144516357303
0.479035467247194,0.662648194346022,-0.118000213461541,9.58903308370073e-15,"Mapt",9.42921586563905e-14,0.118000213461541
0.0630921532620456,0.0808749618791589,0.117829071184132,1.04811076606812e-14,"Klrb1a",1.02938075727425e-13,0.117829071184132
0.425923753180061,0.564172117844568,-0.117744292496813,1.09527651756972e-14,"Arhgef12",1.07438860354272e-13,0.117744292496813
0.0548134455805461,0.0679217332761184,-0.117701906186416,1.11963443376081e-14,"Prdm16os",1.09694098858324e-13,0.117701906186416
0.0901232812463652,0.12580622795365,-0.117666029738825,1.14066713768079e-14,"Csdc2",1.1161845259452e-13,0.117666029738825
0.154046982671606,0.227556140961688,-0.117656088396564,1.14656373687136e-14,"Wipf1",1.12058799325892e-13,0.117656088396564
0.271748730316465,0.36536484805969,-0.117566422164932,1.20112128054942e-14,"Myo10",1.1724814057334e-13,0.117566422164932
0.175035078427159,0.264638098135372,-0.117536819727574,1.21968752899339e-14,"Grk5",1.18915829072211e-13,0.117536819727574
0.544321949438934,0.620412675576142,0.117427735513923,1.29057254573193e-14,"Fam104a",1.25674200327099e-13,0.117427735513923
0.763376798240352,0.925285362828447,-0.117419727979886,1.29593279636191e-14,"Ahnak",1.26043209187975e-13,0.117419727979886
1.94254187225529,1.59800692409648,0.117368985928204,1.33041222890811e-14,"Rpl27a",1.29240045093931e-13,0.117368985928204
0.143721497029267,0.197125272508353,-0.117346204945592,1.34618398291095e-14,"Rhoq",1.30614029974334e-13,0.117346204945592
0.864423514101576,0.875659679887714,0.117286511226979,1.38838872338806e-14,"Eif3e",1.34546269522533e-13,0.117286511226979
0.190844753002054,0.247011164190093,0.117283167346025,1.39079103125649e-14,"Nfkbib",1.34616492579036e-13,0.117283167346025
0.19125764968477,0.277562908556223,-0.117241415538162,1.42113274423594e-14,"Kansl1l",1.37212546234694e-13,0.117241415538162
0.934558052089181,0.932783355138239,0.117239778364307,1.42233567667861e-14,"Mrpl33",1.37212546234694e-13,0.117239778364307
0.204257496128659,0.313375289662275,-0.117239225326198,1.42274225407859e-14,"Plekho1",1.37212546234694e-13,0.117239225326198
0.891549058947807,0.8568413583814,0.11720050288342,1.45149587393443e-14,"Mlf2",1.39817561734092e-13,0.11720050288342
0.494016266882596,0.571801786650435,0.116988342172053,1.61947903179116e-14,"Zcrb1",1.55811747615015e-13,0.116988342172053
0.112345640578801,0.140783604107015,-0.116899383211595,1.69547538049306e-14,"Oip5os1",1.62928077282351e-13,0.116899383211595
0.965826660453146,0.964734329415193,-0.11680618543164,1.77885458696803e-14,"Timp2",1.70735995285065e-13,0.11680618543164
1.01177425395275,1.63793626741542,-0.116659795763425,1.91802978904868e-14,"Sorcs1",1.83874205822301e-13,0.116659795763425
0.695693869977663,0.697996183006535,0.116486591124068,2.09657326054087e-14,"Ndufab1",2.00697776253234e-13,0.116486591124068
1.42133721029982,1.175642190475,0.116483050053591,2.10038892319956e-14,"Btf3",2.00697776253234e-13,0.116483050053591
0.132130238092005,0.170208185392284,-0.116482461683263,2.1010235799192e-14,"Pip4p2",2.00697776253234e-13,0.116482461683263
0.278556321596415,0.383686728785094,-0.116370373689582,2.22543360364079e-14,"Kmt2c",2.12329122896715e-13,0.116370373689582
0.616336203950948,0.693861298837801,0.11633899613177,2.2615396871597e-14,"Atp1b3",2.15517748809614e-13,0.11633899613177
0.190218624825892,0.268382888342095,-0.116283140762209,2.32724307746245e-14,"Rassf8",2.21380425234042e-13,0.116283140762209
0.519362970111578,0.609684609507884,0.116282022276836,2.32857775296026e-14,"Utp11",2.21380425234042e-13,0.116282022276836
1.3888588124899,1.32920981169257,-0.116145995169452,2.49663624304651e-14,"Scd2",2.37077032120772e-13,0.116145995169452
0.384050081326582,0.474467376705254,0.116139102981434,2.50546169752784e-14,"Nras",2.37633861240702e-13,0.116139102981434
0.377381271696603,0.533272591116381,-0.116054854465226,2.6158530460026e-14,"Slc12a2",2.47811155149054e-13,0.116054854465226
1.06394241272025,0.94408203325647,0.115980599357464,2.71710555166779e-14,"Atp5f1",2.57099704558754e-13,0.115980599357464
0.192900657971939,0.257487660411594,-0.115864072063885,2.88381756251482e-14,"Sntb2",2.72553028523191e-13,0.115864072063885
0.205177049217828,0.349575689797597,-0.115857861956467,2.89297902696345e-14,"Ntng1",2.7309722014535e-13,0.115857861956467
0.154832697652577,0.21337987194003,-0.115792421397152,2.99127677706006e-14,"Tcf4",2.8204471044806e-13,0.115792421397152
0.142968450400196,0.195645559375386,-0.115788741690138,2.99690050415648e-14,"Nxn",2.82243305696615e-13,0.115788741690138
0.466777586978698,0.543145925411325,0.115757093016998,3.04570058477929e-14,"Psmc2",2.86502948326718e-13,0.115757093016998
0.350432027367099,0.460356415145773,-0.115692708253954,3.14740119894419e-14,"Micos10",2.9572303536684e-13,0.115692708253954
1.88663365597255,1.66883188541107,0.115638758880209,3.23518329105542e-14,"Rpl38",3.03615330145365e-13,0.115638758880209
0.295606758027434,0.38182514704136,0.115581791944292,3.33048805749657e-14,"Snhg6",3.12194347819538e-13,0.115581791944292
0.598156646346734,0.654914298146872,0.115540692947004,3.40095466583498e-14,"Ndufs4",3.18427774080046e-13,0.115540692947004
0.188923575343881,0.305704154926803,-0.115537908571495,3.40578130079418e-14,"Tnfrsf12a",3.1850803213954e-13,0.115537908571495
0.129466620463398,0.184904810323493,-0.115528068051466,3.42289357734545e-14,"Apbb2",3.19735716701046e-13,0.115528068051466
0.711693343161368,0.77124211786473,0.115447240525528,3.56668523238007e-14,"Reep5",3.3278002679788e-13,0.115447240525528
0.854432917957524,0.884847746827889,0.115413427916128,3.62858446463338e-14,"Eif5",3.38162157307994e-13,0.115413427916128
0.160407523080661,0.237303961220439,-0.115379330863513,3.69207356899631e-14,"Ssh2",3.43679794868056e-13,0.115379330863513
0.113711452208149,0.154898359745559,0.115295741256266,3.85237493896304e-14,"Ccdc74a",3.58186054579831e-13,0.115295741256266
0.616391091695129,0.639062879764022,0.115290289550722,3.86306422822127e-14,"Mrpl42",3.58764205639438e-13,0.115290289550722
0.137833326732091,0.191664272874522,-0.115270260505861,3.90258657118762e-14,"Enpp1",3.62015660661381e-13,0.115270260505861
1.17561819645304,1.09611559167194,0.11514154435559,4.16623058257548e-14,"Rps27l",3.86025799013691e-13,0.11514154435559
0.250013722867232,0.323607399673616,0.115132999884189,4.1843386824136e-14,"Acot13",3.87256442764553e-13,0.115132999884189
0.658635516816249,0.761498986192503,0.115071637037728,4.31667600385987e-14,"Zfand5",3.99043873905202e-13,0.115071637037728
0.154574317361127,0.230370550191169,-0.11502699637886,4.41552633117856e-14,"Ttc28",4.07712120614232e-13,0.11502699637886
0.148779318206253,0.232021401662452,0.114880397989156,4.75605770891928e-14,"Fam212b",4.38650655820325e-13,0.114880397989156
1.10308703306533,1.01037496937091,0.114781687062922,4.99976074912345e-14,"Jam3",4.60597936291234e-13,0.114781687062922
1.10939035629028,0.950256096389862,0.114675736809932,5.274998009826e-14,"Ndufb9",4.85396605858301e-13,0.114675736809932
0.589277472389389,1.26714243202543,0.114579478246523,5.53793657341115e-14,"Rps26-ps1",5.09008053437011e-13,0.114579478246523
0.850017112600138,1.13882822226808,-0.114496972720005,5.77352792932326e-14,"Selenop",5.30054783808808e-13,0.114496972720005
0.171623857079195,0.212670633468909,-0.114425155298641,5.98659862747412e-14,"Rbis",5.48988198706884e-13,0.114425155298641
0.0936675988851299,0.136819903879511,-0.114332662157905,6.27242769939509e-14,"Traf3",5.74542920775641e-13,0.114332662157905
0.343027609850053,0.382106546766216,0.114311372038625,6.34009530833584e-14,"Fbl",5.80078959567695e-13,0.114311372038625
2.5009437125083,1.69300630016575,0.114203101352978,6.6954758916829e-14,"Ptma",6.11896338893663e-13,0.114203101352978
0.589800093822475,0.719399113842554,-0.114176049030233,6.78728408732629e-14,"Atp5g2",6.19580972886304e-13,0.114176049030233
0.339976856512198,0.428077266173503,-0.114149525909321,6.87849697743991e-14,"Fgfr1",6.27193860761112e-13,0.114149525909321
0.415692587488204,0.482283537647222,0.113967604883004,7.53741578620519e-14,"Mtch2",6.86495167633489e-13,0.113967604883004
0.524895150949717,0.578813296028748,0.113778881001615,8.28648849337974e-14,"Mrpl30",7.53863760440805e-13,0.113778881001615
0.741953822259693,0.996583159579679,0.113684778784227,8.68685617452543e-14,"Phlda1",7.89392230400816e-13,0.113684778784227
0.215021360246584,0.286541401285839,-0.113548809354946,9.29912696458359e-14,"Kcnmb4",8.44074601400664e-13,0.113548809354946
0.628426700101484,0.655966038095348,0.113442208622789,9.80862468631005e-14,"Atp6v1e1",8.89315304892111e-13,0.113442208622789
0.467655953570153,0.667154369122465,-0.11333243369589,1.03619450351196e-13,"Zcchc7",9.3842265193905e-13,0.11333243369589
0.30168730788307,0.401267772471027,-0.113316855013768,1.04429141239983e-13,"Bmpr1a",9.44689322784244e-13,0.113316855013768
0.126481905421513,0.191921633478152,-0.113279593482208,1.06391081947394e-13,"Nck2",9.61353650389518e-13,0.113279593482208
0.162091365268302,0.20933738749057,-0.1132285912294,1.09135333467946e-13,"Tnfsf12",9.85041525024517e-13,0.1132285912294
0.457372833844196,0.536698393664517,0.113152835782591,1.13340283269064e-13,"Glrx5",1.02184543028199e-12,0.113152835782591
0.267597817632582,0.367571263196068,-0.113126923434066,1.14814813098784e-13,"Osbpl9",1.03397762099287e-12,0.113126923434066
0.175237447895713,0.268266845807605,-0.113031323242542,1.20419725359902e-13,"G0s2",1.08323752947069e-12,0.113031323242542
0.102178960179276,0.136601957620614,-0.113005812541068,1.21960267793872e-13,"Zc3hav1",1.09586695271896e-12,0.113005812541068
0.175173413781538,0.208852353905604,0.113001378244229,1.22230014541075e-13,"Dusp18",1.09706223342012e-12,0.113001378244229
0.315809054581432,0.389875717548018,0.11297895333498,1.23603166877485e-13,"Lzts2",1.1081472748882e-12,0.11297895333498
0.34304248223873,0.509130996043325,-0.112957928147872,1.2490436864886e-13,"Col28a1",1.11820331918168e-12,0.112957928147872
0.276503034969538,0.380237384686959,-0.112956334599974,1.25003536553585e-13,"Tmcc1",1.11820331918168e-12,0.112956334599974
0.139540426184662,0.178085051393014,-0.112886782884442,1.2940798528037e-13,"Gng10",1.15631366802861e-12,0.112886782884442
0.153994917035484,0.229255390618091,-0.112875011555613,1.30168354464171e-13,"Garem1",1.16181410035652e-12,0.112875011555613
0.517447062804706,0.61122005945599,0.112792761969275,1.35605118088356e-13,"Ssr1",1.20899496393441e-12,0.112792761969275
0.0631274746923833,0.0892306264113766,-0.11276820081357,1.37271449458651e-13,"Slc1a3",1.22249290838648e-12,0.11276820081357
0.222424455782184,0.30420267594449,0.112741036110246,1.39137846052204e-13,"Snx7",1.23774066155531e-12,0.112741036110246
0.962365518034623,0.90856299650713,0.112718448295947,1.40708742413828e-13,"Psma2",1.25032884731844e-12,0.112718448295947
0.164516911581738,0.176399234330473,0.112678252439047,1.43547410545659e-13,"Dmac1",1.27414205997607e-12,0.112678252439047
0.27015205235951,0.366955594149356,-0.1126148851042,1.48137095567707e-13,"Il6st",1.31342768490086e-12,0.1126148851042
0.243105667922161,0.327991477816048,-0.112530250005471,1.54492675192866e-13,"Cttnbp2nl",1.3682662535845e-12,0.112530250005471
0.665157743011547,0.918167435075142,-0.11251061875463,1.56004703205811e-13,"Arhgap39",1.38013422108426e-12,0.11251061875463
1.00897609468783,0.908397847921501,0.112497895230126,1.56992441288261e-13,"Psmb6",1.38734289526102e-12,0.112497895230126
0.168958467261968,0.240905974529498,-0.112364798552973,1.67700195201266e-13,"Tmem64",1.47920429607075e-12,0.112364798552973
0.874434665110438,1.0488368321757,-0.112364124359769,1.67756220017994e-13,"Sdc4",1.47920429607075e-12,0.112364124359769
0.293217116423943,0.43023987394904,-0.112353110386306,1.68674078292513e-13,"Ambra1",1.48566498816589e-12,0.112353110386306
0.198437440047353,0.251778769808511,0.112301114554872,1.73074230707584e-13,"Nit2",1.5227495912255e-12,0.112301114554872
0.0945918652435148,0.130393777000745,-0.112283222410889,1.74614273245946e-13,"Hist1h4h",1.53461657012647e-12,0.112283222410889
0.173401889075954,0.242107565119515,-0.112232881180277,1.79019898810681e-13,"Farp2",1.57161451647364e-12,0.112232881180277
0.269374280657169,0.341166046027592,0.112227959916662,1.79456397420142e-13,"Stard5",1.57372473540898e-12,0.112227959916662
0.141410171456699,0.268482193350691,-0.112157226646153,1.8584688310394e-13,"Ngfr",1.62798623365286e-12,0.112157226646153
0.123049335332583,0.182919313245576,-0.112148590614593,1.86642265052076e-13,"Bbs9",1.63317070313834e-12,0.112148590614593
0.345031236124125,0.501305024611361,-0.112125339117866,1.88800392468857e-13,"Gria3",1.65025528232038e-12,0.112125339117866
0.12392505974753,0.191997708598523,-0.11210923183624,1.90309767482006e-13,"Rbfox2",1.66163827451101e-12,0.11210923183624
0.622490245324423,0.658540125002615,0.112047831790521,1.96172881225258e-13,"Psmc5",1.71096869451247e-12,0.112047831790521
0.0485128863332288,0.048188830489849,0.111966041168437,2.04259396409002e-13,"Rpl36a-ps1",1.77956286295964e-12,0.111966041168437
0.302917089951341,0.420943820598213,-0.111949104475014,2.05974362767408e-13,"Lrch3",1.79255779484348e-12,0.111949104475014
0.670018962016489,0.723778571686076,0.111925553868678,2.08382560133532e-13,"Eif3g",1.81155109697883e-12,0.111925553868678
0.612943965148651,0.67389316340262,0.111879149223245,2.13208924113002e-13,"Rbm8a",1.85150260506788e-12,0.111879149223245
0.389994523071243,0.442976652441149,0.111819413089154,2.1958373300258e-13,"Wdr61",1.90479986336508e-12,0.111819413089154
0.164124940689929,0.214700156692305,0.111742494104521,2.28068518909416e-13,"Cd320",1.97626543815244e-12,0.111742494104521
0.548215885465467,0.586451155799017,0.111718276035901,2.30806006478897e-13,"Ndufs3",1.99782890613448e-12,0.111718276035901
1.53556037439087,1.28094246990457,0.111648708776408,2.38850260012926e-13,"Cox7c",2.06523112752556e-12,0.111648708776408
0.162311834132852,0.207400718866795,0.111556817550187,2.4989914217193e-13,"Uap1l1",2.158439953485e-12,0.111556817550187
0.272507193478495,0.412636183927942,-0.111459524975736,2.62144488322539e-13,"2610307P16Rik",2.26177137021511e-12,0.111459524975736
0.613045380608008,0.659259421589778,0.11142350595908,2.66825736883146e-13,"Cops6",2.29968819844293e-12,0.11142350595908
0.128109407049857,0.169794712457205,-0.111365876973042,2.74486803389216e-13,"Rras",2.36317823003763e-12,0.111365876973042
0.482218514864992,0.550519972957679,0.111318432470993,2.80955720893479e-13,"Sars",2.41627942599065e-12,0.111318432470993
0.082060070489444,0.117911935114071,0.111269939869665,2.87722191734661e-13,"2610524H06Rik",2.4718231975149e-12,0.111269939869665
0.0731391386449082,0.0944833722561789,-0.111237576914517,2.92326753263239e-13,"Prxl2b",2.50869504618635e-12,0.111237576914517
0.212360530819458,0.272529554774494,-0.111220982174389,2.94715816218357e-13,"Mtln",2.52649541595737e-12,0.111220982174389
0.551311066502825,0.600217340637951,0.111152108239649,3.0483781609696e-13,"Psmc6",2.61047880081324e-12,0.111152108239649
0.103758898007618,0.126508350345244,-0.111119102320421,3.09808720051048e-13,"Tut4",2.65021873101237e-12,0.111119102320421
0.371658797799493,0.430329101903812,0.111099398947753,3.12814019467098e-13,"Vma21",2.67307741448775e-12,0.111099398947753
0.0610938096865433,0.0850314489720904,0.111066452756519,3.17903274249363e-13,"Ly6g6d",2.71367646018818e-12,0.111066452756519
0.724156325765924,0.753198389871695,0.111039353693368,3.22150169616741e-13,"Ddx39b",2.74700633475529e-12,0.111039353693368
0.167909865263996,0.227536417967792,-0.110905169305177,3.44013794203792e-13,"Igsf3",2.93032556761277e-12,0.110905169305177
0.2314113430895,0.312897804026669,-0.110739833596322,3.72963924743703e-13,"Ptpn12",3.17355517724653e-12,0.110739833596322
0.0966422427504254,0.146068108737693,-0.110734008500281,3.74026353978049e-13,"Eml6",3.17922400881342e-12,0.110734008500281
0.230497887245681,0.389341561484393,0.110677358399571,3.84514848668892e-13,"Erdr1",3.26491761451766e-12,0.110677358399571
0.0795156999701303,0.107175494149869,-0.110670406097551,3.85821760311481e-13,"Enpp5",3.27255159063353e-12,0.110670406097551
0.301132174562711,0.39786220666312,0.110643078048456,3.91001348432062e-13,"Srm",3.31298291427547e-12,0.110643078048456
1.27238998361897,1.62494922213485,-0.110584296329035,4.02374879815133e-13,"Xist",3.40575531185298e-12,0.110584296329035
0.216807461836702,0.325772385100555,0.110560121682854,4.07146057454183e-13,"Dock9",3.44250786618795e-12,0.110560121682854
0.0826618960984774,0.123190320554559,-0.110538053718268,4.1154991496642e-13,"Zc3h12b",3.47608054493742e-12,0.110538053718268
0.515904255558247,0.606830366187703,0.110506618895205,4.17903856374468e-13,"Srsf6",3.52603632339509e-12,0.110506618895205
0.0612702023117899,0.0797792730446553,0.110503664376598,4.18505982414899e-13,"Hid1",3.52740756606843e-12,0.110503664376598
0.105663546747628,0.143008234156112,-0.110492620595162,4.20764237347729e-13,"Ddr1",3.5427200844472e-12,0.110492620595162
0.311177669809743,0.41694743867893,-0.110470320505435,4.25360728154526e-13,"Plec",3.577667172654e-12,0.110470320505435
0.423936079735062,0.500483699125305,0.110421629686858,4.35568848882298e-13,"Mapre3",3.65969051668226e-12,0.110421629686858
0.473241318874405,0.560129475048358,0.110394936724781,4.41266732560546e-13,"Snrpb2",3.70368646659604e-12,0.110394936724781
1.0230631917046,0.943562523026204,0.110292887127397,4.63732667078406e-13,"Eif3k",3.88818278018509e-12,0.110292887127397
0.57844151969547,0.628054303773138,0.110289394839421,4.64521028222193e-13,"Polr2e",3.89072727604893e-12,0.110289394839421
0.66728641170118,0.822408307672215,-0.110200299759998,4.85084538760581e-13,"Pten",4.05872610950459e-12,0.110200299759998
0.0601050843821156,0.0781465397215899,-0.110172638755969,4.91648680688784e-13,"Ampd3",4.10936355609042e-12,0.110172638755969
0.670916725800354,0.671474221021306,0.110073602564421,5.15873375112282e-13,"Tma7",4.30735479906447e-12,0.110073602564421
0.32187573256826,0.443921846072123,-0.110059159628263,5.1950268411293e-13,"Ptk2",4.33314920719558e-12,0.110059159628263
1.925952750209,1.67180525188842,0.110019204544137,5.29673902441479e-13,"Rpl11",4.41339916219151e-12,0.110019204544137
0.0822774532895502,0.108173336117399,-0.109922426534367,5.55127320255289e-13,"Efr3b",4.62068632544444e-12,0.109922426534367
0.305453523607474,0.361537944926432,0.109798978948,5.8934309715451e-13,"Samm50",4.90040312079564e-12,0.109798978948
0.113420741062193,0.169739742915794,0.109700039651047,6.18252636048432e-13,"Tmem55b",5.13546496030291e-12,0.109700039651047
0.231659085113054,0.27891742518288,0.109648198619399,6.33951370225716e-13,"Sigmar1",5.26041964290708e-12,0.109648198619399
0.0979611542036582,0.149266262235341,-0.109615656382724,6.44005117084407e-13,"Tafa1",5.33832340855918e-12,0.109615656382724
1.30875657649441,1.14765969778966,0.109607205968145,6.46641314018326e-13,"Tuba1b",5.35464386345e-12,0.109607205968145
0.749476018513386,0.952125853428036,-0.109594851137301,6.50514604737802e-13,"Map1b",5.3811641117692e-12,0.109594851137301
1.86387219261335,1.94555603172532,0.109556096429541,6.62812676179486e-13,"Rpl9",5.47724913868609e-12,0.109556096429541
0.112744124620846,0.135764234424996,0.10953523960084,6.69525333574914e-13,"Taf6l",5.52702806235093e-12,0.10953523960084
0.62165964725703,0.698756564448277,0.109415148042299,7.09494065520014e-13,"Bzw1",5.85095619910852e-12,0.109415148042299
0.185909972321604,0.319770488671493,-0.109401080481118,7.14326527440669e-13,"Nedd4l",5.88475981127713e-12,0.109401080481118
0.929792664638845,0.913545677381053,0.109362089268223,7.27890171285221e-13,"Arf4",5.99034947117191e-12,0.109362089268223
0.340772292381463,0.397001047803799,0.109355825931443,7.30092392128094e-13,"Tfg",6.00231696151212e-12,0.109355825931443
0.211425775634326,0.294615469496373,0.109315893719564,7.44287271553093e-13,"Tril",6.11275441856911e-12,0.109315893719564
0.461715387476239,0.722637852216632,-0.109312539994885,7.45491687773925e-13,"Ehbp1",6.11604331808182e-12,0.109312539994885
1.16969278633372,0.996632304999183,0.109310536351236,7.46212164556593e-13,"Atp5c1",6.11604331808182e-12,0.109310536351236
0.613769777227085,0.650417107978643,0.109273000489094,7.59836421306e-13,"Rnf187",6.22135453526464e-12,0.109273000489094
0.0706952260848676,0.092789954116941,-0.109264608790889,7.62915547751607e-13,"Disc1",6.24019811942802e-12,0.109264608790889
0.169508458882403,0.219697071153796,0.109161399465842,8.01801722484269e-13,"Mospd3",6.55158556131749e-12,0.109161399465842
0.763436394401322,0.783819151768841,0.109114027304841,8.2029504714847e-13,"Psma4",6.69587737367175e-12,0.109114027304841
0.178982056764293,0.252620450517653,-0.109076377282428,8.3529092013015e-13,"Reck",6.81135603976049e-12,0.109076377282428
0.0805776217458464,0.0947294207260426,-0.109059769597872,8.41990888275135e-13,"Odr4",6.85612153016763e-12,0.109059769597872
0.631210926943864,0.673584438732864,0.109057750213171,8.42809147042311e-13,"Polr2g",6.85612153016763e-12,0.109057750213171
0.69358910324321,0.813625775605275,-0.109056431380307,8.43343961898735e-13,"Erbb3",6.85612153016763e-12,0.109056431380307
0.134943520293641,0.180670614919245,0.109037781414977,8.50942663992551e-13,"Gpsm1",6.91089467193951e-12,0.109037781414977
0.451015171493601,0.516010672948904,0.109008113520281,8.63169127113917e-13,"Strap",7.00310321128622e-12,0.109008113520281
0.0735289185548203,0.0968960959379117,-0.108965146434893,8.81182450485488e-13,"Soga1",7.14202826534905e-12,0.108965146434893
0.169249279418779,0.21716892060771,0.10891750870993,9.01585155580237e-13,"Mrps31",7.30001946354775e-12,0.10891750870993
0.0782423215173006,0.0915077533160614,-0.108862318950626,9.25802254972694e-13,"Ro60",7.48854565917429e-12,0.108862318950626
0.1521847553623,0.234580255211805,-0.108780714709442,9.62783607250877e-13,"Lrba",7.7798345061239e-12,0.108780714709442
0.317100873642533,0.435160357255027,-0.108688581700584,1.00627972774296e-12,"Paqr6",8.12312729920472e-12,0.108688581700584
0.769483283621172,0.791259387185607,0.108594004977116,1.05293375022513e-12,"Ssr4",8.49119639377532e-12,0.108594004977116
0.0900270444819524,0.130807416008661,-0.108554637743752,1.07297290998322e-12,"D630045J12Rik",8.64411107400139e-12,0.108554637743752
1.56017401813163,1.72980571779548,0.108521654634427,1.090050006983e-12,"Rpl28",8.77287989571872e-12,0.108521654634427
0.136108624860694,0.177826655127669,0.108418665017763,1.14510735777741e-12,"Map3k11",9.20675494870331e-12,0.108418665017763
0.314213584836329,0.385335770559352,0.108411982894033,1.14877232032187e-12,"Pofut2",9.22697607433705e-12,0.108411982894033
1.26406735066161,1.34796723927762,0.108282281176051,1.22223286798036e-12,"Rpl12",9.80719653267443e-12,0.108282281176051
0.273328829064524,0.324987319871347,0.108264124491733,1.23287741271907e-12,"Lap3",9.88272563402381e-12,0.108264124491733
0.29706845463308,0.351118568209218,0.108147883537803,1.30321191276607e-12,"Tmem128",1.04361001876596e-11,0.108147883537803
0.0678896911421873,0.0907499344348813,-0.108076009980991,1.34865433600138e-12,"E130114P18Rik",1.07892346880111e-11,0.108076009980991
0.501423607284984,0.549619374443944,0.107988617818683,1.40600588146284e-12,"Tomm5",1.12368438175875e-11,0.107988617818683
0.11097289526652,0.174056452340501,0.107984309750765,1.40889410468928e-12,"1110004E09Rik",1.12487226826137e-11,0.107984309750765
0.614738797426791,0.71598426922404,0.107974753451792,1.41532164382054e-12,"9530068E07Rik",1.12888080218847e-11,0.107974753451792
0.82763488560073,0.899029912076756,0.107888888628333,1.47437929246325e-12,"Atxn7l3b",1.17481821675522e-11,0.107888888628333
0.37255607318545,0.541958800610542,-0.107883039957594,1.47848877596003e-12,"Rere",1.1769240018158e-11,0.107883039957594
0.227216763894104,0.295849770410614,0.107856892410992,1.49699876768442e-12,"Ash2l",1.19047751356787e-11,0.107856892410992
0.811530246164732,0.86905075038164,0.107841215874369,1.50820505335809e-12,"Snrpd3",1.19820171763815e-11,0.107841215874369
1.81006480663765,1.32951151790932,0.107741291932869,1.58159354134346e-12,"Ldhb",1.2552627671355e-11,0.107741291932869
0.238777533211543,0.334418603058689,-0.107698593499141,1.61401080451227e-12,"Fam171a1",1.2797255627872e-11,0.107698593499141
0.323700851467782,0.382797661794168,0.107651405415988,1.65059490359822e-12,"Mmp15",1.30744062255401e-11,0.107651405415988
0.622828959424623,0.639277790875188,0.107627196123658,1.66967833743019e-12,"Cycs",1.32125236484614e-11,0.107627196123658
0.151618532616119,0.190703459773638,0.107564725385726,1.71992726725571e-12,"Med9",1.35967452142461e-11,0.107564725385726
1.03814851626425,0.912218213650668,0.107533696950606,1.74543354691111e-12,"Psmb3",1.37848019492271e-11,0.107533696950606
1.93815952398017,1.72819385260006,0.107518989687357,1.757652568642e-12,"Rpl35a",1.38676540912324e-11,0.107518989687357
0.348872934125337,0.524367628493248,-0.107469213920645,1.7996326739419e-12,"Diaph2",1.41849239447051e-11,0.107469213920645
0.773433183916397,0.824612744894185,0.107384941870932,1.87295872392711e-12,"Ssr2",1.47484011784015e-11,0.107384941870932
0.132351254662148,0.170426343688551,-0.107379993234282,1.877354492499e-12,"Rsph9",1.47685220076588e-11,0.107379993234282
0.349645353106825,0.474790492567231,-0.107229536616624,2.01593968600495e-12,"Itgb3",1.58431929877607e-11,0.107229536616624
0.111096180467672,0.164783083485073,-0.107200715649163,2.04360868485746e-12,"Rarb",1.60394665999755e-11,0.107200715649163
0.381309494752212,0.501513384954028,-0.107199367468647,2.04491205530595e-12,"Chd9",1.60394665999755e-11,0.107199367468647
0.1122319344749,0.165294815691696,0.107094745296183,2.14858207434083e-12,"Plekhg2",1.68361548481551e-11,0.107094745296183
0.0725760730902022,0.087319217317946,-0.107067035693353,2.17689176725074e-12,"Tut7",1.70413458930926e-11,0.107067035693353
1.55413903486543,1.10200471062108,0.10696221218382,2.2873322623598e-12,"Cox6b1",1.78884542623538e-11,0.10696221218382
0.301292551828246,0.411318546075276,-0.106954632035623,2.29552824874711e-12,"Aig1",1.79350717312043e-11,0.106954632035623
0.729144374485453,0.763248928698875,0.106837151570712,2.42629622479387e-12,"Metap2",1.89383277312704e-11,0.106837151570712
0.107980535590327,0.136893143400666,-0.106800346773923,2.46874624506861e-12,"Prxl2a",1.92509425368616e-11,0.106800346773923
0.101993079298777,0.145037201048908,0.106783116347336,2.48886893641662e-12,"D10Jhu81e",1.93890139279679e-11,0.106783116347336
0.0742650837565105,0.111846484311805,0.106773969154003,2.49961681267412e-12,"Egfl7",1.94538557758459e-11,0.106773969154003
0.402348472748145,0.455988306699606,0.106646029244748,2.65480055130284e-12,"Timm17a",2.06415887826104e-11,0.106646029244748
0.491326017027551,0.700346504562713,-0.106631073359106,2.67354652565839e-12,"Baz2b",2.07672190918518e-11,0.106631073359106
0.351595724350267,0.435500203630603,0.106609711156753,2.70054752947678e-12,"Nudcd2",2.09566667084349e-11,0.106609711156753
0.109314010235461,0.139776913997614,0.106600584692434,2.71216436610015e-12,"Mcts2",2.10264800710992e-11,0.106600584692434
0.0704870047491784,0.0968979156515731,-0.106584301426999,2.73301270475613e-12,"Abca6",2.11676582461034e-11,0.106584301426999
0.942289006076926,0.874953374261764,0.106572106552394,2.74872926952825e-12,"Arf1",2.12688559871694e-11,0.106572106552394
0.67598067193335,0.741753298562707,0.106561422016481,2.76257213055679e-12,"Tra2b",2.13553745429554e-11,0.106561422016481
0.0684279327587968,0.0958911574709095,-0.106499523255398,2.84412316107785e-12,"Eepd1",2.19435755135548e-11,0.106499523255398
0.560320115216823,0.617099000775608,0.106499516327344,2.84413241950361e-12,"Eif3l",2.19435755135548e-11,0.106499516327344
1.33624168693726,1.04351938876258,0.106421935332732,2.94968354787053e-12,"Atp5d",2.27171311542133e-11,0.106421935332732
0.169394818588714,0.2205213643008,-0.106421666306395,2.95005616434325e-12,"Gask1b",2.27171311542133e-11,0.106421666306395
0.114346033140838,0.155179618790956,0.106374986423367,3.01541390869149e-12,"Igf2bp3",2.31981603100101e-11,0.106374986423367
0.184665696767964,0.257445267386668,-0.106277697875663,3.15622513323901e-12,"Smg1",2.42581901045113e-11,0.106277697875663
0.761548068965291,0.767898494483445,0.106264949084913,3.17514833362937e-12,"Ndufa12",2.43802777311407e-11,0.106264949084913
0.0671176503404985,0.0885575747042634,0.106231927468875,3.22468136195046e-12,"Mansc1",2.47369438320177e-11,0.106231927468875
1.97965308330133,1.8191586060553,0.106189951759616,3.28874019414375e-12,"Fau",2.52042514974302e-11,0.106189951759616
0.124119694260192,0.158809419450893,-0.106096535374118,3.43581226826348e-12,"Gpam",2.63062572905975e-11,0.106096535374118
0.272050699252413,0.336998306059508,0.106033674957841,3.53838649777328e-12,"Csnk1d",2.706578956924e-11,0.106033674957841
0.327850702965,0.393418876090837,0.105963491602751,3.65645830789618e-12,"Cyth2",2.7942306154818e-11,0.105963491602751
0.0613858365195653,0.0787994160453893,0.105841058947895,3.87174187504425e-12,"Gm26699",2.95593309280257e-11,0.105841058947895
0.262368167103107,0.40958488179706,-0.105810037215841,3.92823330872901e-12,"Fbxl17",2.99621141342601e-11,0.105810037215841
0.683431572527716,1.33228137446384,0.105765416117537,4.01090868748725e-12,"Wdr89",3.05636574628658e-11,0.105765416117537
0.563210748931444,0.701036726587143,0.105745032001021,4.04924218583349e-12,"Atf4",3.08264888986034e-11,0.105745032001021
1.93429631368447,2.0874432251342,0.105733384158152,4.0713075840428e-12,"Rpl3",3.09650919946535e-11,0.105733384158152
0.26143823604489,0.368679693745428,-0.105645807041331,4.24102819802309e-12,"Ralgapa1",3.22253885046755e-11,0.105645807041331
0.215435149148341,0.321136183774425,-0.105608545564989,4.31532437383645e-12,"Exoc6b",3.27589051803819e-11,0.105608545564989
0.0807476034151936,0.110100749548859,-0.105585434195361,4.36204579622501e-12,"Epb41l4a",3.30822830518993e-11,0.105585434195361
0.724521028584447,0.746941209531804,0.105578147972961,4.37687797196351e-12,"Cope",3.31634266733099e-11,0.105578147972961
0.24569697109819,0.282390668294956,0.105576005259894,4.38124917564142e-12,"Zfas1",3.31652296088177e-11,0.105576005259894
1.27439402040827,3.32600942815559,0.105461772799247,4.62058534079329e-12,"mt-Rnr2",3.49439931899391e-11,0.105461772799247
0.209683548483209,0.276967520888556,-0.10544491646427,4.65697005773407e-12,"Leng8",3.51859959917685e-11,0.10544491646427
1.02565663809879,0.936076704718868,0.105329964197709,4.91269202368279e-12,"Atp5o",3.70831992455604e-11,0.105329964197709
0.382980057785512,0.449972312769413,0.105256665780978,5.08288270703424e-12,"C1d",3.83318147004162e-11,0.105256665780978
0.820004240451134,0.811488613759896,0.105190868937264,5.24056726094619e-12,"Ndufc1",3.94838607528941e-11,0.105190868937264
0.630013913973152,0.658409428646655,0.105185710563172,5.2531301657241e-12,"Pdcd5",3.95413850373078e-11,0.105185710563172
0.979503782107807,0.925455791838567,0.105175201836731,5.27881488883756e-12,"Arpc2",3.96974795389246e-11,0.105175201836731
0.103023040770317,0.14254092170773,-0.105149240849808,5.34279563560398e-12,"Atxn7l1",4.01410039139385e-11,0.105149240849808
0.36297814273591,0.499676802749665,0.105128972626716,5.39327418363318e-12,"Gm2000",4.04823499059613e-11,0.105128972626716
0.146575074213736,0.279032586892735,0.105116167177375,5.42540706772338e-12,"Tjp2",4.06854825340303e-11,0.105116167177375
0.559280353053508,0.613686021628687,0.105055494981363,5.58022039755448e-12,"Psmc4",4.1807365518186e-11,0.105055494981363
0.0988205604078313,0.14150371458511,-0.105010844987264,5.69690746215747e-12,"Fap",4.26417774965966e-11,0.105010844987264
1.02516391274245,0.894444367403811,0.104969646679613,5.80669261939741e-12,"Atp6v1g1",4.34230210419803e-11,0.104969646679613
0.443982025419015,0.553827282248425,-0.104934760627461,5.90127554442904e-12,"Nfic",4.40892318142445e-11,0.104934760627461
1.0305408248082,0.920895969482398,0.104912537523711,5.96231202760749e-12,"Clta",4.45038062414163e-11,0.104912537523711
0.453326254529344,1.21786258761244,0.104903266131724,5.98795866774112e-12,"Ctnna3",4.46139142223777e-11,0.104903266131724
0.209082339773047,0.287820504743067,0.104903184971303,5.9881836512339e-12,"Prmt5",4.46139142223777e-11,0.104903184971303
0.920945948348965,1.05521722107502,0.104899476303318,5.99847323059908e-12,"Ubl3",4.46491179984481e-11,0.104899476303318
0.25448469061351,0.353028947226728,-0.104796472335551,6.29127873811154e-12,"Ammecr1",4.67851905418045e-11,0.104796472335551
0.0801300096211951,0.098662380446722,-0.104748902064025,6.43118816565064e-12,"Gm43305",4.77813461492414e-11,0.104748902064025
0.18625033114029,0.23408690715542,0.104734788401139,6.47328118935734e-12,"Coasy",4.80495913630003e-11,0.104734788401139
0.599966168824759,0.713732696448717,0.104703964865907,6.56615086330927e-12,"Banf1",4.86938951267963e-11,0.104703964865907
1.156566440037,1.32466800406342,0.104683312943364,6.6291029449076e-12,"Peli2",4.9115348134754e-11,0.104683312943364
0.39588590943416,0.568337285305222,-0.104615037959432,6.84145920937463e-12,"Prdm16",5.06419452915332e-11,0.104615037959432
1.29920812389814,1.16909295181775,0.104562483072893,7.00944676043329e-12,"Ubc",5.1837604429232e-11,0.104562483072893
0.329673056439652,0.393759115749536,0.10454266347671,7.07384221238197e-12,"Mdp1",5.22656629025349e-11,0.10454266347671
0.266503276114401,0.346401938818189,-0.104369083018181,7.66315009691207e-12,"Usp9x",5.65515306433029e-11,0.104369083018181
0.582946965742128,0.74324733816869,-0.104367708268456,7.66800415502412e-12,"Wwtr1",5.65515306433029e-11,0.104367708268456
0.275013291716115,0.354263353103878,0.10434359640509,7.75363122833533e-12,"Tpp1",5.71305206392678e-11,0.10434359640509
0.860618457107148,0.9107673469244,-0.104335911878661,7.78111714275539e-12,"Fbxo7",5.72804439940085e-11,0.104335911878661
0.910734276968991,0.874835262295728,0.104260261570771,8.0568477539586e-12,"Tkt",5.9255862857712e-11,0.104260261570771
0.0892417450407115,0.135654166439457,-0.104198299630362,8.28979699746645e-12,"Celsr1",6.09133068751564e-11,0.104198299630362
0.14221746661492,0.209613972601088,-0.104184119822535,8.34402730158146e-12,"Bicra",6.12556953960564e-11,0.104184119822535
0.122827134272307,0.209582612558507,-0.104139654356498,8.51634739666411e-12,"2210408I21Rik",6.24635937027722e-11,0.104139654356498
0.406980167854708,0.441071329735385,0.104121255166183,8.5886662785419e-12,"Mcrip1",6.29364915242194e-11,0.104121255166183
0.798634156931276,0.766807861119314,0.104097352512486,8.68351563863924e-12,"Psmb5",6.35734758069719e-11,0.104097352512486
0.209269438184356,0.282953739549372,-0.104084936808226,8.7331871204465e-12,"Myo18a",6.3878845446183e-11,0.104084936808226
0.136991016546868,0.191119117864655,-0.104080308285307,8.75177556344247e-12,"Setd7",6.39565092177253e-11,0.104080308285307
0.539691168583727,0.606941885249579,0.104057196762141,8.84517431195563e-12,"Snrnp27",6.45802353768262e-11,0.104057196762141
0.206766478764535,0.29148287035595,-0.104035048934161,8.93559426575316e-12,"Rc3h1",6.51810985349121e-11,0.104035048934161
0.0938072490666712,0.136850103544171,0.103907308270421,9.47504596706255e-12,"Plekhf1",6.90533776927429e-11,0.103907308270421
0.91318951784099,0.869962888419557,0.103895662524032,9.52578375839006e-12,"Arhgdia",6.93601532462086e-11,0.103895662524032
0.944891028884454,0.899459641135026,0.103870818157102,9.63491581972893e-12,"Eif3h",7.00911736514097e-11,0.103870818157102
0.544517084748207,0.572168035252029,0.103855146402338,9.70438482223595e-12,"Pfdn2",7.05325940340772e-11,0.103855146402338
0.479509217972033,0.552282267241302,0.103834137939571,9.79828016823293e-12,"Atp1a1",7.1150588298553e-11,0.103834137939571
0.0756610616980681,0.0926329575465472,-0.103786087469823,1.00163945632844e-11,"Cplane1",7.26686708641897e-11,0.103786087469823
2.50361926693884,1.47564629092242,-0.10377885081003,1.00496531086694e-11,"mt-Nd2",7.28440980523608e-11,0.10377885081003
0.107786531599559,0.146748652303006,0.103728216092149,1.0285407113395e-11,"Fam220a",7.44856558464633e-11,0.103728216092149
0.445303299315961,0.524645545916339,0.10364101758649,1.07041583121423e-11,"Mrps12",7.74483014397024e-11,0.10364101758649
0.20111446604812,0.29156693981181,0.103493652819271,1.1450100360237e-11,"Pacs2",8.27708155770648e-11,0.103493652819271
0.145824718261358,0.212115348029847,-0.103491004707613,1.14639598635267e-11,"Vps13b",8.27964121916632e-11,0.103491004707613
1.829095287279,2.09931281030895,0.103471467395185,1.15667218259355e-11,"Rpl10",8.34634675641245e-11,0.103471467395185
0.296925847886274,0.323326327409843,0.103448387163667,1.16892813425158e-11,"Mrpl57",8.42720516552981e-11,0.103448387163667
0.300067678804273,0.376667453333424,0.103400670082581,1.19467120957984e-11,"Dda1",8.60506443955894e-11,0.103400670082581
0.0784194539638785,0.103150866245049,0.103375053251504,1.20871950012213e-11,"Slc9a6",8.69844418742595e-11,0.103375053251504
0.340030306023079,0.397396113352307,0.103345983195738,1.22485752705812e-11,"Sf3b4",8.80484085957753e-11,0.103345983195738
0.18099969212455,0.230365443941528,0.103344478066049,1.22569880859273e-11,"Uchl3",8.80484085957753e-11,0.103344478066049
0.250564588812285,0.315890484528979,0.103306045615554,1.24737305701662e-11,"Exosc1",8.95252362209421e-11,0.103306045615554
2.22687724371847,2.01640274341444,0.103214502766855,1.30052204846815e-11,"Ppia",9.32563799544988e-11,0.103214502766855
0.0748523034588607,0.100207424653597,-0.103153576586073,1.33711763462055e-11,"Ctdspl",9.57949276803154e-11,0.103153576586073
0.516696066119807,0.559624008675012,0.103149938355977,1.33933457133234e-11,"Mrpl12",9.58681587901046e-11,0.103149938355977
0.299688662192331,0.358883278804868,0.103085676609885,1.3790905386441e-11,"Mrpl34",9.86258688242448e-11,0.103085676609885
0.257609859645728,0.307168154131241,0.103064010907164,1.39275283424261e-11,"Plod1",9.95142363487329e-11,0.103064010907164
1.12095044078549,1.0113209059961,0.103018060459412,1.42216900626321e-11,"Atp5g1",1.01525659308327e-10,0.103018060459412
0.445980010088087,0.517868292400442,0.102958997255905,1.46087432718541e-11,"Tusc3",1.04196049789651e-10,0.102958997255905
1.50020254780333,1.09995738767716,0.102921990031639,1.48564945840511e-11,"Ndufa4",1.05775719064412e-10,0.102921990031639
1.79764528302086,2.09776420956654,0.102921976685599,1.48565846691915e-11,"Rps27",1.05775719064412e-10,0.102921976685599
0.198432936186601,0.255442319570888,0.102913737044999,1.49123040621858e-11,"Rpf2",1.06078304782783e-10,0.102913737044999
0.190846563211953,0.266340271513779,-0.102870087463003,1.52109080978006e-11,"Ubr5",1.08106578013066e-10,0.102870087463003
0.499886005061314,0.653187454636468,-0.102779601010497,1.58486851614588e-11,"Tnrc6b",1.12539690031456e-10,0.102779601010497
0.173031791200694,0.259215251846382,-0.102757661308316,1.60072236482703e-11,"Kat6b",1.13564953628401e-10,0.102757661308316
0.20597447169556,0.29671417503801,-0.102706768685726,1.6380980314815e-11,"Hdac8",1.16113945270385e-10,0.102706768685726
0.0955005485638457,0.142093417290658,-0.102652963464976,1.67854169769251e-11,"Col8a1",1.18875715642407e-10,0.102652963464976
0.0887222382475542,0.119870124224382,-0.102613810983399,1.70858416802924e-11,"Tanc1",1.20896643423868e-10,0.102613810983399
0.197402514917683,0.278319466930008,-0.102596533086697,1.72200863572377e-11,"Acap2",1.21739183198657e-10,0.102596533086697
0.110396143907779,0.156231402936843,-0.102586519685599,1.7298359844371e-11,"Zzef1",1.22184893830311e-10,0.102586519685599
0.260187994521029,0.392154118738759,-0.102539144329668,1.76734339918243e-11,"Nfat5",1.24724392568512e-10,0.102539144329668
0.124124514844317,0.177054641707784,-0.102507480366004,1.79285461669555e-11,"Dtna",1.26413580354702e-10,0.102507480366004
0.221573955339799,0.312870853701761,-0.102444162811987,1.84495442492702e-11,"Dmxl1",1.29972908741127e-10,0.102444162811987
0.317773547469333,0.447372009428636,-0.102429415313088,1.85730031924182e-11,"Phf21a",1.30727875101723e-10,0.102429415313088
0.210700068689456,0.26588243965153,-0.102396076696212,1.88550859272198e-11,"Timm23",1.32597028466268e-10,0.102396076696212
0.0686029193014416,0.0921047084575393,-0.102388299597597,1.8921489848067e-11,"Kctd17",1.3294749084141e-10,0.102388299597597
0.114877732420098,0.153673744821542,0.102377268620933,1.90160694110507e-11,"Gfer",1.33495136442932e-10,0.102377268620933
0.158992770493592,0.224506327142318,-0.102184075321714,2.07495304931128e-11,"Taf1",1.4553691667547e-10,0.102184075321714
0.359601236679543,0.519922478391243,-0.102143138904889,2.11362231176535e-11,"Hivep2",1.48119698075154e-10,0.102143138904889
1.5039288298334,1.69849964247419,0.102096208296358,2.15882198412161e-11,"Rps12",1.5115521466485e-10,0.102096208296358
0.168626079547626,0.187771998752426,0.102011467790127,2.24284529349836e-11,"Ak6",1.56901400479781e-10,0.102011467790127
0.126679231824818,0.170272961385127,-0.102007510294597,2.24684654680365e-11,"Dpysl3",1.57044396267879e-10,0.102007510294597
0.59715787366695,0.828492011013132,-0.101997030842911,2.25747564120962e-11,"Igsf11",1.57649996040609e-10,0.101997030842911
0.066705836380818,0.0951251613803457,0.101802440495608,2.4640255386086e-11,"Rfwd2",1.71808430033276e-10,0.101802440495608
0.302456819445474,0.392585882263313,-0.10180201189529,2.46450028624502e-11,"Mxra8",1.71808430033276e-10,0.10180201189529
0.236825368476134,0.303995337184541,-0.101652409326997,2.63579766953874e-11,"Rgmb",1.83590629343566e-10,0.101652409326997
0.173513345145967,0.24259181900605,-0.101642215325004,2.64788487048555e-11,"Wdfy3",1.84272577630321e-10,0.101642215325004
0.612021533774135,0.731026038292659,0.101576906163148,2.72661998618746e-11,"Prss12",1.89587510997991e-10,0.101576906163148
0.578071357072202,0.635995357178336,0.10154948920744,2.76035176323031e-11,"Cct4",1.91766775308745e-10,0.10154948920744
0.193860902462548,0.249288370967117,-0.10145224242156,2.88332196760816e-11,"Tmem223",2.0013646598692e-10,0.10145224242156
1.37960581787407,1.04224482796966,0.101420609632407,2.92446555748929e-11,"Ndufa13",2.02816868049214e-10,0.101420609632407
0.093973264754045,0.15823452960307,-0.101416447859598,2.92992119882688e-11,"Timp1",2.03019755607832e-10,0.101416447859598
0.0649781408962119,0.0794543503125599,-0.101320405884162,3.05862504473621e-11,"Nwd1",2.11755024667501e-10,0.101320405884162
0.555121558303779,0.697646309574038,-0.101310291405353,3.07249693985175e-11,"Cald1",2.12532029701469e-10,0.101310291405353
0.174819409909056,0.261816447778139,-0.101251576079874,3.15424852140767e-11,"Dlg1",2.1799905371038e-10,0.101251576079874
0.105188699233029,0.171057033688692,-0.101226873744322,3.18927507962497e-11,"Emp1",2.20230148355514e-10,0.101226873744322
0.256829107355215,0.391916397183397,0.101148804652559,3.30249306382966e-11,"Arrdc3",2.27852143973939e-10,0.101148804652559
0.430833832487158,0.612189414250767,-0.101099778842542,3.37559173224373e-11,"Uaca",2.32695430064637e-10,0.101099778842542
0.122328004038107,0.15768450323123,-0.101094612368069,3.38338664519737e-11,"Hipk1",2.3303257030956e-10,0.101094612368069
0.081450771875071,0.10242333966496,0.101062496911432,3.43223725227222e-11,"Fam210b",2.36194440070603e-10,0.101062496911432
0.32817429434121,0.426840909115855,0.101051066961247,3.44978921918088e-11,"Mtmr2",2.37198874847536e-10,0.101051066961247
0.653692717930178,0.684847217931876,0.10098256631241,3.55683449650678e-11,"Tmem147",2.44349657533993e-10,0.10098256631241
0.840795576579309,0.802667247061057,0.100847556322809,3.77741117451678e-11,"Ndufb5",2.59280986007892e-10,0.100847556322809
0.575323469905353,0.74613256417638,-0.100834544447956,3.79936348706857e-11,"Dnajc1",2.6056489419007e-10,0.100834544447956
0.289185662744977,0.342860772802441,0.100824752401687,3.81596587752314e-11,"Pop5",2.61480018797999e-10,0.100824752401687
0.122322637892288,0.1628900435066,0.100777581390328,3.89694377814135e-11,"Kctd10",2.66800997233841e-10,0.100777581390328
0.330774976233386,0.418954864606525,-0.100737287871295,3.96744441524657e-11,"Tmem47",2.71396197680635e-10,0.100737287871295
0.922013100157951,0.915577254690148,0.100645347829073,4.1330134962419e-11,"Srsf2",2.82481263150298e-10,0.100645347829073
0.187070393881664,0.300905516504225,-0.10058788081757,4.23991463190605e-11,"Fjx1",2.89397120654781e-10,0.10058788081757
0.516860083187168,0.560638356059063,0.100587085220106,4.24141343332531e-11,"Lamtor4",2.89397120654781e-10,0.100587085220106
0.197647846299959,0.230382477879487,0.100578143492428,4.25829415952146e-11,"Acads",2.90302058929483e-10,0.100578143492428
0.0981315600100074,0.138117947705208,0.10053003273103,4.35025466629833e-11,"Gdpd5",2.96319553840219e-10,0.10053003273103
0.109111445964154,0.15756006000022,-0.100504851522891,4.3991583665341e-11,"Sipa1l2",2.99396494767342e-10,0.100504851522891
0.166697326868492,0.223975771928534,-0.100495989024704,4.41649756462876e-11,"Cmss1",3.00321834394756e-10,0.100495989024704
0.660629979205381,0.685674242894103,0.100448887944015,4.50977696006481e-11,"U2af1",3.06405167887892e-10,0.100448887944015
0.0822179324959029,0.102399294563333,-0.100430580790844,4.54655025855893e-11,"Armh3",3.08642295048028e-10,0.100430580790844
0.144738470134168,0.16948334299621,0.100396580189042,4.61562645391256e-11,"Pex7",3.13066666662674e-10,0.100396580189042
0.155133756355558,0.201826191549915,0.100391288024426,4.62647001305051e-11,"Yrdc",3.13537123181734e-10,0.100391288024426
0.0994604854653939,0.157050692611551,-0.100377538870302,4.65475838807667e-11,"Dock4",3.1518802789812e-10,0.100377538870302
0.280921777319393,0.419121616375917,-0.100352838155652,4.70600473871095e-11,"Prkce",3.18389393114812e-10,0.100352838155652
0.241703089270076,0.302813464749512,0.100286266410901,4.84688378286226e-11,"Tor1a",3.27644443754733e-10,0.100286266410901
0.612646515248112,0.732526721030232,-0.100276037756251,4.86889204764891e-11,"Ctsl",3.28855132915276e-10,0.100276037756251
0.0823638302401265,0.134234351091548,0.100241650915929,4.94359867792963e-11,"Gm10036",3.3362014963589e-10,0.100241650915929
0.0944763276852264,0.121323243814751,-0.100208847636647,5.01590913553204e-11,"Pip4p1",3.38215587424446e-10,0.100208847636647
0.125102756916235,0.170600676425904,-0.100111268407861,5.23717874765287e-11,"Mid2",3.52786929151986e-10,0.100111268407861
0.190410786796832,0.254695035393112,-0.100109703984386,5.24080283585702e-11,"Lix1",3.52786929151986e-10,0.100109703984386
0.167829810455758,0.216961164789976,-0.0999581492468606,5.60376498345778e-11,"Pakap.1",3.76903690086045e-10,0.0999581492468606
0.109797481174015,0.149056177834979,-0.0998959626963018,5.75970876977017e-11,"Ralgapb",3.87067865733969e-10,0.0998959626963018
0.198567633217498,0.275044789333659,-0.0998939564245723,5.76480986968033e-11,"Fcho2",3.87086480287155e-10,0.0998939564245723
0.0695521685899321,0.099354022371606,-0.0998820496792239,5.79517471356365e-11,"Flrt3",3.88800015899956e-10,0.0998820496792239
0.433219173781504,0.640533058379027,-0.0998684710184189,5.82999420778144e-11,"Serinc5",3.90809302616861e-10,0.0998684710184189
0.641459040898236,0.660585121812693,0.099846905386891,5.8857153892981e-11,"Ndufs2",3.94215194354992e-10,0.099846905386891
0.126490445932059,0.177195033086885,-0.0998027024843715,6.00155904569509e-11,"Ksr1",4.01638947311571e-10,0.0998027024843715
0.197312007098506,0.264821182687376,-0.0997795956157417,6.06300008041005e-11,"Rps6ka3",4.05412605376752e-10,0.0997795956157417
0.256240378405264,0.324510509622767,0.0997530390191236,6.13437371762897e-11,"Mmadhc",4.09843586263571e-10,0.0997530390191236
0.360884562800898,0.758806927130849,0.0996798928703771,6.33523607327688e-11,"mt-Rnr1",4.22911266655355e-10,0.0996798928703771
0.102355260948739,0.135240704894956,-0.0996258392191842,6.48778735210988e-11,"Folh1",4.32734877085034e-10,0.0996258392191842
0.411417394874721,0.424623223595831,0.0995840559195716,6.60816454862108e-11,"Mydgf",4.4039794300777e-10,0.0995840559195716
1.11043948078227,0.972245438018519,0.0995598866339506,6.67878999994393e-11,"Uqcr10",4.44735360660167e-10,0.0995598866339506
0.0751453291777943,0.10524815843194,-0.0995145274372992,6.81333235841567e-11,"Tnfaip8",4.53318232536711e-10,0.0995145274372992
0.266430662558225,0.326166443318577,0.0995032559079039,6.8471743401651e-11,"Mcts1",4.55192435008159e-10,0.0995032559079039
0.5387789856452,0.590470538463881,0.0994931755127349,6.87757919054322e-11,"Papss1",4.56835227027474e-10,0.0994931755127349
0.489241605703407,0.587950827315744,0.0994740576780432,6.93560606231453e-11,"Cdc42se1",4.60308544615482e-10,0.0994740576780432
0.140059480221225,0.212353127896326,-0.0994651148781761,6.96291349015390e-11,"Rfx3",4.61499411774861e-10,0.0994651148781761
0.48274941868875,0.525110747562517,0.099464415932759,6.96505218917444e-11,"Emc6",4.61499411774861e-10,0.099464415932759
0.0761950917455417,0.0969401895311817,-0.0994347543453646,7.05640783936592e-11,"Lrrc4b",4.6712760742506e-10,0.0994347543453646
0.967657752397304,0.904878111365215,0.0994330677668556,7.06163743527664e-11,"Gdi2",4.6712760742506e-10,0.0994330677668556
1.60364446362269,1.6979098609751,0.0993629910672672,7.2823066603024e-11,"Rpl24",4.81328077778142e-10,0.0993629910672672
0.257781328821752,0.337633059132189,-0.0993297798916696,7.38922822963551e-11,"Ptch1",4.87993146622184e-10,0.0993297798916696
0.123908581776968,0.17414876711859,-0.0993251366691634,7.40429858208248e-11,"Arhgef11",4.88586281436101e-10,0.0993251366691634
0.858200782260854,0.830338480071005,0.099316281297488,7.43312350785961e-11,"Timm13",4.9008531657408e-10,0.099316281297488
0.0720670213635431,0.113848446839011,-0.099254035202326,7.63885796700005e-11,"8030462N17Rik",5.03236423047688e-10,0.099254035202326
0.0659140762174022,0.084987686995558,-0.0992230898825699,7.74319898030625e-11,"Hunk",5.09691785217205e-10,0.0992230898825699
0.494375339873254,0.595935738569155,0.0991985586057077,7.82690199145075e-11,"Slirp",5.14779193273777e-10,0.0991985586057077
0.125699553316078,0.179677974377296,-0.0991966332455548,7.8335088072272e-11,"Mast2",5.14791766332441e-10,0.0991966332455548
0.160755879313114,0.235277066910557,-0.0991834413591461,7.87892323659318e-11,"Usp25",5.17352537237509e-10,0.0991834413591461
0.738877181441124,0.746443507799148,0.0991227326639464,8.09125834180267e-11,"Eif3i",5.30860645418026e-10,0.0991227326639464
0.104706014591817,0.164585551138175,-0.0991152015823756,8.11798596366625e-11,"Fnip2",5.32179079840343e-10,0.0991152015823756
0.369524823687632,0.454933671515836,0.0990259831378799,8.44126201013339e-11,"Psat1",5.52919888729064e-10,0.0990259831378799
0.152496052406398,0.246227358206047,0.0989947563933833,8.55735580787697e-11,"Gm8186",5.60067071797755e-10,0.0989947563933833
0.24947219499743,0.307087644121058,0.0989703909404866,8.64902347838936e-11,"Parl",5.656052517571e-10,0.0989703909404866
0.0781879266487182,0.105486790187054,-0.0989124173670102,8.87100740217647e-11,"Kit",5.79649539047753e-10,0.0989124173670102
0.243898088589748,0.319258287704131,-0.0988874512047328,8.96831073347044e-11,"Sdc2",5.85530718676703e-10,0.0988874512047328
0.058330600893743,0.0638536499145665,-0.0988700194404482,9.03686708494638e-11,"Slc49a4",5.89527003980567e-10,0.0988700194404482
0.74201478880855,0.782253986688784,0.0988432477713176,9.14315431659022e-11,"Nme1",5.95976200132574e-10,0.0988432477713176
0.0755816729954535,0.108076575804466,-0.0988323395807639,9.18681081382261e-11,"Zdhhc18",5.98335795211953e-10,0.0988323395807639
0.433755207723775,0.550821261360072,0.0988132860668283,9.26355555502989e-11,"Gnl3",6.02844848122951e-10,0.0988132860668283
1.34308464540396,1.28830840180327,0.0987989687283808,9.32163565291897e-11,"Atp5l",6.06132937431295e-10,0.0987989687283808
0.663171706352213,0.717349251679541,0.0987970277604822,9.32953677900754e-11,"Sdhb",6.06155490807745e-10,0.0987970277604822
0.210725696667192,0.244902458044182,0.098785394754592,9.377028779541e-11,"Npm3",6.08748211383794e-10,0.098785394754592
0.0631933866891311,0.096655137849186,-0.0986622598868631,9.89444198308248e-11,"Mbd4",6.41818936719918e-10,0.0986622598868631
0.192816113906915,0.265535452925463,0.098647793703423,9.95703063102208e-11,"Gskip",6.4535713879904e-10,0.098647793703423
0.333190031495112,0.41055762821455,0.0985125119890595,1.05613763379126e-10,"Gmfb",6.83974848550533e-10,0.0985125119890595
0.295129533999299,0.354061894974759,0.0985012251405087,1.06133883197625e-10,"Rps19bp1",6.86788934498181e-10,0.0985012251405087
0.233028380896462,0.418439471542562,0.0984580219493948,1.081479978174e-10,"Gria2",6.9925828725771e-10,0.0984580219493948
0.763786224473615,0.755068019807303,0.0984319846084936,1.09379835353986e-10,"Ap2m1",7.06653622286943e-10,0.0984319846084936
0.187635236702437,0.277543048888716,-0.0983939855358582,1.11202228220017e-10,"Tbl1xr1",7.17849299466946e-10,0.0983939855358582
0.345088728709368,0.488187542657742,-0.0983915774965922,1.1131870947836e-10,"Stox2",7.18023573034052e-10,0.0983915774965922
0.357507579201726,0.413665093370392,0.0983110956982459,1.1528108792674e-10,"Fam174a",7.42984296806558e-10,0.0983110956982459
0.119716809593657,0.175763966680986,-0.0982921047726281,1.16235982191582e-10,"Abl2",7.48500487472532e-10,0.0982921047726281
0.282007898213497,0.386185385935448,-0.0982903710044408,1.16323542856212e-10,"Nek7",7.48500487472532e-10,0.0982903710044408
0.0880512944630105,0.125034131462115,0.098285315588561,1.16579225137022e-10,"B230206H07Rik",7.49544633413031e-10,0.098285315588561
0.430308378101773,0.622744248282368,0.0982639963007564,1.17663521825261e-10,"Nop58",7.55910407626817e-10,0.0982639963007564
0.152570071261786,0.285198187765964,0.0982156077953651,1.20161251048436e-10,"Lrch1",7.71339102730122e-10,0.0982156077953651
0.400036622550293,0.620647611374473,-0.0982086038287814,1.20527048955672e-10,"Gab1",7.7306877763414e-10,0.0982086038287814
0.230330144869482,0.285335972787651,0.0981640409834736,1.22880059408844e-10,"Mrps10",7.87531626754447e-10,0.0981640409834736
0.879918233492978,0.818210786472746,0.0981139737995389,1.2557726987739e-10,"Pomp",8.04175589382423e-10,0.0981139737995389
1.04754653507641,0.907227677433196,0.0980981544184429,1.2644145188101e-10,"Srp14",8.09063963232237e-10,0.0980981544184429
0.416676558982,0.587581472870845,-0.0980435472101715,1.29469417374081e-10,"Stag1",8.27778968135159e-10,0.0980435472101715
0.428593123029219,0.605080525217917,-0.0980393056148949,1.29707556542627e-10,"Tcf7l2",8.28641268867865e-10,0.0980393056148949
0.0712648294552539,0.095746534910613,0.0980153032661609,1.31063223538307e-10,"6820431F20Rik",8.36635883589001e-10,0.0980153032661609
0.18411779151689,0.27437849321057,-0.098007415700118,1.31511732598536e-10,"Rab31",8.38831591709581e-10,0.098007415700118
0.174707926008517,0.212883019167962,0.0979661433639066,1.33883155964336e-10,"Bpnt1",8.53279144922819e-10,0.0979661433639066
0.349378212962973,0.497872498041195,-0.097952381955898,1.34683106391173e-10,"Schip1",8.5769622673236e-10,0.097952381955898
0.323981120189339,0.400839222357323,0.0978599134500072,1.40180713729283e-10,"Wbp11",8.91998451200447e-10,0.0978599134500072
0.255963721585744,0.318414324205262,0.0978447177508563,1.41104887886247e-10,"Jagn1",8.9716768652872e-10,0.0978447177508563
0.295239339007381,0.354911356255135,0.097789298925132,1.44526069435524e-10,"Glod4",9.18192542478735e-10,0.097789298925132
0.979150277881467,0.935369833402192,0.0977722825375761,1.45592711385722e-10,"Ptov1",9.24237275442274e-10,0.0977722825375761
0.488434311491521,0.596717074100764,-0.0977093664419535,1.49603689667846e-10,"Slc27a1",9.4894862126071e-10,0.0977093664419535
0.113324083210441,0.146007373167344,-0.097659638623563,1.52850087856323e-10,"Gca",9.687749644227e-10,0.097659638623563
0.0870689308555659,0.125362082114409,-0.0976466946306515,1.53706340070335e-10,"Bmper",9.73433048716946e-10,0.0976466946306515
0.258779029638157,0.331480649392286,0.0976015748365526,1.56727829729723e-10,"Srek1ip1",9.91785572359065e-10,0.0976015748365526
2.14381180467027,1.13893308769398,0.0975687909255191,1.58959550820943e-10,"Cox4i1",1.0051153946314e-09,0.0975687909255191
0.0625651594785598,0.0735360836379789,0.0975410391372006,1.60872952592206e-10,"Gm29358",1.01641304850383e-09,0.0975410391372006
0.196919629507651,0.265172094752354,-0.0975113874656358,1.62942205639193e-10,"Erbin",1.02867683560101e-09,0.0975113874656358
0.414186502020086,0.614622341057411,-0.09748772067552,1.64612437375611e-10,"Zswim6",1.0384042433191e-09,0.09748772067552
0.0773676890734587,0.124231698752055,0.0974366802866133,1.68271624208206e-10,"Atp10b",1.06065319139564e-09,0.0974366802866133
0.0700063528918722,0.0977782069876167,-0.097428586513298,1.68859134648333e-10,"Atp7a",1.06352095480237e-09,0.097428586513298
0.108427456765087,0.147683098678614,-0.0973992164693881,1.71007920178664e-10,"Rtf2",1.07620984432439e-09,0.0973992164693881
0.098790223158598,0.135794041106694,-0.0973958013844394,1.71259502968532e-10,"Pcx",1.07694847321277e-09,0.0973958013844394
0.10363301897673,0.147224480842217,-0.0973269291511139,1.76411042624153e-10,"Ftx",1.10847471105420e-09,0.0973269291511139
0.165088195918675,0.190087400828759,0.097303117208949,1.78227108763808e-10,"Borcs7",1.1190096406266e-09,0.097303117208949
1.17678347827531,1.06481273516338,0.0972865125806827,1.79504287333578e-10,"Lmna",1.12614730380347e-09,0.0972865125806827
0.166611659606257,0.219390411095191,0.0972822003069313,1.79837434084649e-10,"Magohb",1.12735591491815e-09,0.0972822003069313
0.109827032593534,0.139359202157849,-0.0972745928214555,1.80426626959931e-10,"Rxylt1",1.13016647519632e-09,0.0972745928214555
0.595000852195367,0.642014143123712,0.0972215010615954,1.84591350947583e-10,"Bola2",1.15535179407442e-09,0.0972215010615954
0.0797325559651435,0.10919419927104,-0.0972156332724436,1.85057364781967e-10,"Ptpn3",1.15736577943141e-09,0.0972156332724436
0.155696906766487,0.185735597365163,0.0971976248202697,1.86494763732118e-10,"Rab3ip",1.16544702818265e-09,0.0971976248202697
0.400296392404795,0.54762833512325,-0.0971442547221461,1.90819001148345e-10,"Ptpn13",1.19154215191776e-09,0.0971442547221461
0.142633701647105,0.209953635873223,-0.0970989636418525,1.94565330821244e-10,"Vwa8",1.21399083554406e-09,0.0970989636418525
0.340198947266047,0.395028399747902,0.0970379590195063,1.99725162057218e-10,"Aip",1.24521732738704e-09,0.0970379590195063
0.727190781762043,0.707341672836297,0.0970171086618258,2.01519161317828e-10,"Bri3",1.25519672367864e-09,0.0970171086618258
0.0713449371925973,0.0829595982143642,-0.0970157263063261,2.01638656134317e-10,"Galnt2",1.25519672367864e-09,0.0970157263063261
0.0582539137024079,0.0664866827355123,-0.0969837081067712,2.04425845646385e-10,"Mosmo",1.27156045385007e-09,0.0969837081067712
2.15874805657507,1.35973899614953,0.0969227651433187,2.09835276819382e-10,"Tuba1a",1.30419694903077e-09,0.0969227651433187
0.18648404836469,0.261486023360365,-0.0968802023420268,2.13695888569662e-10,"Kat6a",1.3271639395379e-09,0.0968802023420268
0.322566337284913,0.416738477861608,-0.0968104164631693,2.20176325505963e-10,"Ifnar2",1.36635331466345e-09,0.0968104164631693
0.133818416544699,0.17928798978786,-0.0967798541606162,2.23074451793456e-10,"Zfp609",1.38242346792817e-09,0.0967798541606162
0.122787113642164,0.178621502624756,-0.0967794768001649,2.23110467468467e-10,"Myo1e",1.38242346792817e-09,0.0967794768001649
2.04499596707596,1.23665907876506,0.0967367181466303,2.27228381882622e-10,"Cfl1",1.4068522656066e-09,0.0967367181466303
1.03640668863078,1.15486949315448,-0.0967318358360635,2.27703272087457e-10,"Kif21a",1.40870551675386e-09,0.0967318358360635
0.709125525233894,0.781725338790391,0.0967039819159167,2.30431146238248e-10,"Nop10",1.42448344947281e-09,0.0967039819159167
0.153062803291736,0.214259373639483,-0.0966813621685417,2.32669866891094e-10,"Sema6a",1.43721555961058e-09,0.0966813621685417
0.13859833719054,0.192840373645069,-0.0966517078084039,2.35637011522922e-10,"Tap2",1.45442413881533e-09,0.0966517078084039
0.362744845501788,0.420197702126324,0.0966347279437152,2.37352576920131e-10,"Cmpk1",1.46388706933677e-09,0.0966347279437152
0.293316784268998,0.407123230302485,0.0965675491802021,2.4426037322531e-10,"Rab38",1.50533428168962e-09,0.0965675491802021
0.402993713644273,0.470976811063246,0.096560283902929,2.45019099213096e-10,"Emc4",1.50885130628234e-09,0.096560283902929
0.372241622748327,0.452766047632923,0.0965428018523228,2.46854223739518e-10,"Mgst3",1.51898641969777e-09,0.0965428018523228
0.292586442848253,0.377547383895949,0.0965341902867333,2.47763122934959e-10,"Arl6ip4",1.52341095665143e-09,0.0965341902867333
0.0603226586110376,0.0813260449693673,0.0965196270742482,2.49307623140019e-10,"0610009O20Rik",1.53173381935338e-09,0.0965196270742482
0.131162354595423,0.177062700512237,-0.0964562131712625,2.56143277247724e-10,"Kiz",1.57249908969406e-09,0.0964562131712625
0.178648217922523,0.19430706050844,0.0964544621746484,2.56334597372861e-10,"Mrps18b",1.57249908969406e-09,0.0964544621746484
0.140980399538431,0.180643203697918,0.0964462103026461,2.57238105963687e-10,"Dbn1",1.57683618201117e-09,0.0964462103026461
0.49005257906766,0.595692876226557,0.0964417991549417,2.57722362975255e-10,"Tbrg1",1.57859865688050e-09,0.0964417991549417
0.198988917522786,0.46168216957627,0.0963331480859912,2.69935045306209e-10,"4930506M07Rik",1.65214248934937e-09,0.0963331480859912
0.123575283247454,0.170592096484281,-0.0963235713441392,2.710381992228e-10,"Klf12",1.65693244444906e-09,0.0963235713441392
0.318807488386853,0.381395618528268,0.0963227705248098,2.71130645508676e-10,"Mrps34",1.65693244444906e-09,0.0963227705248098
0.104323517262387,0.140516862528549,-0.0962393955844558,2.80925747455564e-10,"Ppargc1a",1.71548569070277e-09,0.0962393955844558
0.205939891115309,0.257540692028704,-0.0962040328209394,2.85183821931839e-10,"Rbm42",1.74016348835063e-09,0.0962040328209394
0.17216097739025,0.324710708266203,-0.0961882483625406,2.87104725086692e-10,"Eda",1.74957322872758e-09,0.0961882483625406
1.0422760766911,0.963920061686991,0.0961877792517837,2.87162006759002e-10,"Ctsd",1.74957322872758e-09,0.0961877792517837
0.371853850068944,0.42638384066561,0.096123095885471,2.95168049123102e-10,"Cops5",1.79698666628511e-09,0.096123095885471
0.0593125165889504,0.081316053385299,-0.0961158419105195,2.96079367685841e-10,"Adgrl2",1.80116819280606e-09,0.0961158419105195
0.526476594245512,0.597637423057307,0.0960952852297234,2.98676854273629e-10,"Prelid1",1.81559324143303e-09,0.0960952852297234
0.200812144651293,0.266728021895785,0.0960458313049185,3.05017182802657e-10,"Coq9",1.85273116942356e-09,0.0960458313049185
0.182358179155847,0.263138593718967,-0.0960355085548586,3.06357107626753e-10,"Ncoa2",1.85946250499022e-09,0.0960355085548586
1.83725812118351,1.95615910752561,0.0960152932299686,3.08997783209829e-10,"Rpl21",1.87407272295969e-09,0.0960152932299686
0.121398445494804,0.156888113542084,0.0960095968872376,3.09745885466972e-10,"Tmem203",1.87719107627416e-09,0.0960095968872376
0.342059748755695,0.399106361318596,0.0959937190564508,3.11840469560214e-10,"Clns1a",1.8884588133971e-09,0.0959937190564508
1.01412176952036,0.928798091354014,0.0959625790811643,3.15988640776301e-10,"Snrpb",1.91213639033864e-09,0.0959625790811643
0.0716418064384537,0.114786383067791,-0.0959472635196311,3.18048545347473e-10,"Syne1",1.92315111369113e-09,0.0959472635196311
0.142334114422753,0.180975640895048,0.0957895623517588,3.40035985741458e-10,"Cndp2",2.05455478131736e-09,0.0957895623517588
0.380024016976237,0.545926732731225,-0.0957542813606305,3.45154432347503e-10,"Agap1",2.08391208815377e-09,0.0957542813606305
0.197618479554712,0.277254738544658,-0.0957271920038363,3.4913542460476e-10,"Ahcyl2",2.10592051684169e-09,0.0957271920038363
0.153051409039489,0.222159854015758,-0.0957259125644381,3.49324552332539e-10,"Foxo1",2.10592051684169e-09,0.0957259125644381
0.227414802173068,0.279679572530396,0.0956303645029221,3.63734705230051e-10,"Necap2",2.19114660267713e-09,0.0956303645029221
0.248090863018854,0.308089491164596,0.0955689711467562,3.73298218040723e-10,"Ppp3r1",2.24707044378001e-09,0.0955689711467562
0.111491757661859,0.148567395451339,0.0955605570268256,3.7462789522595e-10,"Zfyve19",2.25338398147902e-09,0.0955605570268256
0.186429813805603,0.263197598995659,-0.095518265680545,3.81381479577783e-10,"Creb1",2.29228838361957e-09,0.095518265680545
1.05576081166535,0.961426191286153,0.095479556753125,3.87667029450812e-10,"Cox7a2l",2.32832353616266e-09,0.095479556753125
1.65543880817284,1.27697543900133,0.0954511577128601,3.92342637269367e-10,"Rpl22",2.35464272359716e-09,0.0954511577128601
0.661987660897545,0.744644704857565,0.0954042965601308,4.00178426136511e-10,"Cd47",2.39987420875887e-09,0.0954042965601308
0.217133637034909,0.307484299200022,-0.0953911475421245,4.02404411691926e-10,"Kdm6a",2.41142120942197e-09,0.0953911475421245
0.327111009123833,0.454811759955672,0.0953860807975105,4.03265377427124e-10,"Arfip1",2.41416854428399e-09,0.0953860807975105
0.14725118837655,0.184601343082445,0.0953849098361678,4.03464608410373e-10,"Uxt",2.41416854428399e-09,0.0953849098361678
0.438558865712858,0.540310010557908,-0.0953568538584176,4.08266962689485e-10,"Wnk1",2.44108353846530e-09,0.0953568538584176
0.0901547951879542,0.118676889531209,0.0953400355867112,4.11172446313616e-10,"Lrrc47",2.4566252488611e-09,0.0953400355867112
0.163985229495372,0.236073583071271,-0.0951290989620306,4.49371896406305e-10,"Klhl29",2.68285721485431e-09,0.0951290989620306
0.0784410034778179,0.110233028695399,0.0951134974112005,4.52330892977289e-10,"Chtf8",2.69851530501842e-09,0.0951134974112005
0.150496698121772,0.258755317035701,-0.0950414492610527,4.66244010878005e-10,"Nr3c2",2.77945166663084e-09,0.0950414492610527
1.24963605394667,1.47059927007663,-0.0949826508198968,4.77907135266956e-10,"Lama2",2.8468647760817e-09,0.0949826508198968
0.430310529981258,0.487868602533557,0.0949339247331636,4.87787590637593e-10,"Eno1",2.90356648907718e-09,0.0949339247331636
0.198587078829854,0.34642735654201,0.0949170573620624,4.91254094360899e-10,"1500015O10Rik",2.92203324918595e-09,0.0949170573620624
0.312284745685902,0.37783280569663,0.0949019003518475,4.94389586483188e-10,"Med8",2.93643253638166e-09,0.0949019003518475
0.48181318543796,0.520325049322348,0.0949018172844186,4.94406824109126e-10,"Eif4e",2.93643253638166e-09,0.0949018172844186
0.458305412825852,0.534266970892347,0.0948984562419257,4.95104778373558e-10,"Rala",2.93840291543597e-09,0.0948984562419257
0.825411786138146,0.819343170117105,0.0948619668070419,5.02744315209386e-10,"Snrpe",2.98153760919447e-09,0.0948619668070419
0.0767752677042091,0.107516887502771,-0.0948485378962095,5.05584681562601e-10,"Thada",2.99616800949654e-09,0.0948485378962095
0.574772602194127,0.611790661768639,0.0948190869331145,5.11868817909195e-10,"Esd",3.03117003313903e-09,0.0948190869331145
0.308277370065543,0.37263652808297,0.0947915922431071,5.17804268457378e-10,"Galk1",3.06405711659439e-09,0.0947915922431071
0.0888557101555557,0.13401841284052,0.0947838950085219,5.19477913039901e-10,"9030624J02Rik",3.07169548580115e-09,0.0947838950085219
0.186580363703256,0.287613851688861,-0.0947661741209275,5.23351131335232e-10,"Lats2",3.09231920311775e-09,0.0947661741209275
0.926778530763725,0.998994878807646,-0.0947540682442266,5.26013269611005e-10,"Slc44a1",3.10576193918963e-09,0.0947540682442266
0.0609285867140615,0.083836785534002,-0.0947142398857736,5.34865267412979e-10,"Mmp28",3.15570507773658e-09,0.0947142398857736
0.202174078046478,0.27761286401235,0.0947111725872626,5.35552980423980e-10,"Sptlc2",3.15744093675387e-09,0.0947111725872626
0.372759656482784,0.456952749456895,0.0946590267619344,5.47377337386491e-10,"Ola1",3.22478396122555e-09,0.0946590267619344
0.176740477004494,0.218375795187794,0.0946152731180918,5.57494882019232e-10,"Fam136a",3.28198014183589e-09,0.0946152731180918
0.509148740603232,0.547511600886928,0.0945872204681729,5.64077476197796e-10,"Sod2",3.31829741129847e-09,0.0945872204681729
1.13935973335723,0.968423197701837,0.0945810082718821,5.65545397800972e-10,"Nedd8",3.32449543732967e-09,0.0945810082718821
0.448085423732617,0.506761445795432,0.0945531015606049,5.72185759430737e-10,"Aimp1",3.35876058985674e-09,0.0945531015606049
0.0913172582766363,0.113022052492409,0.0945529936607758,5.72211581048625e-10,"Hes6",3.35876058985674e-09,0.0945529936607758
0.0740149828514379,0.105896294709726,-0.0944540890354966,5.96364898200214e-10,"Fads6",3.49595178238609e-09,0.0944540890354966
0.2044629553124,0.294213297759217,-0.0944537259110472,5.9645538261298e-10,"Itgb4",3.49595178238609e-09,0.0944537259110472
0.491154284268495,0.61779800362949,-0.094400998120443,6.09737381267219e-10,"Lmo4",3.57119178634173e-09,0.094400998120443
0.154934068697981,0.215500407810216,-0.0943980158358028,6.10497169548239e-10,"Eva1c",3.57303376254928e-09,0.0943980158358028
0.12456284786582,0.229724014533143,0.0943546918199481,6.21639408898738e-10,"Mob3b",3.63559374417163e-09,0.0943546918199481
0.189886681192177,0.256313447732237,0.0943395289480356,6.25585716295859e-10,"Dusp16",3.65600858525708e-09,0.0943395289480356
0.457901499479788,0.49582251192727,0.09433223220333,6.27493473794326e-10,"Hadh",3.66448881639423e-09,0.09433223220333
0.181224946404626,0.235231664429438,0.0942440785288969,6.50994704929935e-10,"Ddx39",3.79896837262386e-09,0.0942440785288969
0.722574656942681,0.766315775023657,0.0941932385363562,6.64936342542012e-10,"Ndufa3",3.87750669517232e-09,0.0941932385363562
0.480914170090243,0.615600691404,0.0941875003681773,6.66528065257623e-10,"Srp19",3.88396600989627e-09,0.0941875003681773
1.67806960275646,1.10741069310591,0.0941405138494471,6.79702304025774e-10,"Ywhae",3.95786015058259e-09,0.0941405138494471
1.17794398685467,1.31355626740725,0.094130368596048,6.82580021617352e-10,"Rpl29",3.97173465805484e-09,0.094130368596048
0.359191169029101,0.453148166685675,0.0941285906812994,6.83085552120089e-10,"Rhob",3.97179599290695e-09,0.0941285906812994
0.0534710117387176,0.0610406494410753,-0.0941071070122275,6.89223134796427e-10,"Lncppara",4.00458105257533e-09,0.0941071070122275
0.213798328965798,0.267258476734091,-0.0940876379106452,6.9483161304e-10,"Rab5if",4.03424664474165e-09,0.0940876379106452
0.105166819998288,0.142732138303472,-0.0940517489297128,7.05287047516161e-10,"Prdm5",4.09199079484431e-09,0.0940517489297128
0.303486758764017,0.447355837517067,-0.0939694115755793,7.29857276323974e-10,"Kank1",4.23148467140431e-09,0.0939694115755793
0.230484895682852,0.305767370217629,-0.0939248435652143,7.43502927407565e-10,"Zcchc24",4.30748555199877e-09,0.0939248435652143
0.165637419898589,0.247999014386897,-0.0939028240595321,7.50336274183359e-10,"Wdpcp",4.34393814144825e-09,0.0939028240595321
2.57999454994393,1.57303630555316,-0.0938365963268465,7.71259994962642e-10,"Tmsb4x",4.46185306386463e-09,0.0938365963268465
0.429099011818358,0.506531162668419,0.0938262900206686,7.74566874119366e-10,"Serp1",4.4777554740157e-09,0.0938262900206686
0.0804980551146926,0.0966334593323965,-0.0938107958375204,7.79564365101102e-10,"Relch",4.50340134310384e-09,0.0938107958375204
0.596435853967943,0.646783509731916,0.0937488007485015,7.99876698034779e-10,"Hsd17b12",4.61741771584969e-09,0.0937488007485015
0.432267986624174,0.488641318292953,0.0936855641179295,8.21127211919225e-10,"Pafah1b2",4.73668206214224e-09,0.0936855641179295
0.186957199552027,0.281700710530195,-0.0936574481970822,8.30751344435722e-10,"Nr2c2",4.7887563130404e-09,0.0936574481970822
0.11994841082245,0.17826183252281,0.0935727457738844,8.60414664925318e-10,"BC003331",4.95618612445136e-09,0.0935727457738844
0.115924037173489,0.183669884129471,0.0935478732779435,8.69319594083605e-10,"Eif2s3y",5.00388839521295e-09,0.0935478732779435
0.101425444304406,0.121220557627304,0.0935407750987523,8.71877344082355e-10,"Shc1",5.01501348309449e-09,0.0935407750987523
0.492514661292099,0.572136973615127,-0.0935157924055335,8.80938067318826e-10,"Slc9a3r1",5.06350075370076e-09,0.0935157924055335
0.231569674264105,0.281747184076441,-0.093508574144654,8.83573035672185e-10,"Amd1",5.07501076466257e-09,0.093508574144654
0.191877026821633,0.237411433055648,0.0934533820215973,9.03976050818416e-10,"Pop7",5.18848628881758e-09,0.0934533820215973
0.13758862995882,0.188467984438325,-0.0934400377585319,9.08977592084446e-10,"Lyst",5.21346404495039e-09,0.0934400377585319
0.439090900765092,0.533583272703897,0.0934336369964998,9.11386214767557e-10,"Psmd12",5.22344270347355e-09,0.0934336369964998
0.0748713707773654,0.105323248117851,-0.0934319572291291,9.12019345409577e-10,"Palld",5.22344270347355e-09,0.0934319572291291
0.142152993552432,0.217930885776003,-0.0934218987123604,9.15819538817625e-10,"Parp14",5.2414664618207e-09,0.0934218987123604
0.321547630779213,0.527616988268168,-0.0933902060713416,9.27894510298552e-10,"Deptor",5.30678941599115e-09,0.0933902060713416
0.591562241327193,0.668056465143169,0.0932198037546959,9.95526980430719e-10,"Kif1a",5.68953596223368e-09,0.0932198037546959
0.0799176810747512,0.118403417794812,-0.0931856109367832,1.00966557071313e-09,"Stat5b",5.76598852260866e-09,0.0931856109367832
0.644209448740835,0.753818730528792,0.0931839880795511,1.01034145847305e-09,"Eif3c",5.76598852260866e-09,0.0931839880795511
0.781532653678218,0.8420392984114,0.0931303484664754,1.03293117415962e-09,"Slc3a2",5.89071765561961e-09,0.0931303484664754
0.64569699521991,1.06242353769152,-0.093125038506712,1.03519399993586e-09,"Postn",5.89942944281629e-09,0.093125038506712
0.625699692249248,0.65708015810875,0.0931033671280348,1.04447940865163e-09,"Nono",5.9481212029955e-09,0.0931033671280348
1.02484255273948,0.916619191729571,0.0930693226645479,1.05923040773515e-09,"Ndufb8",6.02784736997651e-09,0.0930693226645479
1.00898106295003,0.909832178035985,0.093029123318886,1.07690979004573e-09,"Swi5",6.12411350483835e-09,0.093029123318886
3.04548561241616,3.019887669594,-0.0930081689583814,1.08623906735076e-09,"mt-Co1",6.17279198046919e-09,0.0930081689583814
1.64196876622445,1.11347633684869,0.0929613137094141,1.10738581284093e-09,"Cox6c",6.28850938587091e-09,0.0929613137094141
0.193149553074794,0.256569452492678,0.0929563081283187,1.10966851702005e-09,"Smn1",6.29701568639948e-09,0.0929563081283187
1.0750478929846,0.960207379871124,0.0929159725934606,1.1282309411522e-09,"Uqcrb",6.39782690586941e-09,0.0929159725934606
0.581158016388487,0.687841529909162,0.0928938035453746,1.13856165868752e-09,"Hmg20b",6.45184939922927e-09,0.0928938035453746
1.46871809340609,1.10351051370183,0.0928916751995633,1.13955829879821e-09,"Hnrnpk",6.45293986560117e-09,0.0928916751995633
0.564474217589551,0.597835930338079,0.0928136796083266,1.17667359502422e-09,"Uqcrc2",6.65841250103973e-09,0.0928136796083266
0.137094111634931,0.181455184308729,-0.0928058482388984,1.18046470006501e-09,"Vwa5a",6.67515768380663e-09,0.0928058482388984
0.533653669887054,0.620020045503742,0.0927947102442174,1.18587702806611e-09,"Fkbp9",6.70104033324119e-09,0.0927947102442174
0.22130339023315,0.273886773164017,0.0927843322356156,1.1909418134538e-09,"Exosc4",6.72492407540694e-09,0.0927843322356156
0.0861744070164934,0.119025523902479,0.0927803762937639,1.19287797820181e-09,"Serpinf1",6.7311201807956e-09,0.0927803762937639
0.306430635197134,0.388475044367873,-0.0927729744696306,1.19650891110612e-09,"Pmm1",6.74686402158504e-09,0.0927729744696306
0.316308152719241,0.447538149759928,-0.0926983501972916,1.23372245180969e-09,"Psme4",6.95181808519731e-09,0.0926983501972916
0.310591677299806,0.40466174369608,0.0926915889101756,1.23714935468201e-09,"Mical1",6.96623608559191e-09,0.0926915889101756
0.269689581935871,0.321833060789613,0.0926729522842055,1.24664326940271e-09,"March5",7.01477250609213e-09,0.0926729522842055
1.10510529133888,0.951358474195987,0.0926658756607068,1.25026682662898e-09,"Hsbp1",7.03023196697331e-09,0.0926658756607068
0.335966580791786,0.442462712973676,-0.0926357782206788,1.26579309316562e-09,"Crebbp",7.11255166635922e-09,0.0926357782206788
0.128994881083607,0.185317762357139,-0.0926025688341346,1.28314276496219e-09,"Dennd4c",7.20499478380446e-09,0.0926025688341346
0.992779309333672,0.949009322779128,0.0925399128573954,1.31650954447944e-09,"Eif4g2",7.38718362580633e-09,0.0925399128573954
0.542028378649431,0.629510173023889,-0.0924901659982575,1.34360243811219e-09,"Lysmd2",7.53393847897427e-09,0.0924901659982575
1.2786215798425,1.01025632256343,0.0924675474588848,1.35609977701041e-09,"Atp5j2",7.59870433710304e-09,0.0924675474588848
0.133886479506462,0.19148542340811,-0.0924602306216657,1.36016671519217e-09,"Gprasp1",7.61617426566779e-09,0.0924602306216657
0.0798745655322618,0.101805328849931,-0.0924415726284304,1.37059130715195e-09,"1500004A13Rik",7.66919431561172e-09,0.0924415726284304
0.536173453220604,0.576264312915615,0.092431097347479,1.37647813562197e-09,"Ube2l3",7.69676694092729e-09,0.092431097347479
1.81171526554884,1.64767795513805,0.0923915781206837,1.39890949375262e-09,"Rps28",7.81674775617761e-09,0.0923915781206837
0.231144412437294,0.293200531835383,0.0923733914520778,1.40935165045321e-09,"Gtf2e2",7.86961561811867e-09,0.0923733914520778
0.271855292492272,0.417803085144081,-0.0923458276611098,1.42532275364171e-09,"Rapgef2",7.95326131795623e-09,0.0923458276611098
0.236764077240098,0.292665722637499,0.0923371304897311,1.43039859676418e-09,"Rbm4b",7.97603776263779e-09,0.0923371304897311
0.693261146766706,0.729151279138014,0.0922862665380447,1.46043840624198e-09,"Gtf2h5",8.13788734144838e-09,0.0922862665380447
0.10554229508301,0.150848296074483,-0.0922759504548884,1.4666055364772e-09,"Trappc8",8.16658072497784e-09,0.0922759504548884
0.179792310582183,0.261677970766415,-0.0922606239486981,1.4758148595468e-09,"Braf",8.21216257489842e-09,0.0922606239486981
0.120279187837043,0.150787697841161,-0.0921945012376871,1.51619641596446e-09,"Slitrk1",8.431018739916e-09,0.0921945012376871
0.187552139582788,0.259868389583453,-0.0921738246790014,1.52904320918426e-09,"Eps15",8.49656697402666e-09,0.0921738246790014
0.0804819536420768,0.0993744634878355,-0.0921034530308247,1.57356625386775e-09,"Czib",8.73792084500678e-09,0.0921034530308247
0.142226119661974,0.192153760554293,0.0920897888824611,1.58235659705566e-09,"Ralb",8.78065652474042e-09,0.0920897888824611
0.946848493441055,0.900988963157178,0.092043424672801,1.61254136678246e-09,"Npc2",8.94197092402382e-09,0.092043424672801
0.203136514314477,0.274340843791955,0.092001974054855,1.6400015908184e-09,"Pes1",9.08796461652404e-09,0.092001974054855
0.094915117138768,0.130817365473351,-0.0918929179289789,1.71444320155179e-09,"Adnp",9.49392149706801e-09,0.0918929179289789
1.40477758616563,1.20822168883824,0.0918268718548329,1.76111573749013e-09,"Serpinh1",9.74565012249712e-09,0.0918268718548329
0.157246537251803,0.192320002077169,0.0918026295345709,1.77855558968399e-09,"Alkbh7",9.83537563861086e-09,0.0918026295345709
0.192171071002612,0.244709683259838,-0.0917894099512686,1.7881364776439e-09,"Itpk1",9.88154758720018e-09,0.0917894099512686
0.158348705779131,0.197420866613215,0.0917574823425661,1.81148379749168e-09,"Dpp3",1.00036792780958e-08,0.0917574823425661
0.160139043851493,0.234013349275523,-0.0917551640410742,1.81319058905768e-09,"Kif16b",1.00062182163678e-08,0.0917551640410742
0.263048302731904,0.309848680066245,0.0917413782546041,1.82337242860393e-09,"Pycr2",1.00554916612494e-08,0.0917413782546041
0.172366389722143,0.212568711955206,-0.0916980803785412,1.85571461739289e-09,"Slc39a7",1.02268228639839e-08,0.0916980803785412
0.259448466727215,0.294996344597128,0.0916576010855828,1.88645637660792e-09,"Akt1s1",1.03891049868922e-08,0.0916576010855828
0.844821677845576,0.890743508922988,0.0916346215398858,1.90412818264421e-09,"Pdia6",1.04792349365824e-08,0.0916346215398858
0.118064121065142,0.173106605256162,-0.0916200487055071,1.91541846816352e-09,"Tmem164",1.05341451600714e-08,0.0916200487055071
0.0979416761632507,0.125142869320687,0.0915796146264661,1.94708723357979e-09,"Pdk3",1.07009780563317e-08,0.0915796146264661
1.97174839284637,1.16725696992757,0.0915660742574308,1.95780585428414e-09,"Oaz1",1.07525216802026e-08,0.0915660742574308
0.120503675293521,0.162808661267509,0.0915607685218965,1.96202155213214e-09,"Ccdc86",1.07683043326322e-08,0.0915607685218965
0.173015296540534,0.245596532597886,-0.0915542937334838,1.96717810523805e-09,"Rif1",1.07892256434929e-08,0.0915542937334838
0.643338241669343,0.796439764534399,-0.0915493538029532,1.9711211642887e-09,"Kif1b",1.08034673649266e-08,0.0915493538029532
0.192396388263171,0.270545798829455,-0.091513341248761,2.0000999484114e-09,"Gpcpd1",1.095025182976e-08,0.091513341248761
0.269283988512703,0.372334581980827,-0.0915126851237572,2.00063175254589e-09,"Stim2",1.095025182976e-08,0.0915126851237572
0.384431557814046,0.494547643263339,0.0914652384720431,2.03945556674229e-09,"Kcnq1ot1",1.11551407413361e-08,0.0914652384720431
0.140628328152547,0.179022930376475,0.0914016827426991,2.09261232310133e-09,"Tmem199",1.14380935153713e-08,0.0914016827426991
0.182950749898072,0.244621863033229,0.0913905746785629,2.1020403834693e-09,"1110059G10Rik",1.14818053348929e-08,0.0913905746785629
0.127521873616231,0.167218675719497,-0.0912777733003554,2.20015484657957e-09,"Lgalsl",1.20095527135744e-08,0.0912777733003554
0.146837266635143,0.21900111151845,-0.0912532776566458,2.22204311730515e-09,"Cep350",1.21207844821594e-08,0.0912532776566458
0.518141238591066,0.605169957730833,0.0912047928127126,2.26599409603582e-09,"Degs1",1.23521308604562e-08,0.0912047928127126
0.29488999176039,0.390622395964157,-0.0911623076478035,2.30520139904294e-09,"Elovl5",1.25573224887444e-08,0.0911623076478035
0.0954767476255071,0.152791388431688,-0.0911485236281377,2.31806327820907e-09,"Fbxw4",1.26188193652304e-08,0.0911485236281377
0.0787035313012369,0.134083091855908,-0.0911021123158321,2.36188550751129e-09,"Fgf13",1.28486571608614e-08,0.0911021123158321
0.0687661569269537,0.0957118511521049,0.0910745129454184,2.3883265956431e-09,"B230208H11Rik",1.29836941757725e-08,0.0910745129454184
0.0750883226109923,0.113691829686789,0.0910632144660159,2.39923385081051e-09,"Cdc20",1.30341587128663e-08,0.0910632144660159
0.220392897726199,0.339275269051178,-0.0910175164929786,2.44384637969187e-09,"Tbc1d5",1.32675394794638e-08,0.0910175164929786
0.133207696086088,0.181424774474097,0.0910105447556193,2.45072314612206e-09,"Opa3",1.32889447548945e-08,0.0910105447556193
0.570628522918102,0.619242208939646,0.0910101617546131,2.45110147522979e-09,"Ndufa8",1.32889447548945e-08,0.0910101617546131
0.116613558067313,0.166551981013271,-0.0910067536350411,2.45447052740528e-09,"Cep112",1.32982251937205e-08,0.0910067536350411
0.190182548866543,0.259014651373874,0.0909503868900384,2.51084947222774e-09,"Sema4c",1.35945048347877e-08,0.0909503868900384
0.33331793908395,0.396694389809115,0.0909228931409907,2.53880469865985e-09,"Pdhb",1.37365940000314e-08,0.0909228931409907
0.0903137500081258,0.12288656368956,-0.0908868352638278,2.57592748299403e-09,"Rel",1.3928060730151e-08,0.0908868352638278
0.301383534669867,0.361672246338594,0.0908441011631217,2.62060828053768e-09,"Hint2",1.41601083118076e-08,0.0908441011631217
1.49760649085221,1.116168996482,0.0908191898075262,2.64700160911748e-09,"Slc25a4",1.42930961719775e-08,0.0908191898075262
0.49835389952659,0.620869258150647,0.0907962353799804,2.67155056436356e-09,"Eprs",1.44159527427392e-08,0.0907962353799804
1.87317632859169,1.13979203748786,0.0907799056605032,2.68914940514064e-09,"Ddx5",1.45011658782584e-08,0.0907799056605032
0.450781998653283,0.52497239152717,0.0907629199717568,2.7075749390025e-09,"Tsg101",1.45907194832479e-08,0.0907629199717568
1.08820647986518,0.929683562814391,0.0907123337219486,2.76318033257571e-09,"Arpc5",1.48803751601258e-08,0.0907123337219486
0.409345203942109,0.456370558106017,0.0907056246325856,2.77063808186356e-09,"Jpt1",1.49105298248646e-08,0.0907056246325856
0.590102242046105,0.632810239247874,0.0906946858177164,2.78283958490044e-09,"Glrx3",1.49661560517702e-08,0.0906946858177164
0.268079858857061,0.418446100407628,-0.0906630011148425,2.81847764404228e-09,"Fmn2",1.51476655162728e-08,0.0906630011148425
0.299019032677503,0.358999571647289,0.0906481912145011,2.83528738781479e-09,"Actl6a",1.52278085674872e-08,0.0906481912145011
0.0823186718631512,0.123588375075552,-0.0906372200185953,2.84780295765015e-09,"Scn1b",1.5284796610157e-08,0.0906372200185953
0.0704453624752866,0.117587679520594,0.0904704496702205,3.04480261425958e-09,"Piwil1",1.63312140219377e-08,0.0904704496702205
0.433779603255078,0.482660790170112,0.0904377183888052,3.08499479360296e-09,"Vbp1",1.65357369564931e-08,0.0904377183888052
0.161448561779321,0.224967079649672,0.0903675194427669,3.17294425597537e-09,"Lrrc41",1.69957975366798e-08,0.0903675194427669
0.0925952515421261,0.133553739108548,-0.0902766635797572,3.29040390212081e-09,"Zhx2",1.76132094133538e-08,0.0902766635797572
3.32804263386444,1.42190826559587,0.0902602983826918,3.3120061586056e-09,"mt-Nd1",1.77170249444342e-08,0.0902602983826918
0.256265546845249,0.324185109243447,0.0902572208695257,3.31608390322706e-09,"Ppa2",1.77270201462318e-08,0.0902572208695257
0.413022008921757,0.555310718704361,0.0902521170330169,3.32285732585212e-09,"Snhg1",1.77514029178678e-08,0.0902521170330169
0.14180114967501,0.204622738920459,-0.0902084699243418,3.38133503882103e-09,"Tshz3",1.80517846650033e-08,0.0902084699243418
0.655947039169194,0.702359527530012,0.09018623953901,3.41150270244468e-09,"Psmd4",1.82007298433618e-08,0.09018623953901
0.523927465954279,0.551392971849917,0.0901675176496008,3.43711222450634e-09,"Mrpl23",1.83251750760391e-08,0.0901675176496008
0.11638915275332,0.171143720757165,-0.0901329944798422,3.48482765457957e-09,"Rnf38",1.85672357904027e-08,0.0901329944798422
0.39561319361992,0.459107526644803,0.0900395596991202,3.61722262731789e-09,"Txndc9",1.92598502731246e-08,0.0900395596991202
0.0613860090933829,0.0788559889903812,0.0899951519250046,3.68185110935215e-09,"Sars2",1.95909637277465e-08,0.0899951519250046
0.230935731077359,0.287960360824287,0.0899924346466874,3.68584194994752e-09,"Timm22",1.95992019922988e-08,0.0899924346466874
0.126787362388516,0.197234719686717,-0.0899770519970509,3.70851378822652e-09,"Spry2",1.97066984349203e-08,0.0899770519970509
0.103687197955035,0.128703327715168,0.0899311553242738,3.77696839663207e-09,"Col9a2",2.00571769785412e-08,0.0899311553242738
0.158136092180509,0.218545432732674,-0.0898224519249374,3.94404003472054e-09,"Prima1",2.0930540501718e-08,0.0898224519249374
0.0724210860262564,0.101043136737161,-0.089817132034378,3.95239839623194e-09,"Il18",2.09610341912525e-08,0.089817132034378
0.390177937265843,0.520050914403081,-0.0897194750236319,4.1089301506631e-09,"Dock7",2.17767870072132e-08,0.0897194750236319
0.136065661220516,0.175923247506985,-0.0896761807238951,4.18023988975417e-09,"Mbd2",2.21400956273184e-08,0.0896761807238951
0.799597416839334,0.832483107307281,0.0896685034012552,4.19301022237006e-09,"Morf4l2",2.21930831294838e-08,0.0896685034012552
0.0844433636668027,0.122690600831359,-0.0896347848089975,4.2495480279432e-09,"Rab3gap2",2.2477503873577e-08,0.0896347848089975
0.191607329805114,0.243661570314253,-0.0896164513375925,4.28059931290784e-09,"Dhrs7",2.26268306236973e-08,0.0896164513375925
0.156656841860717,0.238489309216567,-0.0896073345217898,4.29612247176998e-09,"Gm12688",2.26920168947826e-08,0.0896073345217898
0.181144633792852,0.231381757617914,0.0896058897804864,4.29858744766569e-09,"2300009A05Rik",2.26920168947826e-08,0.0896058897804864
0.333021003567857,0.400176560382936,0.089578682981739,4.345264661196e-09,"Mrps26",2.29233423020623e-08,0.089578682981739
0.159263714028301,0.205391666659431,-0.0895543976338607,4.38734594598386e-09,"Ramac",2.31301339491291e-08,0.0895543976338607
0.262800161467824,0.351415366604114,-0.0894892192385597,4.50225555918234e-09,"Mier1",2.37203536486402e-08,0.0894892192385597
0.539659840837659,0.755784409997647,-0.0893818166498197,4.6980231047859e-09,"Clasp2",2.47355232236234e-08,0.0893818166498197
0.358864565812312,0.443484342093766,0.0893785281003424,4.70414609485957e-09,"Epb41l2",2.4751520173871e-08,0.0893785281003424
0.26586628937707,0.388009393317188,-0.0893715691907191,4.71712857731453e-09,"Tspan5",2.48035646817639e-08,0.0893715691907191
0.111499010680467,0.174796434784076,-0.0893320850648501,4.79145233947136e-09,"Pitpnc1",2.51778739829196e-08,0.0893320850648501
0.10828449130768,0.155533963638114,-0.0893246085585988,4.80565359910369e-09,"Frs2",2.52359715178063e-08,0.0893246085585988
0.633270380429039,0.742281843102644,0.0893190833710899,4.81617472359615e-09,"Myl12b",2.52746801714424e-08,0.0893190833710899
0.0853209432129661,0.116073662488227,-0.0892952360306142,4.86184271967889e-09,"Lhcgr",2.54976640409826e-08,0.0892952360306142
0.306813048508191,0.320266118968224,0.089165909583509,5.11693633100566e-09,"Lsm8",2.68179602351335e-08,0.089165909583509
0.386140870003198,0.483750878524935,-0.0891522872208174,5.14455200065857e-09,"Reep3",2.69450948128488e-08,0.0891522872208174
0.19904769233135,0.285536777372593,-0.0891187916612961,5.2130730875757e-09,"Smurf2",2.72861698987002e-08,0.0891187916612961
0.120091931845202,0.148595060405787,-0.0890342481417244,5.38999322536414e-09,"Inka2",2.81938107172893e-08,0.0890342481417244
0.111338420728374,0.171467508063017,-0.0889480767522478,5.57632480455168e-09,"Pkia",2.9149465949005e-08,0.0889480767522478
0.0760681698547772,0.109557043816139,-0.0888885296581617,5.70873021261522e-09,"Traf5",2.98221687669431e-08,0.0888885296581617
0.187508109450593,0.256917273498329,-0.0888782751032532,5.73183813324412e-09,"Map4k5",2.99234021998379e-08,0.0888782751032532
0.121575955306977,0.166780623208964,-0.0888738054773987,5.74193856218368e-09,"Eml1",2.99566417574524e-08,0.0888738054773987
0.103767912417068,0.141942768167051,-0.0888714045278531,5.74737135483325e-09,"Gm37240",2.99655021125289e-08,0.0888714045278531
0.309116584133118,0.401297052158144,-0.0888587716330387,5.77603911682184e-09,"Mxi1",3.00954142034925e-08,0.0888587716330387
0.125863030632063,0.181025044112885,-0.0888325940482974,5.83588707588891e-09,"AW554918",3.03875132361665e-08,0.0888325940482974
0.428924551746111,0.580351859249398,-0.0888189893470449,5.86722823633244e-09,"Ccdc50",3.05308945319919e-08,0.0888189893470449
0.058833419751239,0.0783760018579591,-0.088789855908257,5.93489447208513e-09,"Khdrbs3",3.08629897887305e-08,0.088789855908257
0.195362801804056,0.304605995765547,0.0887790763478985,5.96012325578526e-09,"Fnbp1",3.09741120494954e-08,0.0887790763478985
0.194637592014289,0.274036885896427,-0.0887747496231373,5.97027894635162e-09,"Tmc7",3.10068079388514e-08,0.0887747496231373
0.0880205675327991,0.102580789460742,-0.0887388497937102,6.05519459312732e-09,"Oga",3.14274782763607e-08,0.0887388497937102
0.227198926532755,0.279763493442607,0.088693310472834,6.16460212640639e-09,"Mtx1",3.19746396007013e-08,0.088693310472834
0.102614354798096,0.14178157610708,-0.0886845126736675,6.18595913451325e-09,"Dennd4a",3.20646874000868e-08,0.0886845126736675
0.210369162629688,0.292245218292711,-0.0886460797717481,6.28010318234487e-09,"Acsbg1",3.25316642576728e-08,0.0886460797717481
0.824802339813254,0.869377851761949,0.0886423350555295,6.28935025621241e-09,"Pcbp1",3.25585461005474e-08,0.0886423350555295
0.368875166621462,0.421508671265947,0.0886265634070999,6.32844173412527e-09,"Smarce1",3.27397914085243e-08,0.0886265634070999
0.456410860267085,0.558045638611019,0.0885931969539665,6.41192371068704e-09,"Nars",3.31503066073149e-08,0.0885931969539665
0.22581043389885,0.279037886214353,0.0885321006661544,6.56756886990842e-09,"Pole4",3.39331439872152e-08,0.0885321006661544
0.741473127148688,0.744396200706476,0.0884537835624853,6.7724650321264e-09,"Mettl9",3.49692789046218e-08,0.0884537835624853
0.30561351243114,0.391872729488108,0.0884270904903934,6.84371027006053e-09,"Mrps5",3.53144252134828e-08,0.0884270904903934
0.129413291445742,0.184640468730309,-0.0883831249809281,6.96264794854794e-09,"Atp11b",3.5905068855494e-08,0.0883831249809281
0.937411941566366,0.884382485180136,0.0883189282995404,7.13993264600615e-09,"Hnrnpf",3.67956451840419e-08,0.0883189282995404
0.336727779802997,0.476025290668235,-0.0882963191713963,7.20340852490275e-09,"Arhgef26",3.70989409523875e-08,0.0882963191713963
0.331852266895164,0.552136036736616,-0.0882602517513494,7.3058062246612e-09,"Snca",3.76021739234647e-08,0.0882602517513494
0.137386110595588,0.173897351023694,-0.088202461152978,7.47283419266949e-09,"Aarsd1",3.84371933089615e-08,0.088202461152978
0.104331487143484,0.116140257793746,0.0881554540117807,7.61142781596484e-09,"Maip1",3.91249819316476e-08,0.0881554540117807
1.1364268016228,0.987120079865466,0.0880592818083513,7.90280579689925e-09,"Akr1a1",4.05967437351598e-08,0.0880592818083513
0.140828274499584,0.197531355767027,-0.0880529717567527,7.92229813375554e-09,"Supt3",4.06708382759146e-08,0.0880529717567527
0.970614664482714,1.19697562182591,0.0880395630120812,7.96387427957975e-09,"Rack1",4.08581376082787e-08,0.0880395630120812
0.0799262994016436,0.12158864913966,-0.0880006999421714,8.08557766976166e-09,"Slc12a6",4.14560225061773e-08,0.0880006999421714
0.524437118050776,0.610522695887995,0.0879936526307726,8.10783978027667e-09,"Sbds",4.15353194112151e-08,0.0879936526307726
0.138515689699417,0.182296625237844,0.0879925284554454,8.11139650017124e-09,"Cd3eap",4.15353194112151e-08,0.0879925284554454
0.118486514890081,0.147262358722147,0.0879867811353806,8.12960385572047e-09,"Igsf9b",4.16020034045288e-08,0.0879867811353806
0.104583678174159,0.139292687825497,0.0879719374672317,8.17681217228096e-09,"Dus1l",4.18169157873693e-08,0.0879719374672317
0.103492736863538,0.148012385791698,-0.0879264146351806,8.32325907906133e-09,"Pipox",4.25387457645784e-08,0.0879264146351806
0.0817411503777601,0.124206479275064,-0.0879202016303345,8.3434429604313e-09,"Pde3b",4.26147589525785e-08,0.0879202016303345
0.134361417547541,0.175818516337033,0.087889968610383,8.4423403885898e-09,"Dnajc17",4.30924550114787e-08,0.087889968610383
0.65002557399743,0.781123881960961,-0.0878784697585976,8.48025340304526e-09,"Pik3r1",4.32584572829213e-08,0.0878784697585976
0.37386882470433,0.765121444258924,-0.0878695522772612,8.50976921992647e-09,"Fgfr2",4.33814410550762e-08,0.0878695522772612
0.0703783543163626,0.100836246945866,-0.0878633966014941,8.53020200701273e-09,"Ikzf2",4.34579942249334e-08,0.0878633966014941
0.107830468328753,0.152518274596432,-0.0878238017841635,8.66277504331943e-09,"Klf3",4.41053978093877e-08,0.0878238017841635
0.646992438495972,0.751575217359585,0.087803386166554,8.73191170862383e-09,"Rrp1",4.44292070703853e-08,0.087803386166554
0.139162658412372,0.187209161243942,-0.0877836185350738,8.79936481705593e-09,"Rictor",4.47440451787432e-08,0.0877836185350738
0.166745749880421,0.207006921653872,0.0877705181708163,8.8443459144811e-09,"Zfpl1",4.49442885483194e-08,0.0877705181708163
0.0723852555293407,0.112683521842165,-0.0877550538414547,8.89773148940046e-09,"Arrb1",4.51869604246515e-08,0.0877550538414547
0.153904637481321,0.208722650455213,-0.0877459239635923,8.92939630739322e-09,"Tnrc18",4.5319086635372e-08,0.0877459239635923
0.480274147155627,0.542635109045485,0.0877411476076578,8.94600557036388e-09,"Elavl1",4.53746831204803e-08,0.0877411476076578
0.188243857238226,0.261637874192337,-0.0877008950140715,9.08717742502267e-09,"9330159F19Rik",4.60615992788262e-08,0.0877008950140715
0.132456557985963,0.177224524307615,0.0876812018815366,9.15703051249314e-09,"Kat2a",4.63863717375284e-08,0.0876812018815366
1.03139802133619,0.952716678691048,0.0876516041918901,9.26299827599187e-09,"Psmd7",4.68935635120245e-08,0.0876516041918901
0.117709505634002,0.166119907588985,-0.0876369035788041,9.31607243254924e-09,"Rnf169",4.71325127356716e-08,0.0876369035788041
0.220147382902009,0.288611883478073,-0.0876307006241768,9.33855572979029e-09,"Srebf1",4.72164909740625e-08,0.0876307006241768
0.0818495636049382,0.117178111618514,0.0876275157756873,9.35012004388306e-09,"Commd5",4.72451909522152e-08,0.0876275157756873
0.291539550771998,0.340912948204901,0.0876017845695908,9.44406287687859e-09,"Tmx1",4.76898429981585e-08,0.0876017845695908
0.0889361348601826,0.119268355063449,-0.0876000989100958,9.45024900922875e-09,"Fam129b",4.76910679560072e-08,0.0876000989100958
0.182968012291634,0.234870796965187,0.0875479205715671,9.64369549785908e-09,"Cnppd1",4.8636714440491e-08,0.0875479205715671
0.337337351295338,0.387842586182929,0.0874755545545883,9.91836684847895e-09,"Arl2",4.99905625579115e-08,0.0874755545545883
0.155420953932648,0.203304203253871,-0.0874271408321997,1.0106353219414e-08,"Ep300",5.09060754755666e-08,0.0874271408321997
0.478770366380605,0.553710225124684,0.0873907184802068,1.02500554294201e-08,"Suclg1",5.15975186735674e-08,0.0873907184802068
0.247963138069676,0.355409791887036,-0.0873009971419843,1.06125661885162e-08,"Fndc3b",5.33888596217268e-08,0.0873009971419843
0.423129947774983,0.506498870768758,-0.0872810679681401,1.06947627950193e-08,"Slc22a17",5.37686570596712e-08,0.0872810679681401
0.213667887877987,0.262443598043095,0.087276952956878,1.07118117719604e-08,"Poldip2",5.38206497546716e-08,0.087276952956878
0.513856880756784,0.640696198743734,0.0872319982300863,1.08997928827666e-08,"1110038B12Rik",5.47308749007002e-08,0.0872319982300863
0.14354612598866,0.198568674740607,-0.0871955780325033,1.1054432666627e-08,"Htt",5.54726502295277e-08,0.0871955780325033
0.733717911829683,0.814357035303886,0.0871272210120407,1.13504503153499e-08,"Rtraf",5.69225083314799e-08,0.0871272210120407
0.150068622140387,0.20279678618336,-0.087090288223786,1.15135759536973e-08,"Smad4",5.77045180839893e-08,0.087090288223786
0.887198292476008,0.8511336376424,0.0870820179534918,1.15504151571281e-08,"Ube2d3",5.78530157433182e-08,0.0870820179534918
0.974578873145052,0.919107583359678,0.0870600475391475,1.16488374708033e-08,"Rab2a",5.83095894358861e-08,0.0870600475391475
0.0612350320497463,0.0835034762630735,-0.0870245277870765,1.18096833048674e-08,"Ier5l",5.90778671061447e-08,0.0870245277870765
1.10358996831503,1.1961726014147,-0.0870219623782126,1.18213835405138e-08,"Jund",5.90995523545687e-08,0.0870219623782126
0.0687129370500139,0.108695558781475,-0.0870183953446693,1.18376706688344e-08,"Ino80dos",5.91441279244876e-08,0.0870183953446693
0.283353784984733,0.338353171147104,0.0869885509656869,1.19747973654516e-08,"Pgd",5.97920187059017e-08,0.0869885509656869
0.0840920265056099,0.117896816429929,-0.0869784619098864,1.20215018175789e-08,"Stxbp5",5.99878921543863e-08,0.0869784619098864
0.53356443211049,0.595028195228131,0.0869563755804638,1.21243627599165e-08,"Csnk2b",6.04635716504476e-08,0.0869563755804638
0.433191194163626,0.566292376972229,-0.0868981425864529,1.23996822674099e-08,"Klf7",6.179816802093e-08,0.0868981425864529
0.501850195011556,0.590675353280982,-0.0868099765627218,1.28281135438616e-08,"Itm2c",6.38937200968004e-08,0.0868099765627218
0.306696518778405,0.418143191737785,-0.0867922719513603,1.29158637737629e-08,"Sppl3",6.42908752609638e-08,0.0867922719513603
0.248279178229274,0.328115313224471,0.0867829285580842,1.29624076228925e-08,"Rab1b",6.44820115734772e-08,0.0867829285580842
0.477655073327343,0.531381659939579,0.086781340467725,1.29703348304576e-08,"Sin3b",6.44820115734772e-08,0.086781340467725
0.359663164684363,0.518373046372941,-0.0867783867603739,1.29850912585464e-08,"Ddx17",6.4515400779304e-08,0.0867783867603739
0.0857130045886448,0.127173130389896,-0.0867679920067858,1.30371521885056e-08,"Invs",6.47339784409461e-08,0.0867679920067858
0.26098976629843,0.484643717520625,0.0867454832941493,1.31505801871702e-08,"Rpl9-ps6",6.52568060741209e-08,0.0867454832941493
0.115830185969703,0.157446833410614,0.0866821829253174,1.34747312750638e-08,"Tma16",6.68240072627394e-08,0.0866821829253174
0.133500718819075,0.182437504470223,-0.0866220453395625,1.37898662702382e-08,"Gm16599",6.83445873702234e-08,0.0866220453395625
0.321869232419796,0.437092321220814,-0.0866194582654203,1.38035824974485e-08,"Zbtb38",6.83638764248144e-08,0.0866194582654203
0.154369304136628,0.221990292134328,-0.0866180983091511,1.38107980663789e-08,"Arfgef1",6.83638764248144e-08,0.0866180983091511
2.10068403706363,1.2370577915438,0.0866121853006725,1.38422135372889e-08,"Fkbp1a",6.84771402115947e-08,0.0866121853006725
0.205959468030023,0.268940098752684,0.0865863145040753,1.39804815386177e-08,"Nacc2",6.91185359617182e-08,0.0865863145040753
1.02949548272277,1.02303624754617,-0.0865279393756263,1.42974164350226e-08,"Gas7",7.06419147011214e-08,0.0865279393756263
0.376151247165387,0.43724021003741,0.0864887111748022,1.45143053671033e-08,"4833439L19Rik",7.16694069326997e-08,0.0864887111748022
0.142973248110362,0.180758635680847,-0.0864716815610097,1.46094519029279e-08,"Sfxn1",7.20948598210906e-08,0.0864716815610097
0.297738941662558,0.460461045892635,0.08644060445979,1.47846469375524e-08,"Lpar4",7.29145710060975e-08,0.08644060445979
0.0688977617833127,0.0859159970988072,-0.0864188821524724,1.49083145133672e-08,"Nme7",7.3479309370552e-08,0.0864188821524724
0.109690612384357,0.159736209592472,-0.0864099330556685,1.49595543679051e-08,"Macf1",7.36865956096196e-08,0.0864099330556685
0.171153360619542,0.22720110700715,-0.0864062262741324,1.4980828340336e-08,"Ube3c",7.37461144802795e-08,0.0864062262741324
0.808837464580166,0.815588469756128,0.0863503206373742,1.53052670725213e-08,"Phgdh",7.5297034328578e-08,0.0863503206373742
0.303005923754538,0.383878115188763,0.0863409680805444,1.53602050148446e-08,"Eif4e2",7.55179865313223e-08,0.0863409680805444
0.285674877582511,0.403477087550876,-0.0863394735127756,1.5369001994722e-08,"Sox5",7.55179865313223e-08,0.0863394735127756
0.142943228942985,0.177687488169221,0.0863100425179971,1.55432318916075e-08,"Ptdss2",7.63273517125204e-08,0.0863100425179971
1.10234807377257,0.971939064899936,0.0862833558954238,1.57028720223024e-08,"Ndufa2",7.70554504437181e-08,0.0862833558954238
0.265987073502876,0.321804091741344,0.0862820528517937,1.57107074932606e-08,"Mrpl11",7.70554504437181e-08,0.0862820528517937
0.443052838620328,0.535971044293261,-0.0862681244448279,1.57946993982768e-08,"Mkln1",7.74200781745711e-08,0.0862681244448279
0.504277603227203,0.569519325299436,0.0862602319023153,1.58424868232936e-08,"Eif4a3",7.76069073688084e-08,0.0862602319023153
0.0871997953729866,0.11221290080735,0.086246261220782,1.59274202866428e-08,"Thap4",7.79753632580977e-08,0.086246261220782
0.183866842899236,0.27402578610938,-0.0862432785834774,1.59456101359703e-08,"Pde8a",7.80168144701375e-08,0.0862432785834774
0.273421189080341,0.372267687837257,-0.086210585876303,1.614631601642e-08,"Gramd1b",7.89506640559136e-08,0.086210585876303
0.0696965665827895,0.0989737443811393,-0.0861887714398509,1.62816004405522e-08,"Ints6l",7.95636796193609e-08,0.0861887714398509
0.0663955166793258,0.0799972454721015,-0.086184548211731,1.63079180648465e-08,"Tent4b",7.96437824420746e-08,0.086184548211731
0.316242759691967,0.386831942355976,0.0861282809880847,1.66625202485027e-08,"Mrto4",8.13260720644683e-08,0.0861282809880847
0.200447469579872,0.266127689382569,-0.0860714113308865,1.70285210740855e-08,"Bag3",8.30619167771806e-08,0.0860714113308865
0.15191488033343,0.208141951701838,-0.0859930951256693,1.75453465860649e-08,"Map3k2",8.55308997609873e-08,0.0859930951256693
0.164217774053766,0.243468538472504,-0.0859654057203515,1.77316932068792e-08,"Esyt2",8.63868283497261e-08,0.0859654057203515
0.262633434780161,0.342260645286468,-0.0859483327306079,1.78475485349148e-08,"Atf7",8.68985008763085e-08,0.0859483327306079
0.420279706069968,0.517869974094799,0.085942323628912,1.78885001661046e-08,"Ddb1",8.70450729732101e-08,0.085942323628912
0.0703377251119911,0.0969903356989713,-0.0859309257185561,1.79664269036902e-08,"Plekhm3",8.73712784698245e-08,0.0859309257185561
0.312497425830077,0.377986877930037,0.0859268502132484,1.7994370755153e-08,"Idh3a",8.74541677403683e-08,0.0859268502132484
0.192320174043131,0.237768549258632,0.085925245352721,1.80053861138761e-08,"Amdhd2",8.74547325531123e-08,0.085925245352721
0.8355608268606,0.826689031755271,0.0858858037771984,1.82781696444125e-08,"H2afz",8.87259729139539e-08,0.0858858037771984
1.99175011210974,2.34158842891292,0.0858362277748726,1.86267388050004e-08,"Rps29",9.03633326307878e-08,0.0858362277748726
0.456454513778063,0.515340681152319,0.0858299217808732,1.86715361925137e-08,"Aco2",9.05259253224954e-08,0.0858299217808732
0.05516917754836,0.0669403926821665,-0.0858014117608706,1.88753781473384e-08,"Sowahc",9.14129437969672e-08,0.0858014117608706
0.125564599375335,0.180761041858665,-0.085801147983277,1.88772741614624e-08,"Usp37",9.14129437969672e-08,0.085801147983277
0.195030488485337,0.228028659567091,0.0857514542219098,1.92377867230738e-08,"Carnmt1",9.31025335741523e-08,0.0857514542219098
0.78382476039133,0.914746024565419,-0.0857303023072105,1.93932566976799e-08,"Klf9",9.37983675359758e-08,0.0857303023072105
0.185690776765534,0.269447831528674,-0.0857026904700029,1.95980441185382e-08,"Etv6",9.47317506067172e-08,0.0857026904700029
1.41590991046466,1.08394752274255,0.0856934649351989,1.96669333210992e-08,"Uqcrh",9.50075093127634e-08,0.0856934649351989
0.124238677039594,0.197097750267427,-0.0856546464783204,1.99593835613552e-08,"Rabgap1l",9.63622705753998e-08,0.0856546464783204
0.189195014778677,0.259512224544764,-0.0856272455977943,2.01683526759222e-08,"Atrn",9.73126048536377e-08,0.0856272455977943
0.19506292428899,0.237169377987134,0.0856070765845009,2.0323524033513e-08,"Ruvbl2",9.80023779116036e-08,0.0856070765845009
0.0865493126062303,0.118500407743381,-0.085601511250137,2.03665447894552e-08,"Gm10125",9.81508440784315e-08,0.085601511250137
0.320374131828259,0.416555631424856,0.0855745758854908,2.05760107417256e-08,"Etf1",9.91007864295354e-08,0.0855745758854908
0.373286281508852,0.466175215650444,-0.0854805639253076,2.13236156657665e-08,"Chpt1",1.02639887283809e-07,0.0854805639253076
0.135363940713418,0.271951670216318,-0.0854590335854073,2.14985037294319e-08,"Cadm2",1.03419660626476e-07,0.0854590335854073
0.63400786655101,0.77626981599143,-0.085452132444577,2.15548547695173e-08,"Dip2b",1.03628612744522e-07,0.085452132444577
0.184915312366678,0.270616026516377,-0.0854443129049839,2.16188781865628e-08,"Rreb1",1.0387417878382e-07,0.0854443129049839
0.814197141465487,1.0179574312032,-0.0853897631528235,2.20706730014019e-08,"Lama4",1.05981496207809e-07,0.0853897631528235
0.158405402069135,0.204342148301289,-0.0853243440704563,2.26245807206328e-08,"Aak1",1.08576337142558e-07,0.0853243440704563
0.0958232304551374,0.139494050702677,-0.0853112920987934,2.2736695493204e-08,"Zcchc18",1.09049159974578e-07,0.0853112920987934
0.0811472530782216,0.112677053523345,-0.0853090430366283,2.27560690231598e-08,"Rnd2",1.09076880431203e-07,0.0853090430366283
0.115232532618062,0.166627636961205,-0.0853041940015619,2.27978933571726e-08,"Gcnt2",1.09212117192808e-07,0.0853041940015619
0.0797116274967488,0.0973890492748908,-0.0852972939635733,2.2857536795301e-08,"Dtx4",1.09432503129771e-07,0.0852972939635733
0.0769660895763651,0.116749009364531,-0.0852734762244679,2.30645812087885e-08,"Rhebl1",1.10357900786714e-07,0.0852734762244679
0.364678955830228,0.452240267692288,0.0852690545415224,2.3103218061612e-08,"Far1",1.10476890182583e-07,0.0852690545415224
1.09881818346424,0.962718178233774,0.0852572975104113,2.32062572388819e-08,"Rbx1",1.10903518811667e-07,0.0852572975104113
0.486113544933691,0.615339883917335,-0.0852090865827833,2.36334627634099e-08,"Pura",1.12877919770001e-07,0.0852090865827833
0.375223616750276,0.501874878584493,-0.0851640824963181,2.40391316046679e-08,"Adam17",1.14747169539474e-07,0.0851640824963181
0.163850147747519,0.225041007367241,-0.0851481841070942,2.41840488997916e-08,"Rcor1",1.15370278461313e-07,0.0851481841070942
0.0689752934739401,0.0993050986223124,-0.0851199052247263,2.44439144688328e-08,"Zfp182",1.16438798305689e-07,0.0851199052247263
0.140058363398527,0.192176551699064,-0.0851197952926867,2.44449299437411e-08,"Cdkn2c",1.16438798305689e-07,0.0851197952926867
0.0560064157754917,0.0694149638554013,-0.0851190768747382,2.4451567191561e-08,"Resf1",1.16438798305689e-07,0.0851190768747382
0.317727254384491,0.400411583387564,-0.0851062479881321,2.45703842228563e-08,"Snta1",1.16935209373784e-07,0.0851062479881321
0.0991374905011403,0.118153130232539,0.085093920809731,2.46850822099188e-08,"Tcim",1.1741144022074e-07,0.085093920809731
0.302627470979069,0.420114983620616,-0.085091378804311,2.47087987693268e-08,"Bcl2",1.1745462163808e-07,0.085091378804311
0.330790776432559,0.489277153147658,-0.0850833154146134,2.47841754522214e-08,"Pard3",1.17743175742229e-07,0.0850833154146134
0.273117771783488,0.348883666057527,0.0850727544458573,2.48832370464914e-08,"Gar1",1.18143842639673e-07,0.0850727544458573
0.161600070604929,0.252092621327037,-0.0850389197933063,2.52031986897644e-08,"Slk",1.19592233167752e-07,0.0850389197933063
0.168019866550621,0.218517624729577,-0.0850363347224791,2.52278081963507e-08,"Zfp704",1.19638258255034e-07,0.0850363347224791
0.781148439040505,0.742075264825567,0.0850099270496779,2.54805446766785e-08,"Ndufs5",1.20765440334122e-07,0.0850099270496779
0.369423565793693,0.453691926293347,0.0849412086846091,2.61497854556584e-08,"Srp72",1.23864154956436e-07,0.0849412086846091
0.0997797747920607,0.130211812221664,0.0849338790565014,2.62221662180196e-08,"Alg3",1.24133723736513e-07,0.0849338790565014
0.215848189679872,0.309400124904815,-0.0848859013275626,2.67007731926531e-08,"Ubr3",1.26324884491656e-07,0.0848859013275626
0.183171941739188,0.276954824744995,-0.0848836396381163,2.67235428243616e-08,"Tcf7l1",1.26358107025738e-07,0.0848836396381163
0.774328395521635,0.974212120103161,0.0848589437862157,2.69733980466694e-08,"Itm2a",1.27464396894273e-07,0.0848589437862157
0.866166066299678,0.841534161658768,0.0848020696537425,2.755745944594e-08,"Ndufc2",1.30147766094304e-07,0.0848020696537425
0.439304376401262,0.542397355268543,0.0847667248181079,2.7926589566579e-08,"Kdelr2",1.31813502754253e-07,0.0847667248181079
0.0812935734908024,0.106319845594653,0.0847647778145769,2.79470622157951e-08,"Grwd1",1.31832585079095e-07,0.0847647778145769
0.0879935303834522,0.128732605427178,-0.0847523511859301,2.80780710008404e-08,"Zbtb4",1.32372762462246e-07,0.0847523511859301
0.195227168058393,0.244302297681684,0.0847287974985328,2.83280242452304e-08,"Nipsnap3b",1.33472734318103e-07,0.0847287974985328
0.224076217336977,0.278462084142363,0.0847127443329901,2.84996167980352e-08,"Rap1gap",1.34202420884644e-07,0.0847127443329901
0.27620298382133,0.355658135784416,0.0846889451670985,2.87558630253259e-08,"Eif2s1",1.35329645111563e-07,0.0846889451670985
0.517303770263507,0.594684622745739,0.0846524157199247,2.91535292350371e-08,"Psmc1",1.37120702568545e-07,0.0846524157199247
0.2798449269037,0.369647297123068,0.0846495951337446,2.91844555013338e-08,"Snhg3",1.37185747476686e-07,0.0846495951337446
0.114672509047622,0.154453210300478,-0.084637787536412,2.93142654519471e-08,"Dnajc13",1.37715261116173e-07,0.084637787536412
0.174233285411638,0.22855060288778,-0.084628200251553,2.9420077591351e-08,"AC149090.1",1.38059534555457e-07,0.084628200251553
1.0606947266691,1.01441096261471,-0.0846280300289857,2.9421959632332e-08,"Ctnna1",1.38059534555457e-07,0.0846280300289857
0.500816729856984,0.556724231154154,0.084610086449028,2.96210064950275e-08,"Fkbp4",1.38912306321508e-07,0.084610086449028
0.379737425778734,0.773049123247202,-0.0845698267494393,3.00723685377862e-08,"AY036118",1.40946661885045e-07,0.0845698267494393
0.572493743787362,0.587870126087639,0.0845637708203486,3.0140837715381e-08,"Ube2n",1.41185103227214e-07,0.0845637708203486
0.0685881115409953,0.0914540981989819,-0.0845535219274419,3.02570577208786e-08,"Pnp",1.41646809307077e-07,0.0845535219274419
0.242373256254342,0.358564314188724,-0.0845356671688759,3.04605653350372e-08,"Vti1a",1.42516370990285e-07,0.0845356671688759
0.280941246502951,0.375524183594102,-0.0845307357631589,3.05170067943572e-08,"Tbl1x",1.42697239229558e-07,0.0845307357631589
0.299076699367932,0.341562052945775,0.0845226863807704,3.06093524182545e-08,"Mrps7",1.43045686548675e-07,0.0845226863807704
0.142199926059271,0.194382818840917,-0.0845065998284878,3.07947162440942e-08,"Crem",1.43828174122591e-07,0.0845065998284878
0.0892754840315671,0.133976532870863,-0.0844892451102023,3.09959137298665e-08,"Fam219a",1.44683660132896e-07,0.0844892451102023
0.0977070227922843,0.124086031655879,-0.0844724480146703,3.11918602743646e-08,"Znrd2",1.45484772596702e-07,0.0844724480146703
0.372710764382986,0.530651360999333,-0.0844714277918475,3.12038003039537e-08,"Rapgef6",1.45484772596702e-07,0.0844714277918475
0.166659767330575,0.218692652405233,0.0844641219152229,3.12894331838323e-08,"Ak2",1.45799310027335e-07,0.0844641219152229
0.185090244091749,0.224598790698131,0.0844536360213762,3.14127377522473e-08,"Ciapin1",1.46288919166589e-07,0.0844536360213762
1.36627876788151,1.06018326884655,0.0844503718963791,3.14512169728547e-08,"Cox7a2",1.46383158346976e-07,0.0844503718963791
0.0781647756905458,0.111574705372263,-0.0844227681669313,3.17784571854072e-08,"Myh10",1.478204872207e-07,0.0844227681669313
0.173179041798141,0.223365631398901,0.084295513209656,3.3330243245049e-08,"Kars",1.54948940786949e-07,0.084295513209656
0.398823687845154,0.454108892756804,0.0842572357523062,3.38112139982458e-08,"Tomm40",1.57093909161508e-07,0.0842572357523062
0.204606426983292,0.275395196929981,-0.0842185351360408,3.430434118448e-08,"Etnk1",1.5929284355571e-07,0.0842185351360408
0.148941399787783,0.208586861648986,0.0842081188153087,3.44382536046129e-08,"Tmem19",1.59822178671726e-07,0.0842081188153087
0.170784300841617,0.231060326730493,-0.0841537728281428,3.51451890054903e-08,"Cpq",1.63008668543384e-07,0.0841537728281428
0.352431427227803,0.44802429555184,0.0841428125260964,3.52894564257709e-08,"Stip1",1.63583245731014e-07,0.0841428125260964
0.154041084255395,0.18460383758478,0.084065407304109,3.63247920830607e-08,"Aspscr1",1.68285295424064e-07,0.084065407304109
0.273780384470473,0.370331818481815,-0.0840556579784347,3.64572642857897e-08,"Jak1",1.68801551430569e-07,0.0840556579784347
0.0843920639690527,0.102456321525169,-0.0840496442412839,3.65392113731777e-08,"Vps35l",1.69083409491568e-07,0.0840496442412839
0.0995958433558499,0.128775809963164,0.0839911957788342,3.73450269441784e-08,"Mvd",1.72712677925123e-07,0.0839911957788342
1.02584788587223,0.904230719507235,0.0839894647735669,3.73691526787278e-08,"Smdt1",1.72724701091078e-07,0.0839894647735669
0.114813358991595,0.183069010840887,-0.0838976074328728,3.8671310841834e-08,"Pbx3",1.78640528609601e-07,0.0838976074328728
0.0805321063621621,0.105370958480495,0.0838772221775106,3.89661976565934e-08,"Abcb9",1.79899177213179e-07,0.0838772221775106
0.488037973447731,0.544261693732362,0.0838728655412142,3.90295015306605e-08,"Imp3",1.80082946252291e-07,0.0838728655412142
1.11301526496292,0.978647769985042,0.0838713952407507,3.90508881454369e-08,"Dynlrb1",1.80082946252291e-07,0.0838713952407507
0.184322681219486,0.254054327938271,0.083832970619207,3.96138480269539e-08,"Ftsj3",1.82574104864031e-07,0.083832970619207
0.200533478269893,0.274220781951659,-0.0838187973572956,3.98234803703614e-08,"Mysm1",1.83434906137646e-07,0.0838187973572956
1.26115081360803,1.00106092645493,0.0836960464957168,4.16846038595678e-08,"Atp5j",1.9189745345334e-07,0.0836960464957168
0.142908844665407,0.188566917842348,-0.0836727191080647,4.20476982143976e-08,"Myo9b",1.9345798765615e-07,0.0836727191080647
0.0609631034504841,0.090511542719289,-0.0836655564807556,4.21597994169739e-08,"Znfx1",1.93862596287564e-07,0.0836655564807556
0.162995273748329,0.209148162248964,0.0835783455097215,4.35481766926149e-08,"Surf2",2.00132056003174e-07,0.0835783455097215
0.130675227771704,0.170708146503468,-0.0835513902839352,4.39861901883044e-08,"Zfp219",2.02029301700604e-07,0.0835513902839352
0.367045015056125,0.4405593921984,0.0835457033490186,4.40791449251791e-08,"Pisd",2.02340422700021e-07,0.0835457033490186
0.0993483326679184,0.136307131240037,-0.0835253243774249,4.44138116677082e-08,"Anxa4",2.03760105672779e-07,0.0835253243774249
0.33131500203401,0.386232868945919,0.0834934184258413,4.49427276160098e-08,"Ndufa9",2.06068826509064e-07,0.0834934184258413
0.0677493360689276,0.0989175404647237,-0.0834681454693358,4.53660138852696e-08,"2510009E07Rik",2.0789085974609e-07,0.0834681454693358
0.165632283183315,0.252053747196348,-0.0834264483700532,4.60728405448243e-08,"mt-Nd6",2.11009402129949e-07,0.0834264483700532
0.132377132927219,0.178708855389427,0.0833705699996514,4.7036814025927e-08,"Acat2",2.15301423698824e-07,0.0833705699996514
0.276160894472325,0.398701214951466,-0.0833569011810777,4.7275577470987e-08,"Dis3l2",2.16270942774914e-07,0.0833569011810777
1.12321349116868,0.955481033119978,0.0833335588087557,4.76860340599106e-08,"Eef1d",2.18024351736024e-07,0.0833335588087557
0.196089070866352,0.274877044175171,-0.0832962264146157,4.83496815446535e-08,"Scmh1",2.20932713390831e-07,0.0832962264146157
0.791468973474239,0.777880860372776,0.0832740424955326,4.8748268755282e-08,"Romo1",2.22627267212511e-07,0.0832740424955326
0.899320709371181,0.850424807362058,0.0832372657970965,4.94160747707477e-08,"Snrpd2",2.25548682571376e-07,0.0832372657970965
0.106331817978589,0.150585307986121,-0.0832166571503193,4.97941613986253e-08,"Fam222b",2.27145168313001e-07,0.0832166571503193
0.428849160177365,0.49074023029781,0.0831298171410825,5.14183492450634e-08,"Mrpl17",2.3442092860363e-07,0.0831298171410825
0.334852462721237,0.381672167125685,0.0831267594023498,5.14764643422409e-08,"Lage3",2.34552612085259e-07,0.0831267594023498
0.967348510588673,0.896861467424085,0.0831007564563722,5.19732523896389e-08,"Atox1",2.36681825865189e-07,0.0831007564563722
0.214214169026864,0.286041100379674,-0.0830589804580913,5.27811267138879e-08,"Shisa5",2.40224481424978e-07,0.0830589804580913
1.38739647680176,1.05902961031596,0.0830457635452847,5.30392424498084e-08,"Uqcr11",2.41262404431555e-07,0.0830457635452847
0.143977538913495,0.193358106860768,-0.0830238103705584,5.34706752854841e-08,"Atl3",2.4297324080478e-07,0.0830238103705584
0.258439323631758,0.340536806750955,0.0830235447990693,5.34759151621687e-08,"Plscr3",2.4297324080478e-07,0.0830235447990693
0.565072151121704,0.675516876478423,0.0829847081411322,5.42475640888338e-08,"Snx6",2.46212443595773e-07,0.0829847081411322
0.929743355636604,0.979016539684395,0.0829845764248263,5.42501994363568e-08,"Hsp90aa1",2.46212443595773e-07,0.0829845764248263
0.313326553543065,0.328496551931402,0.0829527310043452,5.48910081072527e-08,"Svbp",2.4897990336495e-07,0.0829527310043452
0.460207964332139,0.587372601443141,-0.0829390476272556,5.51685983009112e-08,"Rock1",2.50097645630797e-07,0.0829390476272556
0.0854963070272005,0.126342572744277,0.0829246906313881,5.54613158789275e-08,"Caskin2",2.51282664377479e-07,0.0829246906313881
0.579855428393581,0.659273865399426,0.0829085701450976,5.57917815928013e-08,"Zfp207",2.52637277370563e-07,0.0829085701450976
0.06604769003737,0.092466026672808,0.0828803205102599,5.63754975119467e-08,"1810010H24Rik",2.55136487329871e-07,0.0828803205102599
0.269376847757437,0.332096918198739,0.0828699469528573,5.65913255641797e-08,"Rbmxl1",2.55968881807766e-07,0.0828699469528573
0.41580516386049,0.559945277329081,-0.0828293720336248,5.74432249693255e-08,"Cdh11",2.59675739241616e-07,0.0828293720336248
0.0800807684224773,0.11193104963653,-0.082816269848663,5.77209584330581e-08,"Jak2",2.60784330217826e-07,0.082816269848663
0.713361180337616,0.767923210493059,0.0827858805727267,5.83701513514288e-08,"Capg",2.63568989557605e-07,0.0827858805727267
0.103563624416751,0.166133526116419,0.0827834340355703,5.84227221862627e-08,"Tmem57",2.63657999337779e-07,0.0827834340355703
0.256305871380289,0.297229492739372,0.0827759895027325,5.85829714862332e-08,"Akr7a5",2.64232581903055e-07,0.0827759895027325
0.218809613410577,0.31417497433887,0.0827647470105144,5.88257820671399e-08,"Tiparp",2.65178693992545e-07,0.0827647470105144
0.22334677901517,0.269705565083582,0.0827630592827247,5.88623169479725e-08,"Mcrs1",2.65194402689799e-07,0.0827630592827247
0.35204581200377,0.449871604123837,-0.0827464218406402,5.92236522097778e-08,"P2rx7",2.66672606807664e-07,0.0827464218406402
0.248206184655831,0.31383647405167,0.0827030150886862,6.01765128118378e-08,"2310039H08Rik",2.70811182726969e-07,0.0827030150886862
0.378248253903694,0.445958692660069,0.0826867951064974,6.05363695232861e-08,"Ssna1",2.72277931084556e-07,0.0826867951064974
0.334995461328434,0.708610554407538,0.0826842470583235,6.05930896541057e-08,"Gm6472",2.72380364921313e-07,0.0826842470583235
0.231385421622648,0.284675765640639,0.0826549185954006,6.1249665219644e-08,"Ruvbl1",2.75177667257796e-07,0.0826549185954006
0.344588948806897,0.405148365844503,0.0826505066805403,6.1349029011475e-08,"Psmd9",2.75469842634625e-07,0.0826505066805403
0.458303341420546,0.544210525375929,0.0826128845747284,6.22027085753292e-08,"Tmem9b",2.79146830877204e-07,0.0826128845747284
0.237041687076931,0.345374097740107,0.0826058713683096,6.23631118075984e-08,"Gnb4",2.79710234289642e-07,0.0826058713683096
0.662453268521474,0.675180929392982,0.0825657888909108,6.32875784427171e-08,"Tomm22",2.83698061130929e-07,0.0825657888909108
0.176123113740864,0.226499864400925,0.0825626210629161,6.33612048544359e-08,"Triap1",2.83869518566161e-07,0.0825626210629161
0.0841518262549399,0.113439917984906,-0.0825464275118174,6.37388718981442e-08,"Pdpn",2.85402180865351e-07,0.0825464275118174
0.187981373646402,0.236163724485118,0.0825049824134539,6.47154143351973e-08,"Polr1c",2.89613209495607e-07,0.0825049824134539
0.25083738930436,0.339492327310697,-0.0824495228074053,6.60448640449339e-08,"Ptbp3",2.95397987233305e-07,0.0824495228074053
0.76803988947829,0.779904050136144,-0.0824457171702863,6.61370542250949e-08,"Scp2",2.95645528190619e-07,0.0824457171702863
0.0713670373336844,0.0891279151916211,-0.0824192734934507,6.6781092958503e-08,"Gm14325",2.98358290589659e-07,0.0824192734934507
0.182897340495035,0.247594260418931,-0.0824096464105036,6.70170663173902e-08,"Ube2v1",2.99245932181825e-07,0.0824096464105036
0.0721144529337412,0.0964174862927833,-0.0824054245260702,6.71208051632625e-08,"Ppp1r9b",2.99542458637385e-07,0.0824054245260702
0.172924558445115,0.251963662312609,-0.0824038067145375,6.71605987283015e-08,"Col4a3bp",2.99553443132791e-07,0.0824038067145375
0.353537907325059,0.45913642780961,-0.0823660530830407,6.80957448873669e-08,"Itch",3.03555698320129e-07,0.0823660530830407
1.04582687771731,0.958896863068287,0.0823644104347006,6.81367177329324e-08,"Rpl36al",3.03569696329289e-07,0.0823644104347006
0.270631739743665,0.368256978248008,-0.0823619090789215,6.81991553167344e-08,"Tab2",3.0367925763678e-07,0.0823619090789215
0.138221260407056,0.185869306842427,-0.0823561541774837,6.8343016713119e-08,"9430041J12Rik",3.0415106273215e-07,0.0823561541774837
0.919511612995103,2.64865746693077,-0.0823309012675483,6.89777720167217e-08,"Gm42418",3.06805788615396e-07,0.0823309012675483
0.351957651423827,0.441889885785155,0.0823067414018262,6.95903939020969e-08,"Pnrc2",3.09359180426828e-07,0.0823067414018262
0.257435814299188,0.307125209903464,0.0822219996793152,7.17811174823308e-08,"Epn1",3.18921199711086e-07,0.0822219996793152
0.0664020529115959,0.0962214512323038,-0.0822158903199015,7.19416101662116e-08,"Cpne1",3.19457376853172e-07,0.0822158903199015
0.857376599804697,0.988113661968481,-0.0821633901298133,7.33351853309185e-08,"Rbms1",3.25465446402262e-07,0.0821633901298133
0.0733776612651848,0.113207589914919,-0.0821502506065283,7.36880318315807e-08,"Mpp7",3.26850617698509e-07,0.0821502506065283
0.100280847372791,0.143725731465733,-0.0821330002271461,7.41537668993637e-08,"Snx29",3.28734710276516e-07,0.0821330002271461
0.198711204380341,0.241676352632826,0.0820786739629553,7.56391926928059e-08,"Kansl2",3.35005315096972e-07,0.0820786739629553
0.519823823380039,0.679074571719101,-0.0820782191736404,7.56517486235934e-08,"Mdk",3.35005315096972e-07,0.0820782191736404
0.49960361954502,0.559433011938698,0.0820704197025524,7.58673925676611e-08,"Gtf2a2",3.35774935445622e-07,0.0820704197025524
0.178477373862033,0.234488353217314,0.0820643576790376,7.60354095383775e-08,"Utp18",3.36333035356086e-07,0.0820643576790376
0.161984806687931,0.246223384066673,-0.082054548127158,7.63080575960274e-08,"Gm49980",3.37353087686239e-07,0.082054548127158
0.0848199277080334,0.124609865552896,-0.0820165448900067,7.73732890211558e-08,"Apobec1",3.41874047965724e-07,0.0820165448900067
0.202137723347606,0.265146582314074,0.0819825443352929,7.83385157511692e-08,"Rrs1",3.45948404175774e-07,0.0819825443352929
0.116608662741839,0.172753032743198,-0.0819438493538069,7.94511946579895e-08,"Ppp1r12b",3.50669079172556e-07,0.0819438493538069
0.214101641277654,0.316153468989496,0.0819352286337084,7.97011603639047e-08,"Txnrd1",3.51578950390308e-07,0.0819352286337084
0.0960559514790126,0.139444814716039,-0.0819125031525464,8.0363760807049e-08,"Phf8",3.54307042151517e-07,0.0819125031525464
0.408509710377699,0.541734023207259,0.0818752086493594,8.14627184620066e-08,"Elovl6",3.58954889038518e-07,0.0818752086493594
0.585965074470626,0.831613662597004,-0.0818690004687573,8.16470617715658e-08,"Hist1h1c",3.59496493072738e-07,0.0818690004687573
0.449913160375067,0.521892729936237,0.081868052777664,8.1675237646012e-08,"Cnih1",3.59496493072738e-07,0.081868052777664
0.0980650266954429,0.148172071542941,-0.0818423868017258,8.24419039569107e-08,"Sspn",3.62672059950796e-07,0.0818423868017258
0.229133455529358,0.31397167466903,-0.0818108475311015,8.33935542148342e-08,"Antxr1",3.66657467956071e-07,0.0818108475311015
0.187999727331414,0.237717249856697,0.0818032594213946,8.36240960695744e-08,"Sh3glb2",3.6738156742612e-07,0.0818032594213946
0.12969106815376,0.148990822766193,0.0818024141249327,8.36498160129014e-08,"Eef1akmt1",3.6738156742612e-07,0.0818024141249327
0.26534462233664,0.364091418630688,0.0817870601591158,8.41183279788645e-08,"Dnttip2",3.69237124563681e-07,0.0817870601591158
0.187427122222339,0.240530703203582,0.0817839726494617,8.42128467142133e-08,"Thoc3",3.69449908165581e-07,0.0817839726494617
0.495607037580311,0.553396860474328,0.0817631649246623,8.48525252353175e-08,"Rnf10",3.71973484144612e-07,0.0817631649246623
0.127587633174108,0.196611065677914,-0.0817622490616322,8.48807888171467e-08,"Stim1",3.71973484144612e-07,0.0817622490616322
0.141931542097163,0.213357222673387,-0.0817275480262761,8.59584037019495e-08,"Map4k3",3.76371719226475e-07,0.0817275480262761
0.403778176101768,0.549700193711286,-0.0817269133636777,8.59782354613819e-08,"Arid4b",3.76371719226475e-07,0.0817269133636777
0.244551250599834,0.361698379209931,-0.0817187147105887,8.62348231439885e-08,"Apc",3.77289106274462e-07,0.0817187147105887
0.14844721582918,0.203363838586016,-0.0817062048627678,8.66277641630711e-08,"Tob2",3.78801732776285e-07,0.0817062048627678
0.117281308548339,0.164543931409449,-0.0816598414065131,8.8099234368019e-08,"Ttc17",3.85026283534305e-07,0.0816598414065131
0.0906713350250352,0.148649362406708,0.0816527062854595,8.83278240543474e-08,"Skiv2l2",3.85815166147024e-07,0.0816527062854595
0.640700456839151,0.674991113288303,0.0816379130080667,8.88035903780694e-08,"Psma6",3.87682268331681e-07,0.0816379130080667
0.178072768376387,0.224115981490333,0.081620859942205,8.93551114825562e-08,"Tsr3",3.89877876311055e-07,0.081620859942205
0.0820718444840679,0.132034149441267,-0.0816186096403896,8.94281366630807e-08,"Fbxo2",3.8998443944813e-07,0.0816186096403896
0.0926843756467814,0.118250738491928,-0.0815763850590493,9.08091368756513e-08,"Shisa2",3.95791697061502e-07,0.0815763850590493
0.336307032070316,0.474155915703562,-0.081556179873077,9.14772485476452e-08,"Arih1",3.98351714495429e-07,0.081556179873077
0.673745214064465,0.699081141446066,0.0815556212116037,9.14957888603035e-08,"Dctn3",3.98351714495429e-07,0.0815556212116037
0.160281736600698,0.226813895240475,-0.081549469386303,9.17001903040354e-08,"Tapbp",3.99025123101725e-07,0.081549469386303
0.0638829890729437,0.0958144301118858,-0.0815335829829617,9.22300804908358e-08,"Dgkh",4.01113369028979e-07,0.0815335829829617
0.102435945827488,0.145097962630966,-0.0815268391084136,9.24559169651524e-08,"Fbn2",4.01877723579839e-07,0.0815268391084136
0.185821581090006,0.25859995806567,-0.0815184226558691,9.27385149345302e-08,"Ulk2",4.02887841816281e-07,0.0815184226558691
0.174473328380115,0.238277174542708,-0.0814927499652279,9.36056964129069e-08,"Epn2",4.06129404636897e-07,0.0814927499652279
0.300427968893437,0.371879814214119,-0.0814919461701148,9.36329735960185e-08,"Zfp36l2",4.06129404636897e-07,0.0814919461701148
0.117702239154376,0.179176002180125,-0.0814918418216558,9.36365152764532e-08,"Pkd2",4.06129404636897e-07,0.0814918418216558
0.0788629049912589,0.105194836447888,-0.0814858663624966,9.38395441472077e-08,"Tasp1",4.06790114660829e-07,0.0814858663624966
0.162326420537567,0.225921802271871,-0.0814739059646425,9.42472044952016e-08,"Mon2",4.08336700253508e-07,0.0814739059646425
0.132053515625283,0.195177682291121,-0.0814503204897154,9.5056123955877e-08,"Rfx7",4.11619178964898e-07,0.0814503204897154
0.127669519314162,0.158085002044909,0.0814310280662065,9.57227949129167e-08,"Mrps30",4.14282473776291e-07,0.0814310280662065
0.11691087825745,0.170749704161327,-0.0813986638407114,9.68513509020122e-08,"Phactr4",4.18940829993394e-07,0.0813986638407114
0.146502423391174,0.217261452414431,-0.0813786311069238,9.75563417463483e-08,"Gm16133",4.21762977463739e-07,0.0813786311069238
0.316932847912098,0.378970019583991,0.0813623111681767,9.81343402451465e-08,"Commd4",4.24033358172889e-07,0.0813623111681767
0.211906588730492,0.297468416346943,-0.0813580485479796,9.82858531614576e-08,"Aebp2",4.24459464891031e-07,0.0813580485479796
0.387160568720899,0.573757011760161,-0.081353452374356,9.84494757003788e-08,"Mllt10",4.24937381936439e-07,0.081353452374356
0.280739843782716,0.346635052674255,0.0813054686982689,1.00173497760752e-07,"Trim28",4.32146315071114e-07,0.0813054686982689
0.281950029075368,0.406715551209562,-0.0812369373807203,1.02686527488194e-07,"Chka",4.42749433941576e-07,0.0812369373807203
0.440753586630484,0.53143109676782,0.0811369399795222,1.06463152757877e-07,"Gnai3",4.58786432722453e-07,0.0811369399795222
0.092515426056691,0.157738630798304,0.0811206255536134,1.0709191903268e-07,"Fam213a",4.61248286805274e-07,0.0811206255536134
0.137370606476373,0.192315566952685,-0.0810646557039781,1.09276447347293e-07,"Cop1",4.7040462098427e-07,0.0810646557039781
0.663629694868495,0.691123034280457,0.0810351521255379,1.10445274047841e-07,"Bax",4.75181168343098e-07,0.0810351521255379
0.120265323541848,0.179410508268184,-0.0809863818023967,1.12403949084497e-07,"Akap10",4.83349028646304e-07,0.0809863818023967
0.228617425975394,0.329950476530345,-0.080972609792575,1.12963106433464e-07,"Trim33",4.85493286567818e-07,0.080972609792575
0.403137692318282,0.489092826189988,0.0809638879087098,1.1331861425496e-07,"Slc35b1",4.86760471510597e-07,0.0809638879087098
0.11752021556583,0.135507251479574,0.0809214011783718,1.15065926498043e-07,"Hacd1",4.94001602044033e-07,0.0809214011783718
0.10493638675724,0.144522497743289,-0.0809063536185277,1.15691000999836e-07,"Gse1",4.96419567926568e-07,0.0809063536185277
0.0801031271373925,0.129793821352147,0.0808584981185096,1.17700825138656e-07,"Dscr3",5.04773608184167e-07,0.0808584981185096
0.290930908186281,0.330226627082665,0.0808172596153047,1.19459805863612e-07,"Rsl24d1",5.12043526842749e-07,0.0808172596153047
0.146017388960846,0.235126774393004,-0.0807920867745394,1.20545993168485e-07,"Arhgap26",5.16423411203376e-07,0.0807920867745394
0.115437427340065,0.162235952788365,-0.0807832713138351,1.20928626611501e-07,"Sdccag8",5.17786179258637e-07,0.0807832713138351
0.0701680396938291,0.0913754909049094,0.0807718580883108,1.21425760890203e-07,"Slc19a1",5.19637496204262e-07,0.0807718580883108
0.111662051330056,0.155871343742119,0.0806665656605153,1.26106270479823e-07,"Grpel2",5.39379911689818e-07,0.0806665656605153
0.0774432651933081,0.108401004713343,0.0806329524364433,1.2763686385648e-07,"Nme4",5.4563569290591e-07,0.0806329524364433
0.32428450443737,0.407215680367364,0.0805854246611759,1.29831760034652e-07,"Nt5c",5.54723132331229e-07,0.0805854246611759
0.239624710454523,0.319326579683633,0.0805700819984927,1.3054806591032e-07,"Mphosph10",5.57486791306229e-07,0.0805700819984927
0.242077686521822,0.345768589197012,-0.0805618354116858,1.30934653552865e-07,"Ascc3",5.588402447384e-07,0.0805618354116858
0.875202152409639,0.8877154730055,-0.0805546246629976,1.31273589691308e-07,"Gnai2",5.599889865407e-07,0.0805546246629976
0.128106191486709,0.181498616092927,-0.0805515230661989,1.3141963887901e-07,"Chic1",5.60314124529849e-07,0.0805515230661989
0.462883398276851,0.585575783509912,-0.0805389692530873,1.32012384447164e-07,"Ash1l",5.62542417846013e-07,0.0805389692530873
0.598699693261812,0.665783275213308,0.0804929057331615,1.34209564143005e-07,"Mapre1",5.71601668091013e-07,0.0804929057331615
0.125105532367258,0.182744425021806,-0.0804905166828191,1.34324478623635e-07,"Scaper",5.71787594947503e-07,0.0804905166828191
0.411778805460851,0.566437282156761,-0.0804791825639924,1.34870952952739e-07,"Vps28",5.73809398988748e-07,0.0804791825639924
0.207666060124977,0.290884864644776,-0.0804202340052733,1.3774800439182e-07,"Cdk13",5.85739261918372e-07,0.0804202340052733
0.216102776048679,0.283856913717021,0.0803814124896618,1.39675047693513e-07,"Mak16",5.9361895269743e-07,0.0803814124896618
0.707395700171142,0.727621576442454,0.0803609749089316,1.40699986820593e-07,"Psmc3",5.97658387638136e-07,0.0803609749089316
0.31552823538303,0.488405094300706,-0.0803260760594477,1.42466988841427e-07,"Wwp1",6.04843978023073e-07,0.0803260760594477
0.326714056412404,0.379386749639965,0.080289206213731,1.44357090267463e-07,"Kmt5a",6.12544311108474e-07,0.080289206213731
0.445940109509414,0.496955641992188,0.0802464189077345,1.46580945898079e-07,"Snrpc",6.2161279251085e-07,0.0802464189077345
0.129730734928117,0.17657167565568,-0.0802451160305453,1.46649179489412e-07,"Cntn1",6.2161279251085e-07,0.0802451160305453
0.110195861973462,0.150951492752793,-0.0802304801629521,1.47417794558507e-07,"Ncoa6",6.2454085720035e-07,0.0802304801629521
0.0880738621119662,0.118169286856739,0.0801885109429673,1.49643503267675e-07,"Apeh",6.3363560433764e-07,0.0801885109429673
0.282805529522383,0.370692260579092,-0.0801737164561481,1.50435800771488e-07,"Cbx5",6.36654464868365e-07,0.0801737164561481
0.218347370333591,0.321558433571637,-0.0801357047149794,1.52490105594119e-07,"Ppfibp1",6.45008227352246e-07,0.0801357047149794
0.0989990324801763,0.119503595827458,-0.0801315061329947,1.52718669795918e-07,"Mthfsl",6.4563467146599e-07,0.0801315061329947
0.242697132723072,0.330046537456311,-0.0801269353379906,1.52967873225744e-07,"Sort1",6.46347664435688e-07,0.0801269353379906
0.0592028002316252,0.0736150250944789,-0.0801227832285898,1.53194590299e-07,"Dele1",6.46964943452196e-07,0.0801227832285898
0.168211983668663,0.21524929418413,-0.0801195849583446,1.53369446465786e-07,"Cdk6",6.47204357051748e-07,0.0801195849583446
0.123623663894951,0.165992188093434,0.0801187962201065,1.53412598094769e-07,"Ptrhd1",6.47204357051748e-07,0.0801187962201065
0.117037303241634,0.160390826679077,-0.0800993621167439,1.54479547036284e-07,"Glcci1",6.51363050666917e-07,0.0800993621167439
0.272842339708042,0.411150915754008,-0.0800794216080754,1.55581752994554e-07,"Pan3",6.55665959048478e-07,0.0800794216080754
0.198023646100144,0.280947562499407,-0.0800524161850806,1.57086596469529e-07,"Mylip",6.61660288751442e-07,0.0800524161850806
0.16160016968253,0.215829603537122,-0.0800443600001896,1.57538235539539e-07,"Ssbp4",6.63214481620808e-07,0.0800443600001896
1.19480105938229,1.14394257038426,0.0800406647066735,1.57745817668595e-07,"Sumo2",6.63740136849924e-07,0.0800406647066735
0.495841040970645,0.541565488155724,0.0799943508883625,1.60370012805415e-07,"Polr2j",6.74428188024448e-07,0.0799943508883625
0.675887850075033,0.677669688815669,0.0799837712858118,1.60975359574807e-07,"Vdac3",6.7661932175393e-07,0.0799837712858118
0.110910851912485,0.151806937051769,-0.0798953172893924,1.66123716740809e-07,"Hepacam",6.97893561847251e-07,0.0798953172893924
0.417818662546906,0.500758354397805,-0.0798752792765952,1.67311924644361e-07,"Tmem176a",7.0251746904571e-07,0.0798752792765952
0.603617944954658,0.632230734247328,0.0798734318758484,1.67421883889637e-07,"Psmd8",7.02611504356929e-07,0.0798734318758484
0.159351532217386,0.208192590215458,0.0798253880686084,1.70306155454525e-07,"Hmbs",7.14342180536908e-07,0.0798253880686084
0.0780884877548809,0.0975809542028848,-0.079797674218038,1.71991714356861e-07,"Maco1",7.21035274816849e-07,0.079797674218038
0.0806547290781897,0.116861474770611,-0.079752812834227,1.74754415000823e-07,"Peak1",7.32234687188828e-07,0.079752812834227
1.3030428710871,1.0432878167245,0.0797261577389032,1.76416177252792e-07,"Hmgn1",7.38811798682883e-07,0.0797261577389032
2.29993984995232,1.37977940615492,-0.079714182464066,1.77167715540251e-07,"Cd9",7.41572117629095e-07,0.079714182464066
0.266561562183823,0.365931614714505,-0.0796841593266761,1.79065520237485e-07,"Bach1",7.49124991859009e-07,0.0796841593266761
0.16287711394159,0.208960837019379,0.0796054883121306,1.84132081134751e-07,"Eif2b1",7.69919655562918e-07,0.0796054883121306
0.0730676335368556,0.125196809276066,-0.079593925976355,1.8488829616077e-07,"Mcu",7.72679004371883e-07,0.079593925976355
0.401021125033411,0.471208874436894,0.0795773061172625,1.8598054953545e-07,"Trappc2l",7.76839109564002e-07,0.0795773061172625
0.404077296529047,0.447650028335548,0.0795328805994545,1.88930882031804e-07,"Chadl",7.88752027795627e-07,0.0795328805994545
0.936587843523136,0.859144025035049,0.0795291812058381,1.89178591165513e-07,"Ubl5",7.89093698099838e-07,0.0795291812058381
0.210455764823538,0.276012372758471,0.0795287213287733,1.89209406174487e-07,"Mrpl3",7.89093698099838e-07,0.0795287213287733
0.0957160909359828,0.116639091924068,-0.079500301470914,1.91123177656298e-07,"Fdx2",7.96660975332019e-07,0.079500301470914
0.104932501556082,0.141100542166613,0.0794794319893305,1.92540408960738e-07,"Rhno1",8.02151734943385e-07,0.0794794319893305
0.175492512855979,0.239208510169373,-0.0794483920862842,1.94667105688007e-07,"Tnpo1",8.10590999502112e-07,0.0794483920862842
0.29487938885997,0.376910364973048,0.0794404160223191,1.95217239942726e-07,"Cebpz",8.12460131379891e-07,0.0794404160223191
0.0645790952099157,0.0838038471176129,-0.0794317845143461,1.95814274603739e-07,"Tfap2a",8.14522415458996e-07,0.0794317845143461
0.904129593722527,1.04445265291615,-0.0794163013495502,1.9688965657631e-07,"Ppp3ca",8.1857129760016e-07,0.0794163013495502
0.235986562116911,0.29100773854957,0.0793609848028716,2.00778469312062e-07,"Mrpl32",8.34306803604344e-07,0.0793609848028716
0.360497879812362,0.520496446091931,0.0793534911859339,2.01310952349969e-07,"Nolc1",8.36086481188482e-07,0.0793534911859339
0.172658813259536,0.206539328899085,0.0792914386872322,2.05773029704848e-07,"Sft2d1",8.54176301268339e-07,0.0792914386872322
0.325463041572486,0.401639235081141,0.0792725761391631,2.07148232921748e-07,"Mrpl21",8.59440238347522e-07,0.0792725761391631
0.245602451474989,0.315982771925496,0.0792328990277257,2.10069995237235e-07,"Gsto1",8.71111959578075e-07,0.0792328990277257
0.56415006379379,0.591948169946738,0.0792198900981033,2.11036590042855e-07,"Mrps14",8.74668181045389e-07,0.0792198900981033
0.622857795356699,0.647741777537261,0.0791591619163662,2.15605973623842e-07,"Snu13",8.93145241279148e-07,0.0791591619163662
0.172624702409429,0.247982022072519,-0.079153095319999,2.16067659256312e-07,"Cbfa2t2",8.94595922534908e-07,0.079153095319999
0.236663706121694,0.311108871912724,-0.0791111695052443,2.19284542477131e-07,"Egflam",9.07446709044094e-07,0.0791111695052443
0.388628815443173,0.487699913767741,0.0790874608231265,2.21124088703635e-07,"Prkcsh",9.14587467916476e-07,0.0790874608231265
0.124940609437823,0.176607705406952,-0.0790780005298942,2.21862261648765e-07,"Gm2164",9.17167845167279e-07,0.0790780005298942
0.0718067724386818,0.102711923268372,-0.0790165030244421,2.26719176587365e-07,"Prkdc",9.36763477310515e-07,0.0790165030244421
0.251425211084049,0.33707417706363,-0.0790100043955749,2.27238380795442e-07,"Atxn2",9.38425510809382e-07,0.0790100043955749
0.0621549551614684,0.0879178560680986,-0.0789959040235181,2.28368874129093e-07,"Elmsan1",9.42608974285926e-07,0.0789959040235181
0.309806243155486,0.367264128087027,0.0789621712178034,2.31095478531606e-07,"Lsm2",9.53372812204424e-07,0.0789621712178034
0.876070349201378,0.878745826889767,0.0789589638638914,2.31356358014213e-07,"Sec61b",9.53958590290876e-07,0.0789589638638914
0.335158892821008,0.407314992650358,0.0789143211976143,2.35017164873896e-07,"Phax",9.68555588571206e-07,0.0789143211976143
0.248349999817496,0.342293631138865,-0.0789051177255602,2.35778796966389e-07,"Megf10",9.71195619537116e-07,0.0789051177255602
0.158738728956101,0.208139486594708,0.0788622930891619,2.39354208550032e-07,"Ppan",9.85417223912497e-07,0.0788622930891619
0.508084240280864,0.582326663234998,0.0788371388681267,2.41478675757322e-07,"Med28",9.93653791936797e-07,0.0788371388681267
0.0789017042210431,0.126388947472102,-0.078811533978175,2.43659903527779e-07,"Magi3",1.0021153592552e-06,0.078811533978175
0.171937041873182,0.223194353899461,-0.0788043037255875,2.44279270928635e-07,"Mrpl53",1.00414798664517e-06,0.0788043037255875
0.225580730270378,0.303893966896891,0.0787913564530595,2.45392178284113e-07,"Anapc10",1.00820626653954e-06,0.0787913564530595
0.206421974101476,0.292208538250544,-0.0787897454316522,2.45530998742415e-07,"Fnip1",1.00826035512238e-06,0.0787897454316522
0.180771051101413,0.230631383616079,0.0787842924203951,2.46001443488994e-07,"Ino80e",1.00967548979831e-06,0.0787842924203951
0.148186548701265,0.189523187661352,0.0787598601978366,2.48119980479277e-07,"Rnpepl1",1.01785006307041e-06,0.0787598601978366
0.299092320074109,0.393534744547453,-0.0787476556354261,2.49184835488008e-07,"Shpk",1.02169602450474e-06,0.0787476556354261
0.110220759644,0.140751969402504,-0.0786855375189385,2.54673432908194e-07,"Slc23a2",1.0436668159629e-06,0.0786855375189385
0.132876861715085,0.170138736313075,0.0786617625761157,2.56804864154431e-07,"Rilpl1",1.05186433383112e-06,0.0786617625761157
0.183865107259343,0.244372938208529,-0.0786311131272959,2.59578024830331e-07,"Itga7",1.06268064859111e-06,0.0786311131272959
0.111414906286623,0.155838351228093,-0.078573061618783,2.64909980668558e-07,"Usp53",1.08354073176261e-06,0.078573061618783
0.220494724444355,0.315862034378245,-0.0785726998936887,2.64943533863191e-07,"Ap3b1",1.08354073176261e-06,0.0785726998936887
1.53127725670743,1.07564869092476,-0.0785173169751654,2.70129487648803e-07,"Laptm4a",1.10418696326745e-06,0.0785173169751654
0.272350042973622,0.408788878709012,-0.0784766883812116,2.73996052105102e-07,"Samd4",1.11890471901252e-06,0.0784766883812116
0.71376938248557,0.797831641476884,0.0784765538374647,2.7400894477313e-07,"Srrm1",1.11890471901252e-06,0.0784765538374647
0.195774868644573,0.238562449031562,0.0784681459670372,2.74815792785413e-07,"Scnm1",1.12120406507489e-06,0.0784681459670372
0.101752420596076,0.126930518996265,-0.0784677744778992,2.74851495015243e-07,"Hey1",1.12120406507489e-06,0.0784677744778992
0.376890318063443,0.495658958064128,-0.0784369807854664,2.77826566307062e-07,"Glg1",1.13276441465847e-06,0.0784369807854664
0.561076266635997,0.62017291556983,0.0783458541133102,2.86813849365099e-07,"Hspa9",1.16867464037e-06,0.0783458541133102
0.214023974525046,0.30322253550868,0.0783434000547081,2.87059717940301e-07,"Samd8",1.16867464037e-06,0.0783434000547081
0.402806908559279,0.501278765815978,0.0783432874800006,2.8707100151661e-07,"Mrpl18",1.16867464037e-06,0.0783432874800006
0.606678554367806,0.707426670992373,-0.0782703663488397,2.94470701599779e-07,"Ncor1",1.19819113064738e-06,0.0782703663488397
0.923616741268212,0.899541295274569,0.0782592372406961,2.95616104075656e-07,"Tmem258",1.20181765694473e-06,0.0782592372406961
0.507966591266316,0.558381496410197,0.0782587968008787,2.95661522284258e-07,"Vps29",1.20181765694473e-06,0.0782587968008787
0.224784668905841,0.280694702057629,0.0782546877169831,2.96085576214029e-07,"Mrpl38",1.20293198153993e-06,0.0782546877169831
0.100275510438501,0.134245680495475,-0.0782530274804492,2.9625707767112e-07,"Tmem161b",1.20301963119082e-06,0.0782530274804492
0.878002774630674,0.960314217957465,-0.0782022658775855,3.01547252912737e-07,"Hmgcs2",1.22388222426495e-06,0.0782022658775855
0.0874755848495603,0.123371731082406,-0.0781935381988798,3.02465956451488e-07,"Dgkd",1.22699031070108e-06,0.0781935381988798
0.0931610166624591,0.113224714973577,0.078187905153175,3.03060342905046e-07,"Rangrf",1.2287802887671e-06,0.078187905153175
0.306527293701798,0.410468977950453,0.0781841127313304,3.03461145687106e-07,"Rpa3",1.22978395605724e-06,0.0781841127313304
0.272712730260336,0.319978115602718,0.0781811638960379,3.03773147408048e-07,"Asna1",1.23042692317122e-06,0.0781811638960379
0.238843933041009,0.293050634538825,0.0781656638325843,3.05418230528376e-07,"Tmem60",1.23646613610479e-06,0.0781656638325843
0.247967392213237,0.332857121055326,-0.0781371583328225,3.08466108056228e-07,"Ckap5",1.24817551741965e-06,0.0781371583328225
0.375468161878431,0.409049445835261,0.0780963653342689,3.12878911518426e-07,"Llph",1.26539333972976e-06,0.0780963653342689
0.105072949275735,0.150648704861323,0.0780938599851775,3.13151905673179e-07,"Arvcf",1.26585939099324e-06,0.0780938599851775
0.347033569667897,0.493781333806231,-0.078039363762764,3.19147265650763e-07,"Zfp608",1.28944494440167e-06,0.078039363762764
0.0744516572843709,0.127345439846308,0.0779967335526686,3.23914268050124e-07,"Mut",1.30804634465737e-06,0.0779967335526686
0.149773273671064,0.233978574972395,-0.0779797015409427,3.25837973147265e-07,"Pcsk5",1.31515286545959e-06,0.0779797015409427
0.709737860733433,0.71552626052768,0.077897214162655,3.35311705633534e-07,"Vdac1",1.35271047058998e-06,0.077897214162655
0.0662441174281713,0.100598652662049,-0.0778947191639891,3.356023597541e-07,"Adamts1",1.35320268073714e-06,0.0778947191639891
0.117416499877312,0.167220493128761,-0.0778906970495562,3.36071426717437e-07,"Insr",1.35441342440016e-06,0.0778906970495562
0.0960354713459196,0.136674684998965,0.0778776870561648,3.37593014799777e-07,"Cks1b",1.35986262588022e-06,0.0778776870561648
0.157142844288904,0.220914291462343,-0.0778709067159899,3.38388644684062e-07,"Mtmr3",1.36238358502003e-06,0.0778709067159899
0.242667671827195,0.287158238835321,0.0778430491307202,3.41676586267086e-07,"Spg21",1.37493125787718e-06,0.0778430491307202
0.0906077384659739,0.120653548800101,-0.0778385886629725,3.42205896008558e-07,"Tmem135",1.37637098224194e-06,0.0778385886629725
0.167511474992493,0.197910549102605,0.0778303290706115,3.43188125849423e-07,"Prpf38a",1.37963002094978e-06,0.0778303290706115
0.363283012287705,0.419901253454192,0.0778229909107539,3.44063060725989e-07,"Polr2c",1.38245468165515e-06,0.0778229909107539
0.101986022000761,0.15511574099443,-0.0778118717333755,3.45392912381474e-07,"Lrrc4",1.38710346794242e-06,0.0778118717333755
0.174736130616122,0.225334475058627,0.0777788814605504,3.49367796018659e-07,"Ppa1",1.40236478001687e-06,0.0777788814605504
0.133017681546143,0.185766306404496,0.0777544493558211,3.52339946538655e-07,"Gpatch4",1.41358786551308e-06,0.0777544493558211
0.405805577611987,0.544615837226173,-0.0777491908879999,3.52982818914741e-07,"Ybx3",1.41545933981603e-06,0.0777491908879999
0.0590933825378239,0.0784127969720739,-0.0777420116658567,3.53862340164358e-07,"C1galt1",1.4182774313081e-06,0.0777420116658567
0.322155861582648,0.369750153917068,0.0776975769954012,3.59353228386892e-07,"Armc1",1.43956580358284e-06,0.0776975769954012
0.5491787308565,0.58702787165823,0.0776900749648703,3.60288345194562e-07,"Mrps21",1.44259165760537e-06,0.0776900749648703
0.67204927247827,0.66085655212872,0.0776691658921324,3.62907037025587e-07,"Mrps33",1.45235215216624e-06,0.0776691658921324
0.136470988100346,0.192267789665152,-0.0776564833666734,3.6450435778528e-07,"Fam126a",1.45801743114112e-06,0.0776564833666734
1.50447609216413,1.06816611609506,0.0776440520727092,3.66076618472589e-07,"Atp5h",1.46357687425214e-06,0.0776440520727092
0.157682209940029,0.210353845002161,-0.0776411363273683,3.66446336564898e-07,"Dyrk1a",1.46432540069559e-06,0.0776411363273683
0.128615792582404,0.174203217923054,0.0776293044144961,3.67950329957599e-07,"Sac3d1",1.46960350800387e-06,0.0776293044144961
0.0563639871709779,0.0751322990457808,-0.0776222592438888,3.68848691691866e-07,"Shf",1.47245865777887e-06,0.0776222592438888
0.0587454156536148,0.0678256774815598,0.0775673375789605,3.75924918402858e-07,"Tlnrd1",1.49996098720265e-06,0.0775673375789605
0.983551442225254,1.14175959888478,0.0775650358282561,3.76224322371812e-07,"Hnrnpu",1.50040952421045e-06,0.0775650358282561
0.0820512364501278,0.134618314202589,-0.0775399353802958,3.7950427276893e-07,"Rab11fip3",1.51215013356919e-06,0.0775399353802958
0.127281519631434,0.161810039610554,0.0775396238006071,3.79545160644111e-07,"Psmf1",1.51215013356919e-06,0.0775396238006071
0.819079378128158,0.792233600903488,0.077531363060491,3.80630749544902e-07,"Tbca",1.51572264731925e-06,0.077531363060491
0.180965917035413,0.255596868884541,-0.0774501040451803,3.91470331427287e-07,"Acss1",1.55811405722845e-06,0.0774501040451803
0.102106856363376,0.154841144915705,-0.0774377657100113,3.93142030832603e-07,"Atp11c",1.56399189657948e-06,0.0774377657100113
0.240960682818996,0.287196161260218,0.0774321555503877,3.93904416929535e-07,"Dohh",1.56624828614598e-06,0.0774321555503877
0.253820298227627,0.334457627158804,-0.0773989196193617,3.98450309779191e-07,"Fto",1.58353902212394e-06,0.0773989196193617
0.608209917547351,0.652788751524655,0.0773734737161701,4.01964871060742e-07,"Smox",1.5967159036591e-06,0.0773734737161701
0.752222338672922,0.894937334426259,0.0773401603905533,4.06611295505352e-07,"Limch1",1.61437359482184e-06,0.0773401603905533
0.0779147623989459,0.112168809081533,0.0773350120519518,4.07333973436247e-07,"Fam58b",1.61644302811694e-06,0.0773350120519518
0.262074791273663,0.316423534722723,0.0772818919415378,4.14863204800278e-07,"Ddx18",1.64550783752715e-06,0.0772818919415378
0.545509327935195,0.597861976022481,0.0772700063398202,4.1656615139169e-07,"Aamp",1.6514460468216e-06,0.0772700063398202
0.295734063455736,0.381461217080038,-0.0772329854802721,4.21913744847248e-07,"Spred1",1.67182019192806e-06,0.0772329854802721
0.0681246703650338,0.0851518988203363,-0.077216857607235,4.24264034622364e-07,"Khdc4",1.68030336318354e-06,0.077216857607235
0.474463126450971,0.704662850295563,-0.0771985595272164,4.26945875608242e-07,"St6gal1",1.69009062944279e-06,0.0771985595272164
0.397018060643395,0.480905685808047,0.077165971432428,4.31762658917175e-07,"Cnih4",1.70831537236263e-06,0.077165971432428
0.430357379260568,0.496323049964166,0.077146616433107,4.34648245930764e-07,"Mrps17",1.71888493117223e-06,0.077146616433107
0.179048878748102,0.221877594649031,0.077130019539246,4.37137437951578e-07,"Farsa",1.72787724242535e-06,0.077130019539246
0.360263921053103,0.493492621131633,-0.0771077717597936,4.40495720289268e-07,"Fam172a",1.74029426863668e-06,0.0771077717597936
0.368653917868017,0.444286779905867,0.0771054278921938,4.40850970210297e-07,"Psmd3",1.74084064220838e-06,0.0771054278921938
0.157688232071915,0.199698272940964,0.0770911778378004,4.43016743029582e-07,"Tor2a",1.74853238862241e-06,0.0770911778378004
0.136086529190744,0.192838076628186,-0.0770812314833449,4.44534500880921e-07,"Nek9",1.7536601942323e-06,0.0770812314833449
0.341060384809922,0.417668730928384,0.0770724644759278,4.45876453689113e-07,"Rpl7l1",1.75808976137663e-06,0.0770724644759278
0.21994492090276,0.307918023666241,-0.0770322149486611,4.52087689081106e-07,"Trip12",1.78170511649646e-06,0.0770322149486611
1.49428447187684,1.18308034969554,0.0770307651676765,4.52312966306911e-07,"Myl6",1.7817178407691e-06,0.0770307651676765
0.738333038016986,0.79909873829577,0.0770221505245267,4.53653804755266e-07,"Rcn1",1.7853156682731e-06,0.0770221505245267
0.296335808856217,0.443652589465804,-0.0770220381740469,4.53671317000105e-07,"Tox",1.7853156682731e-06,0.0770220381740469
0.105583404370869,0.150434903962852,-0.07698766822369,4.59059328849576e-07,"Lasp1",1.80563336014166e-06,0.07698766822369
0.165350335356468,0.22432453242992,0.0769669627105268,4.62334959349748e-07,"Abhd3",1.81762651338676e-06,0.0769669627105268
0.204354661011436,0.282024414161516,-0.0769327401258493,4.67798470175468e-07,"Xrn1",1.83820515410771e-06,0.0769327401258493
0.509016557008083,0.613175209541417,0.0769040421966061,4.72427930720214e-07,"Snw1",1.85548786886882e-06,0.0769040421966061
0.31056592218735,0.4177920958746,-0.0768817656617188,4.76051933401653e-07,"Adipor2",1.86880661135757e-06,0.0768817656617188
0.323772998150082,0.431797450741455,-0.076872997433185,4.77485709664875e-07,"Ppp2r5e",1.87351850090512e-06,0.076872997433185
0.153228014415952,0.233592296629954,-0.0768642097466131,4.78926844593386e-07,"Ltbp4",1.87825464370348e-06,0.0768642097466131
0.10085540452077,0.163755122606755,0.0768408805590454,4.82773083738315e-07,"Reep1",1.89241388564545e-06,0.0768408805590454
0.159806339352089,0.185945317779902,0.076759892991819,4.96357846112714e-07,"Ric8a",1.94471452988692e-06,0.076759892991819
0.319147654080538,0.383563264998447,0.0767366455856649,5.00324930146469e-07,"Smu1",1.95868586974926e-06,0.0767366455856649
0.695526742949187,0.853527148026172,0.0767361372398333,5.00412018069042e-07,"Nkd1",1.95868586974926e-06,0.0767361372398333
0.319012031430027,0.434238567103529,-0.0767306062400989,5.0136051343016e-07,"Celf1",1.96144161860732e-06,0.0767306062400989
0.100145721683874,0.130780934059212,0.0766940200108101,5.07678371231278e-07,"Ephb6",1.98519066801158e-06,0.0766940200108101
0.162447722851926,0.256884265174977,0.0766906185014203,5.08269641620996e-07,"Mitf",1.98653463437256e-06,0.0766906185014203
0.0631827865506797,0.0876318430042914,-0.0765880636747753,5.26411324956782e-07,"Sufu",2.05643839895483e-06,0.0765880636747753
0.22612185490934,0.297272846371181,0.076571814119505,5.29342518458821e-07,"Gusb",2.06688290419152e-06,0.076571814119505
0.199935758471058,0.275947761717457,-0.0765618501439435,5.31147655295744e-07,"9930021J03Rik",2.0729225613293e-06,0.0765618501439435
0.146234734040802,0.210025298073773,0.0764830371668373,5.4563649376232e-07,"Sox8",2.12843326492409e-06,0.0764830371668373
0.719201407736494,0.757083751172114,0.0764419153733548,5.5334673319569e-07,"S100a16",2.15746073234316e-06,0.0764419153733548
0.131898226210632,0.148388582007529,0.0764364280712945,5.54383496508653e-07,"Aen",2.16045321805995e-06,0.0764364280712945
0.0986379016747515,0.126747893392904,-0.0764132359434307,5.58786100333667e-07,"Lrp1",2.17655323741619e-06,0.0764132359434307
0.0669536199956715,0.105083823445257,-0.0763962853620304,5.62025153709314e-07,"Tgfb1i1",2.18738112165278e-06,0.0763962853620304
0.156372273929897,0.237028223148299,-0.0763958366078482,5.62111150654041e-07,"Ptprg",2.18738112165278e-06,0.0763958366078482
0.100073855892317,0.158735224141449,-0.0763887015759478,5.63480176448021e-07,"Myo5a",2.19164563054722e-06,0.0763887015759478
0.110765126359287,0.15011228437808,-0.076361540082914,5.68721215027497e-07,"Vps37c",2.21095883206426e-06,0.076361540082914
0.0650202714988178,0.0913411181866158,-0.076351022807244,5.7076320294429e-07,"Cd59b",2.21782273144067e-06,0.076351022807244
0.273063226764548,0.369709325510571,-0.0763390729911699,5.73091901617957e-07,"Ankrd17",2.22528312718288e-06,0.0763390729911699
0.0772837959836911,0.10519936912219,0.076338325791541,5.7323781454225e-07,"Siah2",2.22528312718288e-06,0.076338325791541
0.141714583968278,0.269331417684384,-0.0762987018086672,5.81027073851814e-07,"Thbs2",2.25443000028383e-06,0.0762987018086672
0.624127923215256,0.668501955468222,0.0762945171903561,5.81855613205661e-07,"Psma5",2.2565536202814e-06,0.0762945171903561
0.353120932095712,0.418554648947696,0.0762842785632567,5.83887628159542e-07,"Tmem63b",2.26334025524259e-06,0.0762842785632567
0.062268027179304,0.0867045862306953,-0.0762596811042405,5.88797364547342e-07,"Pcdh1",2.2812699435673e-06,0.0762596811042405
0.0844133070889592,0.128321994538543,-0.0762442643402676,5.91894858621047e-07,"Mef2d",2.29216425944753e-06,0.0762442643402676
0.121031449655164,0.171577076810119,-0.0762400172985423,5.92750917543413e-07,"Kif13b",2.29437209955058e-06,0.0762400172985423
0.199644801075998,0.404977108218012,0.0762358266728739,5.93596774250313e-07,"Utp11l",2.29653833972252e-06,0.0762358266728739
0.211465652018042,0.299354032019048,-0.076232054993625,5.94359063148541e-07,"Zfc3h1",2.29837933624284e-06,0.076232054993625
0.123056255812199,0.166209223564178,-0.0762057719648648,5.9969734077276e-07,"Arhgap35",2.31790532869009e-06,0.0762057719648648
0.0860788885621586,0.122789894738133,-0.0761926269633842,6.02384489557516e-07,"Tmem260",2.32717050756356e-06,0.0761926269633842
0.293128331122568,0.356057690078955,0.0761877258798635,6.03389353094907e-07,"Uba1",2.32993078403924e-06,0.0761877258798635
0.110384139666419,0.15633216809054,-0.0761536265936648,6.10425537213942e-07,"Ncor2",2.35596657556742e-06,0.0761536265936648
0.419142592731105,0.492352427524523,0.0760953760031669,6.22628464919275e-07,"Dcun1d5",2.40190903966936e-06,0.0760953760031669
0.0994917974991557,0.130128586852939,-0.0760605251358472,6.30041401119512e-07,"Stard10",2.42933791570541e-06,0.0760605251358472
0.164623828118898,0.239102356232488,-0.076025522864457,6.37572093673385e-07,"Fbxw11",2.45719427456063e-06,0.076025522864457
0.282310957851452,0.438129008667939,-0.0759627005827128,6.51306266503023e-07,"Smg6",2.50892053884794e-06,0.0759627005827128
0.208614857285462,0.298478224095732,-0.0758804702024605,6.69714665126354e-07,"Ncald",2.57859427685886e-06,0.0758804702024605
0.950237788455909,0.858115457091242,0.0758564844879102,6.75177943796816e-07,"Zfp706",2.59833121662911e-06,0.0758564844879102
0.170369361978184,0.216931942938823,0.0758551270981473,6.75488399537427e-07,"1700021F05Rik",2.59833121662911e-06,0.0758551270981473
0.193581042135512,0.286952043689046,-0.0758264760640759,6.82073502413844e-07,"Purg",2.62240430444115e-06,0.0758264760640759
0.0899212315563785,0.169152028716782,0.0758247206268136,6.82478973091546e-07,"Fam178b",2.6227065517656e-06,0.0758247206268136
0.830305246327421,0.852293838848245,0.0757575548638217,6.98168497882129e-07,"St13",2.6817156663505e-06,0.0757575548638217
0.0831294306352434,0.130449180532812,-0.0757504477997587,6.9984884726855e-07,"Kif5c",2.68688380405878e-06,0.0757504477997587
0.207296406740707,0.331980275336789,0.0757392163559778,7.02512283912713e-07,"Rnf220",2.69581949599025e-06,0.0757392163559778
0.288781476395231,0.359297460203992,0.0757270351802424,7.05411976985142e-07,"Naa10",2.70565282185888e-06,0.0757270351802424
0.21663060225284,0.296147470206185,-0.0757178429690994,7.07607784319902e-07,"Cdkal1",2.71277824241897e-06,0.0757178429690994
0.135599297186302,0.24493243954531,-0.0756991493469022,7.12093584899042e-07,"Ntrk3",2.72867188406395e-06,0.0756991493469022
0.377901810479284,0.440074537833307,0.0756921348901567,7.13783860228763e-07,"Mrpl41",2.73384329091914e-06,0.0756921348901567
0.0810956121408769,0.107614086124079,-0.075681499229455,7.16354111706344e-07,"Ptar1",2.74237852687581e-06,0.075681499229455
0.136925561908318,0.164323878951009,-0.0756675028661141,7.19750109463769e-07,"Zfp950",2.75406527340834e-06,0.0756675028661141
0.240540749507541,0.318874438843917,-0.0756376706604144,7.27040247345204e-07,"Rhoj",2.78063438736793e-06,0.0756376706604144
0.213819890429145,0.287112262852477,-0.0756220176994981,7.30893776996281e-07,"Flnb",2.79404081306248e-06,0.0756220176994981
0.162281124262679,0.221654516184851,-0.0756156735049774,7.32461220217586e-07,"Nrip1",2.79869944334567e-06,0.0756156735049774
0.348759216279663,0.393020914405063,0.0756006101271498,7.36195868272695e-07,"Grpel1",2.81163048406478e-06,0.0756006101271498
0.0677117587278412,0.0929750602699247,0.0755789803441684,7.41590606886222e-07,"Zdhhc12",2.8308863128711e-06,0.0755789803441684
0.0987717549892028,0.147575873976114,-0.0755430550793112,7.506350486031e-07,"Tcf20",2.86404927721887e-06,0.0755430550793112
0.105122564491563,0.146596899099753,-0.0755121136905414,7.58509824917741e-07,"Hira",2.89271997867869e-06,0.0755121136905414
0.252045221304429,0.341585950918376,-0.0754736613969745,7.68407083482069e-07,"Arhgef10",2.92907289209507e-06,0.0754736613969745
0.526820344895651,0.536620528678535,0.0754624346406373,7.71320121879501e-07,"Wdr83os",2.93878093920281e-06,0.0754624346406373
0.0836874767276219,0.125988496508427,-0.0753803748277539,7.9293768911579e-07,"Fam120c",3.01971144635268e-06,0.0753803748277539
0.328667982750338,0.418879220003389,-0.0753221909071941,8.08617687840193e-07,"Pitpna",3.07796410210138e-06,0.0753221909071941
0.0956803928255408,0.139659421954618,-0.0753154001247182,8.10467074474067e-07,"Ppp1r13b",3.083540922513e-06,0.0753154001247182
0.230108031062151,0.282712670719192,0.0753103437453278,8.11846761997535e-07,"Commd10",3.0873262645821e-06,0.0753103437453278
0.113205925944116,0.16671317217714,0.075290461167651,8.17293897993648e-07,"Dynlt1a",3.10656856347751e-06,0.075290461167651
0.0740248331671651,0.114298655561161,-0.0752844459401273,8.18948783024166e-07,"Sfi1",3.11138495974712e-06,0.0752844459401273
0.42906009678737,0.503641118852346,0.0752449347348308,8.29899411437428e-07,"Dazap1",3.15149686577091e-06,0.0752449347348308
0.0733172192709085,0.117360665727705,-0.075201421119301,8.42122420744281e-07,"Hltf",3.19640033304263e-06,0.075201421119301
0.059669715591233,0.0779441429017776,-0.075190399421007,8.45245826034189e-07,"Med12",3.20673877451458e-06,0.075190399421007
0.0877717965275794,0.119359077077741,-0.0751219709966371,8.64888561531994e-07,"Olfml3",3.27970974373002e-06,0.0751219709966371
0.0985584063104476,0.159591976658165,-0.0750998843155783,8.71321934867584e-07,"Ppip5k2",3.30254473565304e-06,0.0750998843155783
0.0915172415635162,0.111087344867958,0.0750884944003606,8.74657549335904e-07,"Fiz1",3.31362236821119e-06,0.0750884944003606
0.306870691651404,0.405301010876246,-0.0750650280120889,8.81568635020782e-07,"Irf2",3.33670687813302e-06,0.0750650280120889
0.875606676828878,0.877691711263189,0.075064980858562,8.81582574980311e-07,"Ranbp1",3.33670687813302e-06,0.075064980858562
0.0830517266661909,0.121464136437782,-0.0750384172273956,8.89469380760107e-07,"Chst3",3.36497044376195e-06,0.0750384172273956
0.532119786301336,0.635019964039814,0.0750336118768972,8.90903336368453e-07,"Caprin1",3.3688069608956e-06,0.0750336118768972
0.38951142742021,0.470115652855231,0.0750190152351093,8.95272751230499e-07,"Ddx1",3.38373460003463e-06,0.0750190152351093
0.46253522297163,0.565689396046975,0.0749879874636304,9.04629352592959e-07,"Ebna1bp2",3.41748866535118e-06,0.0749879874636304
0.367003152141658,0.48404060266351,0.0749718474825486,9.09533598401651e-07,"Ythdf2",3.43439886756463e-06,0.0749718474825486
0.346379301876734,0.418523503318105,0.0749097357855626,9.28646488140774e-07,"Prpf19",3.50491976521241e-06,0.0749097357855626
0.406789419698529,0.491302153957745,0.0748562998577255,9.4539850269538e-07,"Bud31",3.56646807034684e-06,0.0748562998577255
0.110192010011779,0.148742574968911,-0.0748547515434737,9.45888204378408e-07,"Mtmr12",3.56663860523137e-06,0.0748547515434737
0.0635059265204422,0.0976074465313354,-0.0748319776936235,9.53119394212202e-07,"Dock5",3.59221701228685e-06,0.0748319776936235
0.443535164000202,0.55832823281764,0.0748196974324049,9.57040691109187e-07,"G3bp2",3.60376186823896e-06,0.0748196974324049
0.283825993345018,0.343754003624789,0.0748191669784285,9.57210423444976e-07,"Wsb2",3.60376186823896e-06,0.0748191669784285
0.143235538308225,0.199016517614644,0.0748181686335137,9.57529948041559e-07,"Aars",3.60376186823896e-06,0.0748181686335137
0.0757446447874135,0.102142503314943,-0.0747870478361119,9.67541923927259e-07,"Sema4b",3.63973577008548e-06,0.0747870478361119
0.14246633655155,0.191394131659992,-0.0747703318251492,9.72961198940006e-07,"Pi4ka",3.65840705730769e-06,0.0747703318251492
0.210940631777569,0.26383975959067,0.0747393103075486,9.83095772918135e-07,"Sppl2b",3.69478242711715e-06,0.0747393103075486
0.406326507175371,0.49431924363805,0.0747350866288446,9.84483459902793e-07,"Tubb4b",3.6982655815824e-06,0.0747350866288446
0.185673752326894,0.209592826614689,0.0747192838397737,9.89692194746274e-07,"C1qtnf12",3.7160927331044e-06,0.0747192838397737
0.1359247747124,0.183618207442432,-0.0747172099309639,9.90377738222967e-07,"Klhdc10",3.71692748900893e-06,0.0747172099309639
0.060008109822405,0.0885556161420127,-0.0746739018373952,1.0047983418191e-06,"Dip2a",3.7692855982966e-06,0.0746739018373952
0.241843668749788,0.311646114854335,0.0746666832828003,1.00722151673603e-06,"Commd2",3.77661002349994e-06,0.0746666832828003
1.68710544960049,1.54464504734747,0.0745977536706333,1.03064527376549e-06,"Rpl30",3.86263319789552e-06,0.0745977536706333
0.232351970526493,0.293358942388181,0.0745931009609929,1.03224510654588e-06,"Bag6",3.86682293880681e-06,0.0745931009609929
0.198904804980399,0.274868192306197,0.0745570793859083,1.04471222910507e-06,"Ak3",3.91169898569254e-06,0.0745570793859083
0.141872847213181,0.200774610825797,-0.0744425887264865,1.08530696119175e-06,"Umad1",4.06058861891105e-06,0.0744425887264865
0.434332737724132,0.509956686701271,0.074442085051825,1.0854888568749e-06,"1110065P20Rik",4.06058861891105e-06,0.074442085051825
0.217270462242685,0.312486022426942,-0.0744045827758186,1.09911502457049e-06,"Mef2a",4.10964536680039e-06,0.0744045827758186
0.620351623117707,0.78891818247462,0.0743985818131235,1.10131064432543e-06,"2410006H16Rik",4.11593693994749e-06,0.0743985818131235
0.248442586762473,0.374290315381962,-0.074301373363141,1.13747028689044e-06,"Adamts17",4.24844027017141e-06,0.074301373363141
0.0909395302015813,0.115732060186305,-0.0743004377708376,1.13782379618624e-06,"Cfap298",4.24844027017141e-06,0.0743004377708376
0.0741916709090858,0.114011259242981,0.0742874199831406,1.14275348632482e-06,"Kremen1",4.26486231361411e-06,0.0742874199831406
0.583529451212565,0.667990436973938,-0.074259128507202,1.15353809096756e-06,"Abhd4",4.30165150183621e-06,0.074259128507202
0.110192198453566,0.144026686834611,0.0742587495655564,1.1536832043808e-06,"Comtd1",4.30165150183621e-06,0.0742587495655564
0.191121923813872,0.239512664782942,0.0742347799318037,1.16289799902879e-06,"Fbxo22",4.33399607255318e-06,0.0742347799318037
0.126230869812036,0.184984341940573,-0.0742096016618823,1.17265366016646e-06,"Kidins220",4.36832542672967e-06,0.0742096016618823
0.0942234958113701,0.146847593669358,0.0742073390433407,1.17353418679305e-06,"Ptpn14",4.36957694423548e-06,0.0742073390433407
0.097030612870506,0.147346511251262,-0.0742004881326187,1.176204184886e-06,"Lrig2",4.37748718901913e-06,0.0742004881326187
0.199407147356989,0.255789956912463,0.0741886153606041,1.18084519011512e-06,"Mmgt2",4.39272220931096e-06,0.0741886153606041
0.131215596462132,0.197778510643546,0.0741868661659004,1.18153042809311e-06,"Pter",4.39323454820165e-06,0.0741868661659004
0.135218284273743,0.179336258103321,0.074170186156116,1.18808397627911e-06,"Pno1",4.41555619530504e-06,0.074170186156116
0.199906665008295,0.27972864528465,-0.074137860159749,1.20088447615586e-06,"Snx10",4.46106344290491e-06,0.074137860159749
0.18184115565374,0.262284493080351,-0.0741262024698585,1.20553316664239e-06,"Zmym2",4.47626012454351e-06,0.0741262024698585
0.157899006974752,0.194365575621327,0.0741242626817801,1.20630836576541e-06,"Abcf2",4.47706675619875e-06,0.0741242626817801
0.109333060312978,0.144731659108477,-0.0741028028163965,1.21491644146294e-06,"Ubxn7",4.50692997054952e-06,0.0741028028163965
0.0983259467042595,0.129849987375942,-0.0740491836401076,1.2366833779366e-06,"Pi4k2a",4.58555795959485e-06,0.0740491836401076
0.286739727512528,0.419117719118463,0.0739733789935887,1.26809751319379e-06,"Shc4",4.69979338390807e-06,0.0739733789935887
0.175548531878243,0.236309062169682,-0.0739720308789925,1.26866306948466e-06,"Ylpm1",4.69979338390807e-06,0.0739720308789925
0.106806766188648,0.142291666952051,-0.0739639672086567,1.27205097967014e-06,"Zfp407",4.71016938665123e-06,0.0739639672086567
0.742674923796157,0.76011822604336,0.0739599117581752,1.27375814286191e-06,"Vcp",4.71431519295387e-06,0.0739599117581752
0.168856131083368,0.218528382282691,0.0739550465160722,1.27580909906476e-06,"Alkbh1",4.71972900456231e-06,0.0739550465160722
0.188557720496145,0.262297084411808,-0.073916999052163,1.29195799260548e-06,"Sp3",4.77726771090616e-06,0.073916999052163
0.372943979940769,0.396005431446456,0.0738784227200404,1.30853193791313e-06,"Pfdn6",4.8345889107335e-06,0.0738784227200404
0.470948210617972,0.53082670620339,0.0738781151631812,1.3086648945804e-06,"Mrpl54",4.8345889107335e-06,0.0738781151631812
0.108604159136961,0.160278147221139,-0.0738727434438676,1.3109891817248e-06,"Rarg",4.84094670693043e-06,0.0738727434438676
0.797131089314113,0.836960042867477,0.0738527393116972,1.31967972421037e-06,"Atp5g3",4.87079581741673e-06,0.0738527393116972
0.408724786899268,0.482380044160706,0.0738223988465044,1.33296655635114e-06,"Atp6v0d1",4.91757409110876e-06,0.0738223988465044
0.273337844568874,0.38724834969078,-0.0738011836977669,1.34233349904316e-06,"Lrp6",4.94985477772166e-06,0.0738011836977669
0.0758020942733408,0.0967227400859967,-0.0737897904016448,1.34738996919316e-06,"Pwwp3a",4.9641384641529e-06,0.0737897904016448
0.480504390197523,0.529431208799746,0.0737896680627785,1.3474443637743e-06,"Adh5",4.9641384641529e-06,0.0737896680627785
0.104934681847765,0.150276630864424,-0.0737595053603182,1.36091999612601e-06,"Nfkbiz",5.0114832716453e-06,0.0737595053603182
0.0849218025106871,0.121243109638566,0.073749088962277,1.36560370205448e-06,"Nudt16",5.02642390150696e-06,0.073749088962277
0.0582980551981026,0.0865230177209001,-0.0737262552122191,1.37592511749396e-06,"Jdp2",5.06209222502135e-06,0.0737262552122191
0.842208521300743,0.815283718180475,0.0737049090198734,1.38564191751999e-06,"Ndufa11",5.09550446662714e-06,0.0737049090198734
0.0863435900283083,0.112922732068994,-0.0736495439771899,1.41115253279889e-06,"Suclg2",5.186939039477e-06,0.0736495439771899
0.33698426402794,0.446056656296119,0.0736381312999881,1.41646700249247e-06,"Upf3a",5.20408939010968e-06,0.0736381312999881
0.0697539882423195,0.0910710027811163,-0.0736303080755707,1.42012110312896e-06,"Zfp809",5.21512665057519e-06,0.0736303080755707
0.422948109697928,0.490318378959772,0.0736265336437646,1.42188731765023e-06,"Sys1",5.21922407906015e-06,0.0736265336437646
0.245765137599781,0.311341628330886,0.0736247208085762,1.42273636952015e-06,"Fubp3",5.21995273389559e-06,0.0736247208085762
0.388948697482605,0.449243724148663,-0.0735764121054759,1.44554240829554e-06,"Acadl",5.30120305491928e-06,0.0735764121054759
0.209610537865649,0.319086616880981,-0.0735699551504559,1.4486171639917e-06,"Strbp",5.31005213516192e-06,0.0735699551504559
0.505396654998253,0.600006513412933,0.0735621394753845,1.45234734293392e-06,"Ilk",5.32129455694146e-06,0.0735621394753845
0.47486749007928,0.518071390366193,0.0735299218612387,1.46782151134011e-06,"Tmbim4",5.37553619671065e-06,0.0735299218612387
0.103494320050778,0.141729320255646,-0.0735154976979561,1.47480070210933e-06,"Zyg11b",5.39863176721044e-06,0.0735154976979561
0.25347403812814,0.328571875132668,0.0734539105175981,1.50496039336321e-06,"Stk16",5.50652174935997e-06,0.0734539105175981
0.0650415507240328,0.090576401828457,-0.0734473873397521,1.5081893392207e-06,"Klhdc1",5.51582099266495e-06,0.0734473873397521
0.213893645915347,0.281230747352999,0.073402732824017,1.5304726107629e-06,"Creld2",5.59476639123532e-06,0.073402732824017
0.134130733042644,0.19419328003347,-0.0733898035374246,1.53698336578652e-06,"Ankib1",5.61600843673544e-06,0.0733898035374246
0.163477523085904,0.230258186924136,0.0733426783143283,1.56094010907406e-06,"Rrp15",5.7009483091535e-06,0.0733426783143283
0.486177108174761,0.523783682534508,0.073336502219008,1.56410628157101e-06,"Psmd13",5.70991301334204e-06,0.073336502219008
0.147839976100525,0.184515683403388,0.0733014870885947,1.58217378542955e-06,"Tubg1",5.7732434989935e-06,0.0733014870885947
0.314526852863673,0.371857571914734,0.0732911859106963,1.58752717212251e-06,"Clptm1l",5.79014455868683e-06,0.0732911859106963
0.132677383069546,0.183946327494648,-0.0732883733543686,1.58899184302008e-06,"Xaf1",5.79285349767976e-06,0.0732883733543686
0.0579745308148606,0.0696165684683502,-0.073283993257703,1.59127541464214e-06,"Cemip2",5.79707235370903e-06,0.073283993257703
0.558414143110751,0.627461335813536,0.0732833826291364,1.59159401735057e-06,"Ptges3",5.79707235370903e-06,0.0732833826291364
0.183671606602391,0.250486630515179,-0.0732727442684679,1.59715455512685e-06,"Tgfbr2",5.8146860936197e-06,0.0732727442684679
0.453102040677334,0.531699394542002,0.0731555150281112,1.65967825289862e-06,"Eif3d",6.0376954285873e-06,0.0731555150281112
0.321471332474567,0.398387679187935,0.0731550796778222,1.65991477012258e-06,"Rab24",6.0376954285873e-06,0.0731550796778222
1.89670182319065,1.97247706406963,0.0730990524966389,1.69062501282649e-06,"Col1a2",6.14661309602165e-06,0.0730990524966389
0.133353409362313,0.19577879109019,-0.0730877753024965,1.69687204662022e-06,"Atxn7",6.16653138681188e-06,0.0730877753024965
0.332023004708968,0.474440670024412,-0.0730752452108871,1.70383913649081e-06,"Stat3",6.18904718479051e-06,0.0730752452108871
1.05048369126171,1.00050258393051,0.0730205410393287,1.73457944678349e-06,"Cox7b",6.29785768370621e-06,0.0730205410393287
0.773858517217294,0.769359718699475,0.0730076052733221,1.74192604770313e-06,"Brk1",6.32167101165531e-06,0.0730076052733221
0.0875243673734632,0.132620285274279,-0.0730037183838847,1.74413936035136e-06,"Rab30",6.3268418749816e-06,0.0730037183838847
0.557586242476251,0.639751206222867,-0.0729919817964129,1.75083893635781e-06,"Npdc1",6.3482745708699e-06,0.0729919817964129
0.199060311766743,0.246562324355287,0.0729694533234288,1.76376816207524e-06,"Exosc5",6.39226546183003e-06,0.0729694533234288
0.212775703459066,0.268616852188493,0.0729478639109577,1.77624448697812e-06,"Uba3",6.43345847416995e-06,0.0729478639109577
0.0937872997606325,0.206266143159996,0.0729470132916423,1.7767377839931e-06,"Plcb1",6.43345847416995e-06,0.0729470132916423
0.26141470479977,0.311532551801576,0.0729448350363382,1.77800161290238e-06,"Tmem11",6.43513078120374e-06,0.0729448350363382
0.419685481780113,0.481801644673227,0.0729174268621152,1.79397788094473e-06,"Dnajb11",6.49002638264225e-06,0.0729174268621152
0.526891991509228,0.56361828375618,0.0729111015229809,1.79768446758142e-06,"Polr1d",6.50050480751389e-06,0.0729111015229809
0.595292456720811,0.653471668480989,0.0729016214060564,1.80325350130496e-06,"Psma1",6.5177054479599e-06,0.0729016214060564
1.03164788791385,0.913607509187566,0.0728796205954703,1.81624166534548e-06,"Ndufb11",6.56169433711487e-06,0.0728796205954703
0.210907717147098,0.433631377052146,0.0728460188817572,1.83625199223837e-06,"Thsd7a",6.63100179375369e-06,0.0728460188817572
0.589802361316134,0.645422213167396,0.0728408706554143,1.83933648511576e-06,"Ppp1cb",6.63915247708901e-06,0.0728408706554143
0.116644000157275,0.162868991681123,-0.0728376528215241,1.8412669352511e-06,"Ptpn21",6.64313214408939e-06,0.0728376528215241
0.149081160994882,0.219807113590002,-0.0728289512253741,1.84649696804423e-06,"Hmbox1",6.65802722307668e-06,0.0728289512253741
0.209912489131673,0.303847657269998,-0.072828024333382,1.84705491009081e-06,"Herc1",6.65802722307668e-06,0.072828024333382
0.602857733807323,0.652245161673938,0.0727834649244473,1.87406926305983e-06,"Ddost",6.75237169591024e-06,0.0727834649244473
0.533253381637131,0.572661156010036,0.0727790892966782,1.87674237621566e-06,"Txnl1",6.75896805509625e-06,0.0727790892966782
0.159380556921518,0.239454237068668,0.0727637670473909,1.88613178013371e-06,"Myl9",6.78973593709865e-06,0.0727637670473909
0.154538692204622,0.204760578420541,0.0727582192389519,1.88954256401085e-06,"Psmg3",6.7989639164229e-06,0.0727582192389519
0.153074873931249,0.195421949676961,-0.0727525541449906,1.89303156756535e-06,"Cdk8",6.80846494762186e-06,0.0727525541449906
0.58810906052407,0.738507509748718,0.072735637832864,1.90348680493324e-06,"Plekha1",6.84300095106826e-06,0.072735637832864
0.0660125564372073,0.0933860754779594,-0.0727308076676781,1.90648228409683e-06,"Wdr35",6.8507003347931e-06,0.0727308076676781
0.400942312945346,0.492157813891117,0.0727269743104569,1.90886280377843e-06,"Adipor1",6.85618403648976e-06,0.0727269743104569
0.559733545485594,1.16954152917641,0.0727151725856787,1.91620962677775e-06,"Lrrtm4",6.87949263770232e-06,0.0727151725856787
0.0934841309965388,0.12111278785309,0.0727063238968324,1.92173592868999e-06,"Pim3",6.8962473576961e-06,0.0727063238968324
0.130379557822013,0.213743589047006,-0.0726944108471265,1.92920020643019e-06,"Pdss2",6.91993851425831e-06,0.0726944108471265
0.333562233829197,0.407603295963587,0.0726490067757455,1.95790482525125e-06,"Atp6v1d",7.01976242976588e-06,0.0726490067757455
0.0624605234227476,0.0867669682137803,-0.0726318497055723,1.96885800147655e-06,"Zfyve1",7.05588057340235e-06,0.0726318497055723
0.236764348916087,0.309941804391583,-0.0726192318551621,1.976950838657e-06,"Fam102a",7.08172032561774e-06,0.0726192318551621
0.0998876107121918,0.140510254856964,-0.0725302371114729,2.0349442857649e-06,"Cdc42bpb",7.28620836634431e-06,0.0725302371114729
0.676227469520861,0.717067413535146,0.0725093869129678,2.04876564192236e-06,"Snrpf",7.33242440266951e-06,0.0725093869129678
0.340647119989173,0.455504632111291,0.0724564833528335,2.08424049469337e-06,"Rbm17",7.45606140411038e-06,0.0724564833528335
0.308236363367769,0.352800101448409,0.0724380549455712,2.09673572642086e-06,"Rbm7",7.49741865811095e-06,0.0724380549455712
0.112982336264768,0.165116227484416,-0.0724303750062008,2.10196425177931e-06,"Rab6b",7.51276666203883e-06,0.0724303750062008
1.03717468225906,0.956230970831092,0.0723883613027811,2.13078959767635e-06,"Dnaja1",7.61240237388916e-06,0.0723883613027811
0.48916091367822,0.544356392972591,0.0723690573532765,2.14416081217235e-06,"Mrpl36",7.65676295365862e-06,0.0723690573532765
0.19754070811447,0.249944268148256,-0.0723390587423852,2.16509986211964e-06,"Rab21",7.72809666087543e-06,0.0723390587423852
0.0857209543630471,0.11674787129318,-0.0723367234601246,2.16673810075472e-06,"Sap130",7.73050534480031e-06,0.0723367234601246
0.0847869828393615,0.144758037787354,0.0722560019313056,2.22410276395134e-06,"4632415L05Rik",7.93164470130914e-06,0.0722560019313056
0.351033821693367,0.422758665568396,-0.0722507542679937,2.22788205019026e-06,"Lmbrd1",7.94159287904338e-06,0.0722507542679937
0.073605276079125,0.0985978560094304,-0.0722476384664314,2.23012891843926e-06,"Reps1",7.94607213212995e-06,0.0722476384664314
0.432557489463179,0.516134143658479,0.0722391175191713,2.23628466191579e-06,"Denr",7.96446876485232e-06,0.0722391175191713
0.579551649844366,0.705241702985005,-0.072216611909963,2.25262180345407e-06,"Ssbp2",8.01909376704324e-06,0.072216611909963
0.141274444678088,0.214949038011911,0.072215056520807,2.25375510506282e-06,"1700020I14Rik",8.01957027185101e-06,0.072215056520807
0.225510108939784,0.288612422926113,0.072177276271137,2.28145159330381e-06,"Eif4ebp1",8.11452463859474e-06,0.072177276271137
0.197520438121168,0.257456222776819,0.0721738947497043,2.28394643525024e-06,"Ip6k2",8.11979893506775e-06,0.0721738947497043
0.224221239326269,0.280915602792946,0.0721390132947447,2.30983481228466e-06,"Nudt16l1",8.20819952779988e-06,0.0721390132947447
0.152432174603458,0.192506367307188,0.0721180995514291,2.32549142303967e-06,"Eif1ad",8.26017847652515e-06,0.0721180995514291
0.316108018697596,0.425095692871324,-0.0721116428960682,2.33034559788005e-06,"Cox16",8.27375799884493e-06,0.0721116428960682
0.0580358686524212,0.0826854475809975,-0.0720987949521864,2.34003375012649e-06,"Inpp5a",8.30448067714064e-06,0.0720987949521864
0.0917242142114996,0.127249310019763,-0.0719863165871448,2.42651618449922e-06,"Zfp236",8.60758879947912e-06,0.0719863165871448
0.297672830840683,0.349698593177471,0.0719732865285931,2.43673076022855e-06,"Plekhj1",8.64000336724433e-06,0.0719732865285931
0.475168024191938,0.64046288128395,-0.0719681071699907,2.44080243417532e-06,"Dleu2",8.65061781440934e-06,0.0719681071699907
0.132874257065599,0.168706147754931,-0.0719551268591079,2.45103541417485e-06,"Dnajb2",8.68304996173907e-06,0.0719551268591079
0.0710810339403493,0.104719419117036,-0.0719062750087149,2.48991788122513e-06,"Enox1",8.81690250615643e-06,0.0719062750087149
0.465649629459035,0.523526534496317,0.0718777536850054,2.51289169158015e-06,"Cisd1",8.89432859869391e-06,0.0718777536850054
0.23316936047633,0.294243953138825,0.0718588544005667,2.52822688857723e-06,"Trappc6a",8.94466161990462e-06,0.0718588544005667
0.28352207330474,0.435148429187431,0.0718169062943517,2.56258579226045e-06,"Cyp7b1",9.06222494363062e-06,0.0718169062943517
0.237407636823143,0.292323117904263,0.0718007818618195,2.57591185402187e-06,"Gm11808",9.10533776064823e-06,0.0718007818618195
0.763021851146789,0.766097890543134,0.0717601986579652,2.60974683007265e-06,"Ndufs6",9.22087563386304e-06,0.0717601986579652
0.234692914596602,0.369114421784236,-0.0717569608878888,2.61246450926143e-06,"Slc22a23",9.22641515066625e-06,0.0717569608878888
0.0903729519041826,0.112428479477566,-0.0717519795303015,2.61665100236413e-06,"Src",9.23713490671788e-06,0.0717519795303015
1.09599293799088,0.952415184082764,0.071742457768591,2.62467131519281e-06,"Spcs2",9.26137318958097e-06,0.071742457768591
0.167286538910506,0.237281929593475,-0.0717047399410924,2.65667394439081e-06,"Spen",9.37017658452389e-06,0.0717047399410924
0.20018036672751,0.272684090150662,-0.0716948988346407,2.66508525877867e-06,"Pcnx",9.39571358367312e-06,0.0716948988346407
0.191970141623851,0.283773906579547,-0.0716811428871323,2.67688546382778e-06,"Chd2",9.43317038285203e-06,0.0716811428871323
0.386376373525471,0.566497765251273,-0.0716766541922833,2.6807468165788e-06,"Foxp1",9.44263057779996e-06,0.0716766541922833
0.124007450621943,0.182653724081129,-0.0716693068108277,2.68707885919778e-06,"Afap1",9.46078138051909e-06,0.0716693068108277
0.159436283047553,0.213639433958224,0.0716625311734087,2.69293088291794e-06,"Dnajb1",9.47722693181296e-06,0.0716625311734087
0.402294891929237,0.468236284964181,0.0716435489765415,2.70939072305994e-06,"Cript",9.53097376669575e-06,0.0716435489765415
0.410675905374429,0.513138075267147,-0.071619141686051,2.73069664402569e-06,"Gkap1",9.6017133530509e-06,0.071619141686051
0.263855427652221,0.322470267138334,0.0716154556834424,2.73392821276298e-06,"Mrpl15",9.60886551870789e-06,0.0716154556834424
0.335056290368062,0.438327775595577,-0.0716017149705187,2.7460072427888e-06,"Taok1",9.64709374611968e-06,0.0716017149705187
0.064616171919317,0.0699041705197499,0.0715746340976492,2.76996323548018e-06,"Usp50",9.72699562428578e-06,0.0715746340976492
0.288574764937703,0.370775437445319,0.0715410185517167,2.79997882001538e-06,"Dpm2",9.82809713552206e-06,0.0715410185517167
0.246529711936881,0.309493372019253,0.0715303725814651,2.80954956548045e-06,"Gars",9.85737897394628e-06,0.0715303725814651
0.245755539839017,0.344058532629783,-0.071528608036225,2.811138923275e-06,"Zmym4",9.85864454561126e-06,0.071528608036225
0.155082944845324,0.207603300922101,0.0715033904863544,2.83394727517155e-06,"Rtca",9.93429136565159e-06,0.0715033904863544
0.517294077841818,0.56890678162138,0.0714685171892857,2.86578154655405e-06,"Nop53",1.0041498309847e-05,0.0714685171892857
0.186909392011344,0.297152689231007,-0.0714380597377761,2.89386513971296e-06,"Galnt6",1.01354752863626e-05,0.0714380597377761
0.131188933079498,0.180809879821122,-0.0714220702601,2.90871386470148e-06,"Spred2",1.01788511279169e-05,0.0714220702601
0.0925355635254328,0.122547056122746,0.071421991867664,2.90878684400715e-06,"Zc3hc1",1.01788511279169e-05,0.071421991867664
0.184050932673585,0.237820584618731,0.0714082203769688,2.92163467968199e-06,"Tbcc",1.02193533869958e-05,0.0714082203769688
0.139279353104065,0.174711642954285,0.0713648971186649,2.96240813272243e-06,"Kctd5",1.03574565825555e-05,0.0713648971186649
0.0811584459911182,0.111294608960695,-0.0713536008015124,2.97312896885943e-06,"Pex11a",1.03904123894286e-05,0.0713536008015124
0.139248401616203,0.194520192473625,-0.0713417653333592,2.98440140128756e-06,"Mettl16",1.04252663665352e-05,0.0713417653333592
0.362972293216838,0.409553929021714,-0.0713131109835615,3.01186260463882e-06,"Fam181b",1.0516616857973e-05,0.0713131109835615
0.107107527170161,0.148574330214636,-0.0712998007436939,3.02470088678994e-06,"Birc2",1.05568507679872e-05,0.0712998007436939
0.340340974953389,0.419471613485446,0.0712659381307647,3.05759981904652e-06,"Cyba",1.06670351947953e-05,0.0712659381307647
0.580691321760928,0.659602790833246,0.0712082545436271,3.11443343953207e-06,"Rtkn",1.08605884045221e-05,0.0712082545436271
0.0765756132555172,0.104564298187816,-0.0712042278134401,3.11843843473065e-06,"Zfp934",1.08698305822236e-05,0.0712042278134401
0.128942041243067,0.189460124826899,-0.0711593752667907,3.16338406069266e-06,"Vps13a",1.10217080777238e-05,0.0711593752667907
0.118065434762377,0.165631127193944,-0.0711444755586728,3.17845164823613e-06,"Ltn1",1.10693993166001e-05,0.0711444755586728
0.177499524276816,0.232132161332875,0.0711428572949832,3.18009228207465e-06,"Mcur1",1.1070308230528e-05,0.0711428572949832
0.248533236588809,0.355062317523333,-0.0711022954343395,3.22148109781832e-06,"Sesn1",1.1209524860752e-05,0.0711022954343395
0.404600692031812,0.46254762897108,0.0710853664332683,3.2389075679846e-06,"Sgta",1.12652771241909e-05,0.0710853664332683
0.782628814541332,0.925243068651086,-0.071077716999261,3.24681139824368e-06,"Hspa12a",1.12846648971827e-05,0.071077716999261
0.223302988940716,0.275681862655298,0.0710765578851613,3.24801067303246e-06,"Syngr2",1.12846648971827e-05,0.0710765578851613
0.0964902232424217,0.138783231126663,-0.0710758909713203,3.2487008864023e-06,"Taok3",1.12846648971827e-05,0.0710758909713203
0.156524626989682,0.207280464491782,0.071042358913093,3.28358629627982e-06,"Fbxw5",1.14009071576587e-05,0.071042358913093
0.851674923175134,0.842327892755429,0.071013736695292,3.31364756079709e-06,"Tmem234",1.15003062404134e-05,0.071013736695292
0.226775543744209,0.309922210607973,-0.0710032678078654,3.32470855499672e-06,"Ube2h",1.15337057696903e-05,0.0710032678078654
0.0966231928964727,0.154894658302068,0.0710013598278069,3.32672825766089e-06,"Zcchc6",1.15357249522347e-05,0.0710013598278069
0.698152711992136,0.719220969237683,0.0709874998178017,3.34143519361945e-06,"Eif4h",1.15817174918369e-05,0.0709874998178017
0.428685699633701,0.774476072587446,-0.0709695764833884,3.36054618434379e-06,"Magi2",1.16429285765003e-05,0.0709695764833884
0.188318089186704,0.239904396112614,0.070939824790042,3.39250085815461e-06,"Mrpl50",1.17485657685941e-05,0.070939824790042
0.252477506571493,0.339304745521123,-0.0709286480725016,3.40458026170419e-06,"Coro2b",1.1785311484001e-05,0.0709286480725016
1.97143959252574,1.12531645088212,0.0709178188310766,3.41632344538658e-06,"Chchd2",1.18208621499706e-05,0.0709178188310766
0.05759690757376,0.0754009384133244,-0.0708713662665148,3.46713837171423e-06,"Elovl2",1.19915165063082e-05,0.0708713662665148
0.0600833170665619,0.0792362050778462,-0.0708427234559957,3.49883127671703e-06,"Vps26c",1.209591648616e-05,0.0708427234559957
1.11736808674354,1.00752360954412,0.0708359603224926,3.50635502119584e-06,"Csnk1a1",1.21167065848731e-05,0.0708359603224926
0.229983438779267,0.290752815430224,0.0708273003742324,3.5160115479518e-06,"Srprb",1.21448457429037e-05,0.0708273003742324
0.672617837964989,0.815728076233591,-0.0707639741225229,3.5874040835333e-06,"Atrx",1.23861146154351e-05,0.0707639741225229
0.151351001541766,0.190486219988497,-0.0706970831531721,3.66432354384346e-06,"Gna12",1.26462503723871e-05,0.0706970831531721
0.06238144127896,0.0929353591644129,-0.0706791641868425,3.6851958896609e-06,"Dlg4",1.27128167749953e-05,0.0706791641868425
0.0593443763741526,0.0699167274648435,0.0706710007988471,3.69474248920966e-06,"Mcat",1.27402723392429e-05,0.0706710007988471
0.120204431811469,0.163074584269561,0.0706673406933498,3.69903045730375e-06,"Znhit2",1.2749579205071e-05,0.0706673406933498
0.320605221609437,0.383624034736502,0.0706614566118672,3.70593390509225e-06,"BC004004",1.27678890744784e-05,0.0706614566118672
0.14752066533553,0.182240990712262,-0.070653448514509,3.71534917555479e-06,"Ciao2b",1.27948333839706e-05,0.070653448514509
0.840638689225155,0.84497415277146,0.07064458134152,3.7258012208512e-06,"Ccser2",1.28253234646547e-05,0.07064458134152
0.224503538717341,0.305501827678798,-0.0706430841005976,3.72756884917179e-06,"Kdm2a",1.28259058515242e-05,0.0706430841005976
0.354086306190319,0.543108618198282,-0.0706413027085344,3.72967299053016e-06,"Magi1",1.28276451247381e-05,0.0706413027085344
0.116402738147289,0.176691310223447,-0.0706337916190617,3.73855744929974e-06,"Kank2",1.2852692790566e-05,0.0706337916190617
0.100745046796585,0.137876709839931,-0.0706272524785361,3.74630875379398e-06,"Csf2ra",1.28738250280269e-05,0.0706272524785361
0.0858801731929433,0.14555066847272,0.070599815979095,3.77899936519731e-06,"AU019823",1.29806039838798e-05,0.070599815979095
0.258260600700574,0.3365485088295,-0.0705982786177669,3.78083919704324e-06,"Nckap1",1.29813665883932e-05,0.0705982786177669
0.333590525371243,0.386796607625093,0.0705909418884372,3.78963123136371e-06,"Cops8",1.30059884518659e-05,0.0705909418884372
0.0899171923370695,0.123897488140152,-0.0705840386654143,3.79792165662808e-06,"Sestd1",1.30288684791722e-05,0.0705840386654143
0.224809080003759,0.301515859587345,-0.0705597124674997,3.82727495179275e-06,"Cast",1.31239547919594e-05,0.0705597124674997
0.206869308725741,0.265451776720675,-0.0704966445837458,3.90439189852952e-06,"Anxa7",1.33826743245625e-05,0.0704966445837458
0.107980317682261,0.158215127717606,-0.0704827871870234,3.92153457437149e-06,"Fam135a",1.34356931788031e-05,0.0704827871870234
0.600722030066081,0.689005139506092,0.0704510896876379,3.96101840432697e-06,"Litaf",1.35651778388048e-05,0.0704510896876379
0.802393409851172,0.810840452086803,0.0703861638757886,4.04308532642502e-06,"Mrpl52",1.38403228068406e-05,0.0703861638757886
0.301219324054451,0.387367048611196,0.070377798893804,4.05377646535957e-06,"Cdc123",1.38710031377591e-05,0.070377798893804
0.108010788280194,0.138605780052947,-0.0703744037060099,4.05812351907445e-06,"Gatd3a",1.38799587029213e-05,0.0703744037060099
0.354890286095087,0.420155039954962,0.0703534175538874,4.08509257257462e-06,"Gm2a",1.39662474658452e-05,0.0703534175538874
0.0651484717099505,0.101663932256009,0.0703317204154604,4.11315579441969e-06,"Fbxo18",1.40562019141497e-05,0.0703317204154604
0.257949723636197,0.323475017150865,0.0703204331550034,4.12782774632584e-06,"Pex19",1.41003362437286e-05,0.0703204331550034
0.138119500106155,0.188418933311981,-0.0703057915459534,4.1469346223167e-06,"Phc3",1.41568090070395e-05,0.0703057915459534
0.219401232775381,0.304174305528271,0.0703050622216963,4.14788858120012e-06,"N6amt1",1.41568090070395e-05,0.0703050622216963
0.104188297179716,0.152933573559606,-0.0702535928780573,4.21574416804669e-06,"Man2a2",1.4382283675343e-05,0.0702535928780573
0.0722258511642719,0.103550671952505,-0.0702390760097584,4.23507419324496e-06,"Slc25a12",1.44420889615799e-05,0.0702390760097584
0.788705250497693,0.781326793731928,0.0702251486916074,4.25369897713102e-06,"Rac1",1.44994395040354e-05,0.0702251486916074
0.329657897779239,0.426652202098767,-0.0701924289648347,4.29776372644032e-06,"Wdr33",1.46388570872006e-05,0.0701924289648347
0.334714087339122,0.447692454863172,-0.070192070669604,4.29824866618203e-06,"Rabgap1",1.46388570872006e-05,0.070192070669604
0.406602933190105,0.434137186246039,0.0701864188199837,4.30590517944701e-06,"Eloc",1.46587115654997e-05,0.0701864188199837
0.44506312075719,0.502563070997714,0.0701708423530763,4.32707416119029e-06,"Aprt",1.4724530563779e-05,0.0701708423530763
1.13269675016668,1.18279668048061,0.070160845785147,4.34071233442758e-06,"Eid1",1.47646781566116e-05,0.070160845785147
0.111821443213584,0.168921541674007,-0.0701560632921683,4.34725157142109e-06,"Phf2",1.47806553428317e-05,0.0701560632921683
0.108586422243614,0.17635257944533,0.0701218044475566,4.39437129846105e-06,"Ddx3y",1.49345342223005e-05,0.0701218044475566
0.893259495121882,0.982234496274321,0.0701186116533376,4.39878751079202e-06,"Tax1bp1",1.49432137961876e-05,0.0701186116533376
0.768635227924861,0.83893302741845,0.0701164928387013,4.40172056104573e-06,"Skp1a",1.49468496749179e-05,0.0701164928387013
0.0602609953390236,0.0844222688998282,-0.0701110710833466,4.40923436469295e-06,"Usf3",1.49660306862505e-05,0.0701110710833466
0.205349672506057,0.252708507655318,0.0700383310482995,4.51123757756046e-06,"Vps26a",1.5305780263148e-05,0.0700383310482995
0.161493401696984,0.222117158885093,0.0700355747000298,4.51514689842722e-06,"Prkrip1",1.53125691939899e-05,0.0700355747000298
0.114218493966471,0.151603387917907,0.070027619273113,4.52644826095674e-06,"Tsta3",1.53444110037672e-05,0.070027619273113
0.0980244194028564,0.12204718711906,-0.0700047758335562,4.55905008487552e-06,"Morn2",1.54484028213856e-05,0.0700047758335562
0.0864781819418427,0.125634081875799,-0.0699858213507143,4.58627223405435e-06,"Yeats2",1.55340854394479e-05,0.0699858213507143
0.192727483837209,0.238828651902716,0.0699321659525815,4.66417787015834e-06,"Spg20",1.57912925021732e-05,0.0699321659525815
0.806941382546239,0.780792888840645,0.0699178782375051,4.68513578980001e-06,"Ndufb4",1.58555586576783e-05,0.0699178782375051
0.182348310428359,0.241441859234431,-0.0698719082060199,4.75318042239155e-06,"Rprd1a",1.60790555266736e-05,0.0698719082060199
0.127320218507593,0.174155181890916,-0.0698344439672423,4.8093336360942e-06,"Appl2",1.62621546970164e-05,0.0698344439672423
0.189034123787232,0.276068103913942,-0.0698281473283235,4.81883347370102e-06,"Acer3",1.62833275424326e-05,0.0698281473283235
0.197398073490551,0.240129260516749,0.0698276040931503,4.81965390245231e-06,"Tsfm",1.62833275424326e-05,0.0698276040931503
0.1679012484631,0.238126580560737,0.0698179319514965,4.8342838016807e-06,"Gpn3",1.63258809868207e-05,0.0698179319514965
0.395422969425582,0.478788224860621,-0.0697958231276837,4.86788503480045e-06,"Zmiz1",1.64324398482284e-05,0.0697958231276837
0.218749307565907,0.304722678397279,-0.069737236777776,4.9580099951092e-06,"Rev3l",1.67296350718067e-05,0.069737236777776
0.12853146737361,0.174933497668472,-0.0697244483763796,4.97789404743712e-06,"Rab4b",1.67896686997206e-05,0.0697244483763796
0.0751807431310981,0.097266216497717,-0.0697124370922158,4.9966393064578e-06,"Entr1",1.68458125189149e-05,0.0697124370922158
0.102770235455391,0.131969495227126,0.0696852153376778,5.03937303981935e-06,"Cdc34",1.69812472228662e-05,0.0696852153376778
0.410940537649809,0.476892473199118,0.0696841559045023,5.04104323091568e-06,"Immp1l",1.69812472228662e-05,0.0696841559045023
0.622125366926095,0.652712305543375,0.0696797568855366,5.04798393225251e-06,"Rer1",1.69974918474168e-05,0.0696797568855366
0.151719628853728,0.211031902695691,0.0696717786406119,5.06059522626286e-06,"Eif2b3",1.70328087649049e-05,0.0696717786406119
0.738945802503754,0.771911933890687,0.0696507421360481,5.09399261647548e-06,"Cirbp",1.71380279893498e-05,0.0696507421360481
0.178589640087652,0.19254810344689,0.0696281750984189,5.13005440617829e-06,"Rps27rt",1.72521192603414e-05,0.0696281750984189
0.790566317896119,0.792011376916722,0.0696158730659162,5.14981565732805e-06,"Puf60",1.73113199976541e-05,0.0696158730659162
0.227778116087779,0.313874322283363,-0.0696137324488146,5.15326165106513e-06,"Ctnnd1",1.73156497019039e-05,0.0696137324488146
0.36162275506363,0.375787379264271,0.0696029631239399,5.17063176437016e-06,"0610012G03Rik",1.73667431047744e-05,0.0696029631239399
0.423994783078299,0.482433462873224,0.0695716436488328,5.22146679929506e-06,"Bub3",1.75301462751228e-05,0.0695716436488328
0.514336131888201,0.574037635861329,0.0695388942410971,5.27513426910848e-06,"Tmem14c",1.77007996725526e-05,0.0695388942410971
0.335071421715274,0.402595282785973,0.0695379381344473,5.27670897516773e-06,"Dnlz",1.77007996725526e-05,0.0695379381344473
0.376924323209416,0.443617947816902,0.0695108943041389,5.32143692396818e-06,"Abhd12",1.78433806426748e-05,0.0695108943041389
0.0798001076009896,0.108982827770555,-0.0695024127815189,5.3355391531912e-06,"Mipol1",1.78831938868865e-05,0.0695024127815189
0.1666005832221,0.223287334081667,0.0694892526399186,5.35749135324181e-06,"Wdr12",1.79492737446398e-05,0.0694892526399186
0.177864896224366,0.253225996016691,-0.0694542449881228,5.41630861633169e-06,"Ophn1",1.81387564012711e-05,0.0694542449881228
0.308918096750805,0.383002404833754,0.0693678495187988,5.56412006984247e-06,"Mrpl55",1.86259905884088e-05,0.0693678495187988
0.234767094541734,0.307556368295975,-0.0693584298054622,5.58046738754536e-06,"Smchd1",1.86729234018615e-05,0.0693584298054622
0.145864548973189,0.190580378360033,0.0693315069695677,5.62744405943476e-06,"Aimp2",1.88222639153416e-05,0.0693315069695677
0.729151969558761,0.746867548310264,0.0693229280224122,5.64249248578466e-06,"Uqcrc1",1.88647332108067e-05,0.0693229280224122
0.15539360948618,0.204081246076924,0.0693120150188161,5.66169075885652e-06,"Zbtb8os",1.89210356722469e-05,0.0693120150188161
0.142946984497153,0.180892961931135,0.0692972311885001,5.68779834601345e-06,"Ccdc115",1.90003721600383e-05,0.0692972311885001
0.0591776736436902,0.0784018850643651,-0.0692860172317035,5.70767848419625e-06,"Jam2",1.90588481719479e-05,0.0692860172317035
0.108834056323132,0.161040280649865,-0.0692833083907641,5.71249068671048e-06,"Slc24a3",1.90669822255262e-05,0.0692833083907641
0.182599294830417,0.229885591144091,0.0692661897368227,5.74299154412129e-06,"Nipa2",1.91608166943988e-05,0.0692661897368227
0.306494530798197,0.384479767143744,-0.0692461844332914,5.7788331006474e-06,"Gatad2b",1.92723843722339e-05,0.0692461844332914
0.180404865989877,0.267833326978561,-0.069205968171591,5.85153331267914e-06,"Ago3",1.95067317411456e-05,0.069205968171591
1.1798252430477,1.19296234363542,0.0691949272995638,5.87164483874086e-06,"Lamb1",1.95656470872328e-05,0.0691949272995638
0.3401337137928,0.4294929815405,0.0691886112084441,5.88317964922867e-06,"Tpd52",1.95959458303906e-05,0.0691886112084441
0.0702758363958123,0.0904974583967911,0.0691872673254493,5.88563672163121e-06,"Nif3l1",1.95959954582443e-05,0.0691872673254493
0.0676223228950964,0.0892658264059308,-0.0691626012227137,5.93090946145604e-06,"Gk",1.97385389957376e-05,0.0691626012227137
0.193147124380918,0.254974075925279,0.0691578750432067,5.93962195193136e-06,"Polr2d",1.97593393624781e-05,0.0691578750432067
0.0670038230059248,0.0805476653957147,0.0691164996356044,6.0164201759968e-06,"Prr7",2.00065294207204e-05,0.0691164996356044
0.516740203363478,0.5645267876577,0.0691063836139654,6.03534086559575e-06,"Smim7",2.00611330180366e-05,0.0691063836139654
0.19169113869722,0.237564229758432,0.0691008459431548,6.04572244719003e-06,"Ubl7",2.00873196340591e-05,0.0691008459431548
0.0910069294954954,0.126023567007978,-0.0690755857532722,6.09329531105502e-06,"St5",2.02352900377941e-05,0.0690755857532722
0.171214045703227,0.22565403265801,-0.0690745248715968,6.09530109937044e-06,"P2rx4",2.02352900377941e-05,0.0690745248715968
0.240780984460331,0.360639316200497,-0.0690488487686348,6.14403948680049e-06,"Sema3g",2.03886570893661e-05,0.0690488487686348
0.0602392885181269,0.0798945242119369,0.0690351981244485,6.17010270482827e-06,"Ccdc102a",2.0466682142845e-05,0.0690351981244485
0.0671987081654373,0.0993973516469421,0.0690086000226422,6.2211906607276e-06,"Tbrg4",2.06276172982142e-05,0.0690086000226422
0.087600396383455,0.125908292620253,-0.0689801545364504,6.27627462911954e-06,"Sclt1",2.08016636200145e-05,0.0689801545364504
0.0686101763129997,0.0913601697921344,-0.0689036608824075,6.42672633885758e-06,"Prex1",2.1291516161434e-05,0.0689036608824075
0.346943196596916,0.398928013347288,0.0688420281957177,6.55045191103835e-06,"Bag5",2.16924581651555e-05,0.0688420281957177
0.0866384877111306,0.12078894993197,-0.0688398897946127,6.55478530788577e-06,"Abcb7",2.16958292138795e-05,0.0688398897946127
0.751390608137464,0.779848165559498,0.0688388577964355,6.55687759766423e-06,"Sfr1",2.16958292138795e-05,0.0688388577964355
0.7184097951676,0.730550390682354,0.0688341171953473,6.56649697750619e-06,"Ndufa5",2.17187022866899e-05,0.0688341171953473
0.136008062401504,0.199609409317896,-0.0688289953783747,6.57690506822876e-06,"Endod1",2.17441640986681e-05,0.0688289953783747
0.13799890301447,0.176520050128833,0.068815493333359,6.60441836707466e-06,"Zscan21",2.18261338457196e-05,0.068815493333359
0.168948684575966,0.215718665727165,0.0687650337861815,6.70821800427835e-06,"Commd8",2.21600416905432e-05,0.0687650337861815
0.296287379605566,0.404291616426875,-0.0687548229600355,6.72941149394427e-06,"Stag2",2.22209044557238e-05,0.0687548229600355
0.121813905695991,0.154286689884073,-0.0687415661067765,6.75702283055926e-06,"Ccpg1",2.23029005316361e-05,0.0687415661067765
0.16824952822815,0.192142207104301,0.0687279167761476,6.78556479567798e-06,"Odc1",2.23878996383717e-05,0.0687279167761476
0.0961222917807606,0.123723128388624,0.0687233176792433,6.79520785693252e-06,"Tmem42",2.24105005524154e-05,0.0687233176792433
0.364626073316437,0.481574385447141,-0.0687218575408688,6.79827211146539e-06,"Pbx1",2.24113949968769e-05,0.0687218575408688
0.931991521840273,0.86891739021854,0.0687056341917477,6.83240754311303e-06,"Vapa",2.25146768484349e-05,0.0687056341917477
0.183553135800775,0.249083345472624,-0.0687034017905164,6.83711753083069e-06,"Wdfy1",2.25209487140334e-05,0.0687034017905164
0.134211117643342,0.191896780273279,0.0687005520471827,6.84313451698697e-06,"Mfge8",2.2531518819985e-05,0.0687005520471827
0.380444769466977,0.469508689202357,0.068698729283445,6.84698577941052e-06,"Vmp1",2.25349523765341e-05,0.068698729283445
0.0875513607604211,0.126836549111048,-0.0686969812323436,6.85068113055148e-06,"Fam120b",2.25378701892354e-05,0.0686969812323436
0.258388534443641,0.391345232845516,-0.0686938171505967,6.85737479760129e-06,"Myo9a",2.25506456458823e-05,0.0686938171505967
0.0628239771911299,0.0862251231478054,-0.0686752645302085,6.89674918680484e-06,"Nt5dc3",2.26708379659656e-05,0.0686752645302085
0.0774167738232431,0.101986528096571,-0.0686460842755102,6.95911641872219e-06,"Tpcn1",2.28664824503796e-05,0.0686460842755102
0.181727446909297,0.256821358494189,-0.0686237837407706,7.00714271653763e-06,"Dnmt3a",2.30148641659836e-05,0.0686237837407706
0.129242789617707,0.166399263990211,0.0686203058740427,7.01466113500553e-06,"Neu1",2.30301313204928e-05,0.0686203058740427
0.213743067271872,0.256962884923611,0.0685575755128681,7.15160252228452e-06,"Nadk",2.34701262326425e-05,0.0685575755128681
1.40228501302611,1.05927638823145,0.0685486038788872,7.17139542716049e-06,"Gabarap",2.35254607144464e-05,0.0685486038788872
0.270292415444873,0.358399598570066,-0.0685426569574577,7.18454416801959e-06,"Vezf1",2.35589629767835e-05,0.0685426569574577
0.290902792573908,0.355696398255167,0.0685374345991201,7.19610989214852e-06,"Tmed1",2.35872490909313e-05,0.0685374345991201
0.0718139230276395,0.103681267881441,-0.0685216339757337,7.23121132513818e-06,"Bcr",2.36926254278925e-05,0.0685216339757337
0.289928158121601,0.366049331294571,-0.0685179387047291,7.23944403628157e-06,"Sdc3",2.37099179376014e-05,0.0685179387047291
0.48646062671613,0.540492577262128,0.0684856281144544,7.31181165440464e-06,"Lsm7",2.39371590024247e-05,0.0684856281144544
0.0547737005327439,0.0627211857668228,-0.0684721262214901,7.34225693134791e-06,"Stimate",2.40270267606589e-05,0.0684721262214901
0.195903817301692,0.246104782052223,0.0684169882747317,7.46784950548782e-06,"Rnf146",2.44265108606949e-05,0.0684169882747317
0.075678030248295,0.108095475818394,0.0684158686413028,7.4704209436871e-06,"Basp1",2.44265108606949e-05,0.0684158686413028
0.100218305342907,0.181355829845989,0.068412266465719,7.47869972658205e-06,"Rai14",2.44436197988164e-05,0.068412266465719
1.17950577305397,1.14121175233872,0.0683874877149726,7.5358861678534e-06,"Rpl5",2.4620501063052e-05,0.0683874877149726
0.0857916057555927,0.136427451862836,-0.0683717165099856,7.57250167682654e-06,"Gbp7",2.47300583861848e-05,0.0683717165099856
0.211124280908077,0.290701877045981,-0.068360781585867,7.59798870520332e-06,"Sept8",2.4803198279313e-05,0.068360781585867
0.330699645801267,0.429818893923428,0.0682963271306907,7.74989268880366e-06,"Slc35a1",2.5288791758829e-05,0.0682963271306907
0.141603268695758,0.208678268692839,0.0682840218650327,7.7792213831438e-06,"Rell1",2.53741757635552e-05,0.0682840218650327
0.648985457670227,0.777836217319967,0.0682426555509815,7.87859460904426e-06,"S100b",2.56878679979566e-05,0.0682426555509815
0.133148957240009,0.174140033852554,-0.0682383694413894,7.88896010346875e-06,"Ubr4",2.5711216844124e-05,0.0682383694413894
0.0713680365874795,0.090616379227494,0.0682181311003684,7.9380806628952e-06,"E130309D02Rik",2.58608035887418e-05,0.0682181311003684
0.369979121903472,0.43980711435953,0.0682010994631827,7.97964457675432e-06,"Vps35",2.59856607483266e-05,0.0682010994631827
0.144517402151779,0.202741108807927,-0.0681943563182444,7.99615791331819e-06,"Lifr",2.60288726557668e-05,0.0681943563182444
0.107878214476205,0.14053792821849,0.0681919233822694,8.0021239608982e-06,"Aptx",2.60377301955585e-05,0.0681919233822694
0.151715821221798,0.216430405611926,0.0681797589273905,8.0320175080417e-06,"Nrcam",2.61244055470314e-05,0.0681797589273905
0.138527029307289,0.198414956569609,-0.0681738404654387,8.04660039903958e-06,"Slco3a1",2.61612324156781e-05,0.0681738404654387
0.16866214011053,0.315404349307429,0.0681652963794577,8.06769737429763e-06,"Gm20754",2.62191995671787e-05,0.0681652963794577
0.0636990608050867,0.0989048443995682,-0.0681488152597891,8.10854180575007e-06,"Bcorl1",2.63412710321209e-05,0.0681488152597891
0.302241125166721,0.578381415526841,0.0681380551353016,8.13531468320025e-06,"Ntm",2.64175495823549e-05,0.0681380551353016
0.24090336874307,0.333427776861939,-0.0681273878400863,8.16193995512882e-06,"Clasp1",2.64932872977159e-05,0.0681273878400863
0.258321905502196,0.294037114088356,0.0681026362797595,8.22404028405591e-06,"Gcsh",2.66840676260674e-05,0.0681026362797595
0.177381917108229,0.223840347406626,0.0680830812368049,8.27342181849508e-06,"Gart",2.68334424703333e-05,0.0680830812368049
0.225046984604307,0.333078526815999,-0.0680660623152521,8.31662946163394e-06,"Golim4",2.69626807273336e-05,0.0680660623152521
0.122939077194342,0.163947658771632,-0.0680535545941482,8.34852143251553e-06,"Dalrd3",2.70551437699938e-05,0.0680535545941482
0.198730477096279,0.26976827843033,-0.0680050840146745,8.47321819574095e-06,"Hipk2",2.74481642319844e-05,0.0680050840146745
0.0832674431157573,0.105850537793073,-0.0679999983223231,8.48640445685709e-06,"Bicral",2.74797858602991e-05,0.0679999983223231
0.388663073727211,0.491088254207614,0.0679707909526303,8.56251421744426e-06,"Cdk2ap2",2.77150520696945e-05,0.0679707909526303
0.15476490623356,0.178886737791151,0.0679540978172655,8.60630628509466e-06,"Paxx",2.78455651740321e-05,0.0679540978172655
0.0779067549256535,0.105446704927296,0.0679317029758639,8.66539214633968e-06,"Med16",2.80254359460821e-05,0.0679317029758639
0.0718800342193938,0.102894912249699,-0.067925071306723,8.6829631768972e-06,"Ripk2",2.80709494485992e-05,0.067925071306723
0.187065920202134,0.239427289018249,-0.0679213082258781,8.69294883126805e-06,"Ski",2.809191358119e-05,0.0679213082258781
0.0676776920488515,0.0827363444719646,0.0679140097521569,8.71234723185621e-06,"Sardh",2.81432665814872e-05,0.0679140097521569
0.099994237773584,0.142831242914281,-0.0679067434132436,8.7317012984882e-06,"Vps54",2.8194435098217e-05,0.0679067434132436
0.500887481522121,1.05901970148807,0.0678955467449597,8.76160431642677e-06,"Gm10260",2.82780648412387e-05,0.0678955467449597
0.14906513873086,0.195641218296757,-0.0678944085926738,8.76464945914264e-06,"Il11ra1",2.82780648412387e-05,0.0678944085926738
0.147316181508038,0.211964784538143,0.0678242272501073,8.95438639335959e-06,"Aga",2.88725010410122e-05,0.0678242272501073
0.113527248879009,0.154914675502843,0.0678236040697922,8.95608862052336e-06,"Shmt2",2.88725010410122e-05,0.0678236040697922
0.240872102372314,0.313932439513433,-0.0678042201146623,9.00919081025804e-06,"Creb3l2",2.90320269323335e-05,0.0678042201146623
0.222665532718998,0.288936824579721,-0.0677939814922517,9.03736067830678e-06,"Atf7ip",2.91001557413395e-05,0.0677939814922517
0.0719720514107529,0.0853582353362213,-0.0677938998082585,9.03758575615878e-06,"Sp3os",2.91001557413395e-05,0.0677938998082585
0.106430294412765,0.143233456085246,0.0677740568224566,9.09242144647178e-06,"Rps6kb2",2.92649778124708e-05,0.0677740568224566
1.13651731471405,1.13559261906075,0.067759614483618,9.1325322274246e-06,"Ndrg1",2.93822929401985e-05,0.067759614483618
0.523575263069811,0.627221939432505,-0.0677369927778037,9.19569948100025e-06,"Ogt",2.95736643829844e-05,0.0677369927778037
0.243095303449785,0.348227523984647,-0.0677247728131371,9.22999501976916e-06,"Itsn2",2.96720673231682e-05,0.0677247728131371
0.0898050575474335,0.130069828815231,-0.0677184038410211,9.24791804128072e-06,"Fyco1",2.9713612106204e-05,0.0677184038410211
0.230188822466373,0.493387362296666,0.0677175496332463,9.25032440694139e-06,"Rpl13-ps3",2.9713612106204e-05,0.0677175496332463
0.447669687768312,0.477366919927072,0.0677025578626666,9.29265479429059e-06,"Trir",2.98376398837086e-05,0.0677025578626666
0.702823783939089,0.772958934764468,0.0676831948012725,9.34760168504558e-06,"Manf",3.00020623683223e-05,0.0676831948012725
0.118325967614894,0.166947799242504,0.0676748269553349,9.37144316344955e-06,"Pinx1",3.00549419621593e-05,0.0676748269553349
0.133208814435141,0.174544265763715,0.0676747830559864,9.37156839348488e-06,"Ier5",3.00549419621593e-05,0.0676747830559864
0.151030469988798,0.202860997602749,0.0676517635830316,9.43745579182968e-06,"Ecsit",3.02541531257057e-05,0.0676517635830316
0.175510223810442,0.244338456663958,-0.0676309790258281,9.49732615481414e-06,"Clip1",3.04248424689742e-05,0.0676309790258281
0.413246068205262,0.461254521882892,0.0676306475374937,9.49828394625878e-06,"Eif6",3.04248424689742e-05,0.0676306475374937
0.218590718037825,0.288240076065812,0.0676074116617693,9.56565124789572e-06,"Timm44",3.06284060706765e-05,0.0676074116617693
0.108992447347226,0.165498771231118,-0.0676013121848515,9.58341080252801e-06,"Sik2",3.06720463866581e-05,0.0676013121848515
0.217388470220978,0.360472774483369,0.067600106259048,9.58692576492256e-06,"Snhg5",3.06720463866581e-05,0.067600106259048
1.21941767503726,1.32739979934979,0.0675910011027284,9.61350471239463e-06,"Selenof",3.07448233608029e-05,0.0675910011027284
0.14223997559228,0.195255726987693,-0.067546606579177,9.74410829538991e-06,"Brsk2",3.1150089626378e-05,0.067546606579177
0.215965861102205,0.266674197720205,0.0674817404351482,9.93798719402088e-06,"Ppt2",3.17572318776677e-05,0.0674817404351482
0.226986018919949,0.28553943491571,0.0674389336678155,1.0067944134865e-05,"Slc25a10",3.21566823960302e-05,0.0674389336678155
0.182208060267277,0.267197959188095,-0.0674379318671038,1.00710048431236e-05,"Sipa1l1",3.21566823960302e-05,0.0674379318671038
0.141377375456936,0.20347036074997,-0.0674362939278267,1.00760109999221e-05,"Trim24",3.21598696353918e-05,0.0674362939278267
0.0994334517835156,0.140876022656533,-0.0674220196585591,1.0119739208865e-05,"Vps13d",3.22865953924186e-05,0.0674220196585591
0.193626732908144,0.286810586032454,-0.0674200165535656,1.01258900560894e-05,"Rnf216",3.22933790977986e-05,0.0674200165535656
0.0674887660062567,0.0908025525888307,0.0674135578023103,1.01457469799177e-05,"P2ry2",3.2343851317783e-05,0.0674135578023103
0.0830262428893423,0.10702851485555,0.0674116612531709,1.01515848288433e-05,"Tmem17",3.2349609478411e-05,0.0674116612531709
0.477276216387417,0.589682884648006,-0.0673913653264877,1.02142597170401e-05,"Gng11",3.25364112622189e-05,0.0673913653264877
0.705232792278554,0.703682557379594,0.0673757654089029,1.0262683999024e-05,"Chmp5",3.26776890508606e-05,0.0673757654089029
0.102824679489577,0.170034328354352,-0.0673700199928366,1.02805737200411e-05,"Tlcd1",3.2716281623164e-05,0.0673700199928366
0.772570736572909,0.81587408077383,0.0673692546942986,1.02829589049875e-05,"Rdx",3.2716281623164e-05,0.0673692546942986
0.0628650208769221,0.0866914116900751,-0.0673547772015458,1.03281801614833e-05,"Pou6f1",3.28471334188435e-05,0.0673547772015458
0.569053728324847,0.771410218884722,-0.0673485477736562,1.03476964912168e-05,"mt-Nd4l",3.28961634887177e-05,0.0673485477736562
0.469193502174638,0.542157964534718,0.0673185832595978,1.04420660533709e-05,"Ssu72",3.31830249553459e-05,0.0673185832595978
0.14508106809619,0.210424327634588,-0.0673153279923766,1.0452367452046e-05,"Btaf1",3.3202611415367e-05,0.0673153279923766
0.145012951712225,0.18099052950835,0.0673004024327068,1.04997242109672e-05,"Ddx56",3.33398445068464e-05,0.0673004024327068
0.238643009299324,0.305715825194673,0.0672958813962481,1.05141092106971e-05,"Baiap2",3.33723149947126e-05,0.0672958813962481
0.17387075766377,0.222332525361134,0.0672897329522172,1.0533702475875e-05,"Cox19",3.34212845656074e-05,0.0672897329522172
0.196946773271661,0.278094509763464,-0.0672839917458946,1.05520294592074e-05,"Med13",3.34661993599528e-05,0.0672839917458946
0.144716406498089,0.20477633091239,0.0672603046096253,1.06279654925781e-05,"Rnf145",3.36937159669881e-05,0.0672603046096253
0.275409850311159,0.37722058625408,-0.0672478188597496,1.06682018681368e-05,"Cask",3.38079193483135e-05,0.0672478188597496
0.304425603343632,0.370727403339867,0.0672431406550725,1.0683315188387e-05,"Mrps15",3.38424481135479e-05,0.0672431406550725
0.0892543078244612,0.109321984490926,-0.0672296513321182,1.07270080493759e-05,"Mthfs",3.39674477459321e-05,0.0672296513321182
0.0953465207075098,0.141953730629814,-0.0671677310048301,1.09297701084494e-05,"Mid1",3.45958482643778e-05,0.0671677310048301
0.178040921879567,0.221098157019135,0.0671486736109913,1.09929074096828e-05,"Dnajc30",3.47819751795325e-05,0.0671486736109913
0.168045323696729,0.227148305667604,0.0671244013713662,1.10738256482246e-05,"Trmt1",3.5024192747873e-05,0.0671244013713662
0.382408091042027,0.445150844876399,0.0670639789152815,1.12777369025448e-05,"Ubald2",3.56550673388571e-05,0.0670639789152815
0.205007671967987,0.278252486211453,-0.0670527124897736,1.13161526281217e-05,"Klhl13",3.5762429573867e-05,0.0670527124897736
0.0984029937930484,0.139340119852545,0.0670359420865141,1.13735669226948e-05,"Lactb",3.59297247983084e-05,0.0670359420865141
0.440616738221946,0.508874064149068,0.0670269086728137,1.14046083428173e-05,"Cacybp",3.60136077696836e-05,0.0670269086728137
0.10416989605332,0.154752110189306,-0.0670248814648027,1.14115855139978e-05,"Ncoa3",3.60214642660575e-05,0.0670248814648027
0.0931442286977568,0.11771621553572,-0.0670177424155393,1.14361888799513e-05,"2310014F06Rik",3.6084931015623e-05,0.0670177424155393
0.0714407737378674,0.105798412795576,-0.0670026579364492,1.14883412231855e-05,"Parp4",3.62260549216551e-05,0.0670026579364492
0.614984737576573,0.65884318868961,0.0670021954186105,1.14899438902807e-05,"Tceal8",3.62260549216551e-05,0.0670021954186105
0.157564632766709,0.192794737700441,0.066963651944918,1.16242528752301e-05,"Tmem70",3.66351158958548e-05,0.066963651944918
0.143644400497932,0.20631714851328,-0.0669578887456393,1.1644463670596e-05,"Abcc5",3.66844038055997e-05,0.0669578887456393
0.165050614656778,0.210695504238441,-0.0669431038386891,1.16964658864891e-05,"Camk2g",3.68337685530568e-05,0.0669431038386891
0.0689047911710259,0.0983149034874293,-0.0669331190772234,1.17317100635603e-05,"AU040320",3.69302634562605e-05,0.0669331190772234
0.167281942972951,0.226309629063506,-0.0669162383699836,1.17915261105734e-05,"Senp7",3.71040021612709e-05,0.0669162383699836
0.795529865999191,0.767789153991268,0.0669123543827776,1.18053299698166e-05,"Tmed2",3.71328763927122e-05,0.0669123543827776
0.0956694658779473,0.119270968207427,-0.0668998600934748,1.18498398686773e-05,"Spsb2",3.72582739444617e-05,0.0668998600934748
0.175816256358828,0.2466006113925,-0.0668977732885453,1.18572895302584e-05,"Cd99l2",3.72670940817837e-05,0.0668977732885453
0.825508505044564,0.802136316509106,0.0668754740989791,1.1937174655806e-05,"Fis1",3.75034805944353e-05,0.0668754740989791
0.0768002346539835,0.10728217029228,-0.0668355391722871,1.20815233418723e-05,"Edem3",3.79421304482128e-05,0.0668355391722871
0.248469443389179,0.323229695488043,-0.0668218362931228,1.21314363468393e-05,"Pum2",3.80839770137083e-05,0.0668218362931228
0.247446963563761,0.329727985552054,-0.0667881932690089,1.22548174937087e-05,"Pik3c2a",3.84562595109575e-05,0.0667881932690089
0.184385839997568,0.258772915360146,-0.0667858205605296,1.22635641151577e-05,"Ino80d",3.84686624159598e-05,0.0667858205605296
0.0619180601661481,0.0850682270382766,-0.066783275871159,1.22729513358792e-05,"Heatr5a",3.84830642903849e-05,0.066783275871159
0.188547582623195,0.24589768957537,0.0667788243465583,1.22893892544234e-05,"Ccdc58",3.85195544443332e-05,0.0667788243465583
1.37369731146467,1.05929976954668,0.0667663647574579,1.23355098817564e-05,"Prdx2",3.86391449045657e-05,0.0667663647574579
0.118407575987457,0.166311204072009,-0.0667659158530223,1.23371746317918e-05,"Acadsb",3.86391449045657e-05,0.0667659158530223
0.46893096117018,0.527695814445788,0.0667614709913377,1.2353669853263e-05,"Eny2",3.86757108476716e-05,0.0667614709913377
0.432015672190861,0.498905392191333,0.0667579392151833,1.23667915423316e-05,"Rnaseh2c",3.87016908485447e-05,0.0667579392151833
0.296602882297789,0.367193950253203,0.0667545256487707,1.23794866787142e-05,"Stoml2",3.87263162222234e-05,0.0667545256487707
0.965937179812779,0.984894123891485,-0.0667328907985408,1.24602367601106e-05,"Ctsb",3.89637333449444e-05,0.0667328907985408
0.218086805149747,0.274994864467889,0.0667311560991204,1.24667330782701e-05,"Nr2c2ap",3.89688610128707e-05,0.0667311560991204
0.113910068594849,0.15596892175454,0.0667091924240141,1.254926530767e-05,"Prpsap2",3.92115673009127e-05,0.0667091924240141
0.173680357475008,0.250642301635126,-0.0667030006891042,1.25726258094578e-05,"Nrf1",3.92692680012024e-05,0.0667030006891042
0.0738695531243179,0.0991470429643215,-0.0666579574334475,1.27438201274314e-05,"Slf1",3.97884874328832e-05,0.0666579574334475
0.732719865788343,0.740503134262479,0.066650254014923,1.27733199905007e-05,"Emc10",3.98650795813993e-05,0.066650254014923
0.568814543388187,0.620959223011342,0.0666339955601859,1.28357948860233e-05,"Mrps24",4.00444860674382e-05,0.0666339955601859
0.116602518947959,0.156628284065186,-0.0666102741522792,1.2927470053561e-05,"P2ry12",4.03148152777976e-05,0.0666102741522792
0.0735607770992478,0.114633846995087,-0.0666086734644693,1.2933678606122e-05,"Wnk2",4.03185070456578e-05,0.0666086734644693
0.0677889206894225,0.0939502138741631,-0.0665679629417191,1.30925409048183e-05,"Rbl2",4.07978828039852e-05,0.0665679629417191
0.263489018468269,0.359253974564064,-0.0665616199027707,1.31174599255327e-05,"Taf15",4.08549997105279e-05,0.0665616199027707
0.11882126907328,0.148426761579667,0.0665607060900195,1.31210536208911e-05,"Tgif2",4.08549997105279e-05,0.0665607060900195
0.173227080192666,0.1971246101892,0.0665582348957585,1.31307766385012e-05,"Atg101",4.0869414952418e-05,0.0665582348957585
0.363767763128731,0.470706321537942,-0.0665040919640938,1.33455368004611e-05,"Ptpra",4.15217476878248e-05,0.0665040919640938
0.22046948447268,0.272868225210837,0.0664997471662792,1.3362915041898e-05,"Ap1s1",4.15597016651896e-05,0.0664997471662792
0.452791910491323,0.56591971102183,-0.0664931531419921,1.33893309326556e-05,"Hnrnph3",4.16257231319754e-05,0.0664931531419921
0.164204364892798,0.224305136596859,0.0664541181069374,1.35467294634922e-05,"Mrpl45",4.20987440801942e-05,0.0664541181069374
0.0730812706420225,0.112330230810992,0.0664177139719444,1.36951083599826e-05,"Crebl2",4.25433795898181e-05,0.0664177139719444
0.615376657608319,0.650333681438364,0.0664121377822646,1.37179726577739e-05,"Pgp",4.25979150951927e-05,0.0664121377822646
0.0815547800642048,0.107236915648128,-0.0663789004595727,1.38550140142391e-05,"Tnfsf13",4.30068210639281e-05,0.0663789004595727
0.207166379816242,0.256503123149237,0.0663714683538276,1.38858355307218e-05,"Timm50",4.30858253281174e-05,0.0663714683538276
0.400636598934682,0.477281878381056,0.0663687990686367,1.38969212102743e-05,"Immt",4.31035546158643e-05,0.0663687990686367
0.0728716077192717,0.113011588974281,-0.0663477396015666,1.39846786562769e-05,"Zdhhc14",4.33589882295076e-05,0.0663477396015666
0.382580484609089,0.478205829155543,-0.0663184637860639,1.41075528578602e-05,"Birc6",4.37230606919546e-05,0.0663184637860639
0.0942675403095141,0.135236267513464,-0.0663056691749987,1.41615760269592e-05,"Nr1d2",4.38735467337145e-05,0.0663056691749987
0.116455029772179,0.178597433152784,-0.0662657144676951,1.43315508086455e-05,"Map3k3",4.43830041252689e-05,0.0662657144676951
0.119217901014182,0.194938346013281,0.0662414941483544,1.44355335561724e-05,"0610037L13Rik",4.46877782618546e-05,0.0662414941483544
0.932555601323545,0.920426020914998,0.0662331071836395,1.44717078489391e-05,"Dhh",4.47824850674458e-05,0.0662331071836395
0.506402027628569,0.537206108173984,0.0662272243186835,1.44971331155883e-05,"Rab5a",4.48438689743564e-05,0.0662272243186835
0.319303302119832,0.366443752314301,0.0662158622489886,1.45463596561344e-05,"Gm16286",4.49788014955001e-05,0.0662158622489886
0.495614336691191,0.639786191183021,-0.0661880730512192,1.46674296020611e-05,"Gpatch8",4.53356914972799e-05,0.0661880730512192
0.157947653971169,0.236359933372979,-0.0661718627767942,1.4738496293424e-05,"Ino80",4.55378106501479e-05,0.0661718627767942
0.132595449255482,0.228884852291593,-0.0661450885572303,1.48565951626763e-05,"Atf3",4.58850344824153e-05,0.0661450885572303
0.289589138726051,0.365647119047638,0.0661304829800102,1.49213988418351e-05,"Rae1",4.60674506759848e-05,0.0661304829800102
0.362831004377336,0.472116788607067,-0.0661067201714901,1.50274084949746e-05,"Add1",4.63768945244907e-05,0.0661067201714901
0.135768023882431,0.180309730652387,0.0660539644344439,1.52653319822556e-05,"Vars",4.70930502982004e-05,0.0660539644344439
0.120712168200991,0.170202285735749,-0.0660241402691508,1.54014202799769e-05,"Tbc1d12",4.74946181116581e-05,0.0660241402691508
0.124124515178312,0.165022198671004,-0.0659913036746077,1.55525914711504e-05,"Clcn5",4.79423718649676e-05,0.0659913036746077
0.17378082906247,0.246667322992531,-0.0659719049019339,1.56425617497065e-05,"Ssbp3",4.82011964207545e-05,0.0659719049019339
0.119388016922373,0.159587083079356,-0.0659690045051939,1.56560561546057e-05,"Inka1",4.82242589576032e-05,0.0659690045051939
0.130218763584586,0.179570036684766,-0.0659203799483031,1.58839457788696e-05,"Nup98",4.89074370413085e-05,0.0659203799483031
0.0725682777908549,0.102029968195698,-0.0659144215805068,1.59120873975234e-05,"Scyl2",4.89752931636854e-05,0.0659144215805068
0.211570158177201,0.264761759125934,0.0659022901237688,1.59695316825935e-05,"Actr1b",4.91332523854027e-05,0.0659022901237688
0.0586690873053378,0.0778452888233416,-0.0658966330642941,1.59963862243742e-05,"Spaca6",4.91970115233341e-05,0.0658966330642941
0.118730951433023,0.177543303912845,0.065883109700413,1.60607572764639e-05,"Map6",4.93760599181404e-05,0.065883109700413
0.163663043815991,0.213541300804959,0.0658452853915328,1.62421137743262e-05,"Saysd1",4.99144852260411e-05,0.0658452853915328
0.0892423802952018,0.12011743147259,-0.0658297678575026,1.63170788409796e-05,"Rnf24",5.0125666393576e-05,0.0658297678575026
0.0816373145862581,0.110343314815886,0.0658263183367283,1.63337881744163e-05,"Sco2",5.01577942256091e-05,0.0658263183367283
0.303764543391181,0.366396311893118,0.0658043362055293,1.64406522828201e-05,"Ube2j2",5.0466638836017e-05,0.0658043362055293
0.119449723703226,0.181588130296359,-0.0657934592489802,1.6493775638178e-05,"Mlxip",5.06103463559236e-05,0.0657934592489802
0.232964260043433,0.331067164258844,0.065731993094114,1.6797064866795e-05,"Utp3",5.15071091377679e-05,0.065731993094114
0.356938507407719,0.473193104907386,0.0657306338937421,1.6803831166875e-05,"Nop56",5.15071091377679e-05,0.0657306338937421
0.153027559247247,0.191558107086578,0.0657303417965984,1.6805285608509e-05,"Yipf6",5.15071091377679e-05,0.0657303417965984
0.448746762374396,0.516427541756854,0.0656625643965465,1.7146032197232e-05,"Phf5a",5.2531409832222e-05,0.0656625643965465
0.27355560754466,0.369442730931933,-0.0656571818904556,1.71733726565729e-05,"Snd1",5.25950924413516e-05,0.0656571818904556
0.129030012184956,0.174934582620783,-0.0656341343796337,1.72909128994875e-05,"Ctsk",5.29348665034291e-05,0.0656341343796337
0.371086575701742,0.561970601334201,0.0656277993986258,1.73233547573498e-05,"Srgap2",5.30139582658179e-05,0.0656277993986258
0.159906668206001,0.196536729170238,0.065579031885605,1.75750447392446e-05,"Spns1",5.37636900448718e-05,0.065579031885605
0.082716398011991,0.113214506835658,-0.0655767061438745,1.75871345284069e-05,"Zfp467",5.37801705243662e-05,0.0655767061438745
0.141704143285635,0.225988720745822,-0.0655679925596778,1.76325003973324e-05,"Cobll1",5.38983555002649e-05,0.0655679925596778
0.100937463011519,0.135470186682707,0.0655462405778912,1.77462354856869e-05,"Dimt1",5.42253593058459e-05,0.0655462405778912
0.131089175153832,0.18290096931433,-0.065527703148644,1.78437137163204e-05,"Hexb",5.45024586447486e-05,0.065527703148644
0.190796255580766,0.255028715353874,-0.0655228875171963,1.78691198180391e-05,"Prrc2b",5.45592912556872e-05,0.0655228875171963
0.282796926753984,0.437016315563922,0.0655064648642383,1.79560210789845e-05,"Dnm3",5.48037706876272e-05,0.0655064648642383
0.476420106400896,0.597216633700164,-0.0654782349219913,1.81063425451513e-05,"Tln2",5.52415561149408e-05,0.0654782349219913
0.259775713373044,0.343594513996087,-0.0654638208793117,1.81835572452461e-05,"Fez1",5.54560483982723e-05,0.0654638208793117
0.355925677833545,0.438385221237976,-0.0654574518072361,1.82177755816847e-05,"S100a13",5.55392975940115e-05,0.0654574518072361
0.136254152149303,0.200254242176199,0.0654437334315501,1.82916870324733e-05,"Crcp",5.57434473029114e-05,0.0654437334315501
0.0900600559107037,0.12546497172776,-0.0654182406734757,1.8429795187469e-05,"Usp24",5.61430055369214e-05,0.0654182406734757
0.0656215574159387,0.105312060293504,-0.0653878069686915,1.85959715809237e-05,"Riok2",5.66277328141677e-05,0.0653878069686915
0.275062718740759,0.360291223752085,-0.0653665803864593,1.87127181208207e-05,"Acaca",5.69467013900942e-05,0.0653665803864593
0.368886859007181,0.474530598858803,-0.0653661827612894,1.87149117105781e-05,"Arhgap5",5.69467013900942e-05,0.0653661827612894
0.240676929077119,0.319329192896853,-0.06535724112455,1.87643049968206e-05,"Scamp5",5.70753537886613e-05,0.06535724112455
0.683292911297972,0.88565819386981,-0.0653446665901109,1.88339763465694e-05,"Col5a2",5.72655650643701e-05,0.0653446665901109
0.648822788576899,0.764115775867915,-0.0653353876486636,1.88855457712045e-05,"Ankrd11",5.73902799838948e-05,0.0653353876486636
0.443172720849038,0.61816538164202,-0.0653347133968568,1.88892982848288e-05,"Smc5",5.73902799838948e-05,0.0653347133968568
0.211252148430811,0.27646383858685,0.0653266814481497,1.89340543172186e-05,"Polr2h",5.75044859354134e-05,0.0653266814481497
0.360286677182675,0.391501724768194,0.0652577070404419,1.93225756319147e-05,"Gps1",5.86622576127446e-05,0.0652577070404419
0.752483430723499,0.834142488839316,0.065232336364637,1.94673846005031e-05,"Spag9",5.90795363216479e-05,0.065232336364637
0.214400154956901,0.275200137562328,0.0652246505676841,1.95114565700152e-05,"2410004B18Rik",5.9190898872515e-05,0.0652246505676841
0.251272639390131,0.314875378511517,0.065220623086426,1.95345889037298e-05,"Otub1",5.9238677763994e-05,0.065220623086426
0.217485013161753,0.377831453037138,-0.0651927438768721,1.96954339544978e-05,"Mdga2",5.97038768609334e-05,0.0651927438768721
0.178824464640085,0.225768170621649,0.0651824567737197,1.97551017202046e-05,"Hddc2",5.98621360282936e-05,0.0651824567737197
0.200231606348264,0.262200605621391,0.0651705362503943,1.98244589689445e-05,"Micu1",6.00496258085356e-05,0.0651705362503943
0.9886833937662,0.958179223995267,0.0651657111622131,1.98525986580954e-05,"Crip2",6.01121704273803e-05,0.0651657111622131
0.328757127823889,0.391230571164996,0.065161418576095,1.98776647769883e-05,"Smarcd1",6.01653648323478e-05,0.065161418576095
0.144911439759526,0.185720264667508,0.0651253010935419,2.00897656010275e-05,"Pomgnt1",6.07844189979807e-05,0.0651253010935419
0.258737134132957,0.305158177718802,0.0651142079598508,2.01553415865105e-05,"Pigt",6.09598420241841e-05,0.0651142079598508
0.503158843108284,0.532291037625592,0.0650929074815211,2.02818289541163e-05,"Ube2i",6.13035994432306e-05,0.0650929074815211
0.0848606010451775,0.121276205094654,-0.0650924961050973,2.02842792275395e-05,"Ago1",6.13035994432306e-05,0.0650924961050973
0.195218771425447,0.258228175716905,-0.0650745026324696,2.03917295227191e-05,"Trp53i13",6.16051346725519e-05,0.0650745026324696
0.0776943630117449,0.109903285150243,-0.0650636795529887,2.04566216237048e-05,"Gm16062",6.17779194236383e-05,0.0650636795529887
0.884321088788729,0.88690964500281,0.06504867174358,2.05469294873529e-05,"Fibp",6.20272995509855e-05,0.06504867174358
0.216584289143406,0.294800156941156,-0.0650416962829191,2.05890326165108e-05,"Mib1",6.21310258423777e-05,0.0650416962829191
0.199239706011545,0.252127191821613,0.0650285582987602,2.06685551512763e-05,"Commd7",6.23475513285117e-05,0.0650285582987602
0.159950709186489,0.188476087865385,0.065014151881012,2.07560913590852e-05,"Ap2a1",6.25880785664411e-05,0.065014151881012
0.586497992444585,0.644717879767579,0.0649947242959428,2.08746960479084e-05,"Srsf7",6.29220740377225e-05,0.0649947242959428
0.0788042736494118,0.104945849001663,-0.0649613637294037,2.10798672904693e-05,"Col12a1",6.3516656079131e-05,0.0649613637294037
0.211504751460841,0.315434457154213,0.0649406636717494,2.1208138303736e-05,"Aes",6.38791673232647e-05,0.0649406636717494
0.152122464799715,0.181162964922789,0.064936041691533,2.12368803684192e-05,"Hdgfl2",6.39417366139571e-05,0.064936041691533
0.0593524877401097,0.0774627994025941,-0.064928111387782,2.12862818286949e-05,"Zfp869",6.40435279060123e-05,0.064928111387782
0.0912717787472762,0.135282223122007,0.0649280521655073,2.12866511621803e-05,"Kcnk5",6.40435279060123e-05,0.0649280521655073
0.0923035096050837,0.144754647038007,-0.0648989037167489,2.14691744470696e-05,"Ranbp10",6.45684616803921e-05,0.0648989037167489
0.217858581262355,0.29329948449788,-0.0648504102179622,2.17761377656403e-05,"Marf1",6.54671148113518e-05,0.0648504102179622
0.493855968597101,0.538025360355812,0.0648305789448738,2.19028687978895e-05,"Pdcd10",6.58234528967285e-05,0.0648305789448738
0.201545871484359,0.270473848699308,-0.0648170122133551,2.1989970433708e-05,"Bbx",6.60604727667814e-05,0.0648170122133551
0.129887588823561,0.170471871440051,0.0648136524924145,2.20115914995055e-05,"Mrpl19",6.6100677467078e-05,0.0648136524924145
0.226978744182901,0.27020090988059,0.0648058145004196,2.20621105865168e-05,"Nip7",6.62276002043438e-05,0.0648058145004196
0.245265537475102,0.383313435917635,-0.0647199866311411,2.26225735573778e-05,"Smim5",6.7884641071204e-05,0.0647199866311411
0.124031691996112,0.159806068940077,0.0647122216737732,2.26739421598835e-05,"Tmem192",6.80133502395907e-05,0.0647122216737732
0.203796450928389,0.26165691752996,0.064706348195759,2.2712871489883e-05,"Rnf181",6.8104663989096e-05,0.064706348195759
0.104160702545802,0.13594928437732,0.0646969592322074,2.27752335042548e-05,"Nkiras2",6.82661462974004e-05,0.0646969592322074
0.0996349294788085,0.149960759526972,-0.0646909779974208,2.28150460990045e-05,"Hist2h2aa1",6.8344670520618e-05,0.0646909779974208
0.136416474532391,0.195876811475317,-0.0646904646513488,2.28184661421655e-05,"Suz12",6.8344670520618e-05,0.0646904646513488
0.366224430008341,0.39146410706822,0.0646808763658925,2.2882435459695e-05,"Mrpl58",6.85106948241018e-05,0.0646808763658925
3.55733094126886,1.61903102145352,0.0646587060279173,2.30310012672131e-05,"Sparc",6.89297852175001e-05,0.0646587060279173
0.144487474579934,0.211997362838205,-0.0646527607160058,2.30709971945499e-05,"Aftph",6.90237440302269e-05,0.0646527607160058
0.759313488947007,0.732308328546962,0.0646280368447925,2.32380320349259e-05,"BC031181",6.94975658025515e-05,0.0646280368447925
0.193577855913246,0.296868522958074,-0.0646186634183538,2.33016592792055e-05,"Fancc",6.966189048299e-05,0.0646186634183538
0.140055548164581,0.191839913076901,-0.064608596789368,2.33701765580346e-05,"Gas1",6.98152913616079e-05,0.064608596789368
0.238232998549408,0.303330013258025,0.0646085679747794,2.33703729557925e-05,"Ndufaf4",6.98152913616079e-05,0.0646085679747794
0.477088974255364,0.512869857024947,0.0645968571111933,2.34503233104399e-05,"Ei24",7.00280588920616e-05,0.0645968571111933
0.154560109331108,0.196150464678854,-0.0645662502389626,2.36605075368018e-05,"B130024G19Rik",7.06294317244411e-05,0.0645662502389626
0.691240553536509,1.05715689270952,0.0645437008578731,2.38165042519989e-05,"Arhgap24",7.10686612562436e-05,0.0645437008578731
0.264536332650489,0.344293783115942,0.0645335446407289,2.38870840842083e-05,"Nop16",7.12527742348281e-05,0.0645335446407289
0.217486848098141,0.264651461192903,0.0645279244052825,2.39262269273463e-05,"Egln2",7.13430118413328e-05,0.0645279244052825
0.119038760398886,0.164275942409436,0.0645029299764537,2.41010439329376e-05,"Prkx",7.18375841448332e-05,0.0645029299764537
0.162296756527668,0.196104673968316,0.0644498471870452,2.44763558170076e-05,"Chchd4",7.29291790106457e-05,0.0644498471870452
0.10494046590505,0.14495384568101,-0.0644102935876287,2.47596189223507e-05,"Qser1",7.37420829836294e-05,0.0644102935876287
0.07252715700101,0.100199061083364,-0.0644091907321035,2.47675615205485e-05,"Fchsd2",7.37420829836294e-05,0.0644091907321035
0.131117969639611,0.167538741362028,0.0643206967111424,2.54128396699602e-05,"Cacfd1",7.56352468515432e-05,0.0643206967111424
0.542480588147579,0.727828004020214,-0.0643050154916854,2.55288381441769e-05,"Gnaq",7.59523163770396e-05,0.0643050154916854
0.327129887508339,0.42461173951739,-0.0642625767002125,2.58453002999508e-05,"Rsf1",7.68653408475927e-05,0.0642625767002125
0.700001854011403,0.795985428315174,-0.0642290779249721,2.60977279364489e-05,"Pafah1b1",7.75873171404468e-05,0.0642290779249721
0.152858496057096,0.197278887514958,0.0642170031283548,2.61892900770439e-05,"Tmem214",7.78306902141482e-05,0.0642170031283548
0.233776467112263,0.29708945297013,0.0642127471731319,2.62216353493121e-05,"Bet1l",7.7897964473484e-05,0.0642127471731319
0.127008003349514,0.194821404786489,-0.0642067765039394,2.62670764722477e-05,"Tmem179b",7.80040790574817e-05,0.0642067765039394
0.132726461455208,0.189729363168141,-0.064154865842506,2.66653215774669e-05,"Ptpn2",7.9154131349518e-05,0.064154865842506
0.185645672254596,0.234048423056206,0.0641537332516221,2.66740741736162e-05,"Srp68",7.9154131349518e-05,0.0641537332516221
0.235866009141052,0.307237084175352,-0.064132735211303,2.68368413343453e-05,"Kcmf1",7.9607694959995e-05,0.064132735211303
0.0965864159066336,0.133184380593406,-0.0641302245961787,2.68563655408625e-05,"Plekhm2",7.96361703990689e-05,0.0641302245961787
0.393600762953903,0.457114728890947,0.064083788647445,2.72199258566685e-05,"Gpr137b",8.06844052729619e-05,0.064083788647445
0.19749739332282,0.264177165359652,-0.0640693330577406,2.73340543498755e-05,"Gm4258",8.09927814266622e-05,0.0640693330577406
0.211682428784827,0.284318322361398,0.0640419598981901,2.75514157426243e-05,"Colgalt1",8.16067035506892e-05,0.0640419598981901
0.191436662382702,0.258605016823255,0.0640361531549284,2.75977359500232e-05,"Dut",8.17137392114339e-05,0.0640361531549284
0.127077828906861,0.181740365672921,-0.0640163850233692,2.7755981237729e-05,"Nhlrc2",8.21519710260189e-05,0.0640163850233692
0.817467055223542,0.833461611172205,-0.0639921111475323,2.79514751122586e-05,"Rsrp1",8.27000871315498e-05,0.0639921111475323
1.27145826069479,1.15204401807164,-0.0639810579316449,2.80409270775615e-05,"Atp1a2",8.29341684004253e-05,0.0639810579316449
0.103278504441017,0.137315050320287,-0.0639765577638212,2.80774241161828e-05,"Bmt2",8.30115147782795e-05,0.0639765577638212
0.320511880173885,0.400212869746888,0.0639387190169119,2.83860927982345e-05,"Copb2",8.38931891760713e-05,0.0639387190169119
0.071507123484667,0.0942855458286629,0.0639362493757692,2.84063505407132e-05,"Cbr4",8.39221490201336e-05,0.0639362493757692
0.0782459140108358,0.106543968773705,-0.0639308852808798,2.84503979771958e-05,"Nt5c2",8.40213446334263e-05,0.0639308852808798
0.167948365483172,0.222632318110192,-0.0639255607806768,2.84941844664545e-05,"Numa1",8.41196968943454e-05,0.0639255607806768
0.33245203658273,0.394260038311809,0.0638990910994776,2.87128123854727e-05,"Ubxn6",8.47339487241754e-05,0.0638990910994776
0.845265409250814,1.00425176550712,-0.063895278802661,2.87444312990667e-05,"Megf9",8.47960723322467e-05,0.063895278802661
0.100020226968187,0.134273000719761,0.0638760931175528,2.8904058883222e-05,"F8a",8.52356370742275e-05,0.0638760931175528
0.408618704992155,0.460891048352576,0.0638414422077381,2.91944961159636e-05,"Coa3",8.60604837746114e-05,0.0638414422077381
0.0817386419629613,0.108062093986788,-0.0638379895095764,2.92235874054619e-05,"Stk40",8.61146035040125e-05,0.0638379895095764
0.278267401876766,0.336962858260114,0.0638123569216144,2.94404220004477e-05,"Derl1",8.67217129704818e-05,0.0638123569216144
0.0661825343277705,0.0890674812121414,0.0638007988024165,2.9538695255306e-05,"Gpn2",8.69792626526882e-05,0.0638007988024165
0.480727858439213,0.581942611657242,0.0637968120766028,2.957266474819e-05,"Sar1a",8.70473448053838e-05,0.0637968120766028
0.188573100136753,0.265654116935956,-0.063734492448319,3.01085174268284e-05,"Ppp2r5a",8.85921319519146e-05,0.063734492448319
0.85251473003847,0.809216946873589,0.0637310444677603,3.01384324434016e-05,"Tmed9",8.86476473335245e-05,0.0637310444677603
0.296621441727656,0.479037833503384,-0.0637152853702987,3.02755197531023e-05,"Large1",8.90182376324267e-05,0.0637152853702987
0.208507649443232,0.265180898708543,0.0637003576156634,3.04059214488894e-05,"Mrps11",8.93689061193732e-05,0.0637003576156634
0.254912616973499,0.32527202275024,0.0636368422233587,3.09667502229658e-05,"Mrps18c",9.09839633061435e-05,0.0636368422233587
0.074013888569466,0.0941842333847182,-0.0636135389034148,3.11749672741981e-05,"Btg3",9.15622025652145e-05,0.0636135389034148
0.265470016608229,0.302034537813075,0.0635700847698177,3.15667904631867e-05,"Rnps1",9.26790803792939e-05,0.0635700847698177
0.0888777962225009,0.123182636730037,-0.0635509052120921,3.17412152024574e-05,"Nup153",9.31570997748786e-05,0.0635509052120921
0.361770233626219,0.412395186397362,0.0635100147414039,3.21161467289395e-05,"Stx12",9.42025748313912e-05,0.0635100147414039
0.111147060530336,0.151687865796443,0.0635094973257476,3.21209178388193e-05,"Fbxo25",9.42025748313912e-05,0.0635094973257476
0.266165854020275,0.337539704042292,0.0635072340193006,3.21417957892258e-05,"Nae1",9.42293640528857e-05,0.0635072340193006
0.224242347690866,0.297247733111645,-0.0634828428313043,3.23676125564555e-05,"Galnt1",9.48567286899193e-05,0.0634828428313043
0.462364896604226,0.530340477004555,0.0634148878503006,3.30047220206294e-05,"Arpc5l",9.66885321261521e-05,0.0634148878503006
0.144948920659845,0.200477554762712,-0.0633910536719504,3.32309859557891e-05,"Brd1",9.73158508427927e-05,0.0633910536719504
0.265994715080905,0.370235305800747,-0.0633887402264352,3.32530263372286e-05,"Btbd9",9.73448680517775e-05,0.0633887402264352
0.261231696804157,0.373184606979504,-0.0633615976111427,3.35126552091509e-05,"Pds5b",9.80108051097582e-05,0.0633615976111427
0.479947614853677,0.580053041280861,-0.0633613840919232,3.35147052071254e-05,"Psip1",9.80108051097582e-05,0.0633613840919232
0.235361856915952,0.303347150711512,0.063361128980436,3.35171546885813e-05,"Mrpl2",9.80108051097582e-05,0.063361128980436
0.447077795952224,0.577040706050729,0.063354790842867,3.35780656286555e-05,"Ik",9.81531506755308e-05,0.063354790842867
0.117568948904467,0.136535773655196,0.0633494539134222,3.36294362311211e-05,"Washc1",9.8267515046801e-05,0.0633494539134222
0.219745054467973,0.262872528235904,0.0633332212014898,3.378614322789e-05,"Bloc1s2",9.86753586451117e-05,0.0633332212014898
0.12506543621656,0.177941274291384,-0.0633324500601287,3.3793604879956e-05,"Snx24",9.86753586451117e-05,0.0633324500601287
0.0883022094414271,0.115297868838822,0.0632931461745214,3.41759928218508e-05,"Pus1",9.97556080038308e-05,0.0632931461745214
0.773701167801457,0.757381406881964,0.0632887533265828,3.42189852183901e-05,"1110004F10Rik",9.98447772335862e-05,0.0632887533265828
0.220296309110394,0.283614537389599,0.0632775647139897,3.43287192046737e-05,"Pqbp1",0.000100128550671865,0.0632775647139897
0.25932125307723,0.332417415583664,0.0632753169629496,3.43508046227836e-05,"Itpa",0.000100156561153058,0.0632753169629496
0.115333484191781,0.165556720498854,-0.063266189569073,3.44406250869614e-05,"Dhx40",0.000100381974463414,0.063266189569073
0.196429894541174,0.255814835401741,-0.0632598428087152,3.4503213397189e-05,"Ap2b1",0.000100527881009094,0.0632598428087152
0.216641464666934,0.297987121874132,-0.0632424828259867,3.46749602415076e-05,"Atad2b",0.00010099160834042,0.0632424828259867
0.101986305284365,0.180577123006155,0.0631999588425913,3.50990966765303e-05,"Gm6563",0.000102189822834717,0.0631999588425913
0.120324446396899,0.22234225625521,0.0631958507150304,3.51403312208287e-05,"Zcchc11",0.000102272766672445,0.0631958507150304
0.0808251847963326,0.11178913277934,-0.0631592735812824,3.55095002211294e-05,"Hectd4",0.000103309727981995,0.0631592735812824
0.0634944291337899,0.0856150737420837,-0.0631416086243016,3.56891062243819e-05,"Sec16a",0.000103794631513027,0.0631416086243016
1.13641212368993,1.18715648508045,0.0631390718226552,3.57149695043646e-05,"Elob",0.0001038322156895,0.0631390718226552
0.15375240409543,0.190758462177713,-0.0631255073252799,3.58535648703089e-05,"Arl5a",0.000104197393886041,0.0631255073252799
0.191246007569776,0.276411677678644,-0.0631020621950209,3.60943202296157e-05,"Scaf8",0.000104859096858232,0.0631020621950209
0.061602304157174,0.0844398512155762,-0.0630979476889007,3.61367295882641e-05,"Zdhhc5",0.000104944306267185,0.0630979476889007
0.315872221241021,0.358285440870235,0.0630606844600428,3.65229718463607e-05,"Lsm5",0.000106027614361504,0.0630606844600428
0.299099474518624,0.364948791055492,0.0630276533000702,3.68686207795232e-05,"Ufm1",0.000106992337480974,0.0630276533000702
0.673023647755093,0.857238307705585,0.0630221537778716,3.69264702233039e-05,"S100a10",0.000107121473995586,0.0630221537778716
0.064485220029831,0.078785293686744,-0.0630203235425734,3.69457415563475e-05,"Ccnq",0.000107138644831273,0.0630203235425734
0.340592180224899,0.419592010072841,0.063007674437761,3.70791905881082e-05,"Blmh",0.000107486786589227,0.063007674437761
0.319818372729379,0.409715291027687,-0.0629892131867891,3.72747795218627e-05,"Tnrc6a",0.000108014745714491,0.0629892131867891
0.0630191141121137,0.0911207732485512,-0.0629481379555362,3.77134723151298e-05,"Gem",0.000109246534966282,0.0629481379555362
0.77423903703967,0.772346745654407,0.062937817100202,3.78244691420484e-05,"Ubxn1",0.000109528524141392,0.062937817100202
0.0880587055321513,0.125529440220455,-0.0628983559812814,3.82517235125452e-05,"Fbxw8",0.000110707932921975,0.0628983559812814
0.302251034726341,0.372793529716262,0.0628976545646375,3.8259359171565e-05,"Chrac1",0.000110707932921975,0.0628976545646375
0.184523717490503,0.225352934907753,0.0628718170927135,3.85416372961055e-05,"Rce1",0.000111484534125433,0.0628718170927135
0.188012496280077,0.247202544513555,-0.0628638710046916,3.86288460352246e-05,"Ctso",0.000111696526337529,0.0628638710046916
0.0764034843425899,0.109238751307442,-0.0628468300024402,3.88165036934933e-05,"Rapgef1",0.000112198712405112,0.0628468300024402
0.349483533776323,0.444979985998579,-0.0628297672829582,3.90052669286899e-05,"Vkorc1",0.000112703731305656,0.0628297672829582
0.539568943649652,0.638766701731434,0.0628253627537158,3.90541350589747e-05,"Leprot",0.00011278411298589,0.0628253627537158
0.0601083286484234,0.0793020166584196,-0.0628247266279598,3.9061197655507e-05,"Sec24d",0.00011278411298589,0.0628247266279598
0.0674560474897389,0.0973930502493355,-0.0628207775912759,3.91050690188978e-05,"Spidr",0.00011285436428376,0.0628207775912759
0.584446206666222,0.72534637270063,0.0628200050077272,3.91136574119063e-05,"Col4a1",0.00011285436428376,0.0628200050077272
0.429751976353218,0.499913101689307,0.0627960494636959,3.93808480062956e-05,"Atp6v0e2",0.000113584444429373,0.0627960494636959
0.194187831363721,0.26058536866617,0.0627860558868971,3.94928234860195e-05,"Nol11",0.000113866480651031,0.0627860558868971
0.708501303152575,0.718712881240004,0.062783390708474,3.95227371131971e-05,"Higd2a",0.000113911796909588,0.062783390708474
0.342049006537404,0.578821913516518,-0.0627773286243594,3.95908572562509e-05,"Prkca",0.000114067159290541,0.0627773286243594
0.178525614495425,0.231402651846952,0.0627736199819464,3.96325864814381e-05,"Trmt6",0.000114146401265994,0.0627736199819464
0.0975327714856734,0.137024523825186,-0.0627529892750708,3.98654836200062e-05,"Fzd1",0.000114775974369189,0.0627529892750708
0.0687971104716454,0.0916447506771679,-0.0626679075328755,4.08397487784161e-05,"Rab3d",0.000117538789167149,0.0626679075328755
0.625626964589526,0.774793959101665,0.0626633439063265,4.08926396332905e-05,"Ccnd3",0.000117648813344397,0.0626633439063265
0.141503736085692,0.219015698133233,-0.0626557957711869,4.0980262545612e-05,"Camkmt",0.000117858647550534,0.0626557957711869
0.252919737439749,0.321760862558259,0.0626424812415889,4.1135259255721e-05,"Txndc5",0.000118262028042961,0.0626424812415889
0.223607031302275,0.312120498258055,0.0626404273525326,4.11592183769686e-05,"Dnajc2",0.000118288527312606,0.0626404273525326
0.0686708424969004,0.0904153150628293,-0.062624631680786,4.13439216204772e-05,"Abhd14b",0.000118776808837347,0.062624631680786
0.357203485580979,0.446955226215199,0.0626112655662548,4.1500829197137e-05,"Zcchc17",0.000119184915346395,0.0626112655662548
0.166104501640793,0.257662538791706,-0.0626091641068409,4.15255499863142e-05,"Gtdc1",0.000119213242608295,0.0626091641068409
0.112950709863851,0.146578504096346,0.0625927730456006,4.17188482414405e-05,"Zswim7",0.000119725335582732,0.0625927730456006
0.437267373090129,0.501737870194743,0.0625837335694427,4.1825814730878e-05,"Magoh",0.000119989394851829,0.0625837335694427
0.427821299542473,0.528341527168562,0.0625775491115116,4.18991468478325e-05,"Slc35b2",0.000120140654960539,0.0625775491115116
0.146793559207748,0.186130408899527,-0.0625767622154929,4.19084861957314e-05,"Nlgn3",0.000120140654960539,0.0625767622154929
0.0776244376325154,0.0896825163936859,-0.0625640044906925,4.20601781984022e-05,"Ilrun",0.00012053245352285,0.0625640044906925
0.100415598568117,0.116281318951814,-0.0625481379917413,4.22495607765473e-05,"Washc4",0.000121031944188153,0.0625481379917413
0.0970709163107728,0.127791399492851,0.0625387999606573,4.236139729261e-05,"Dxo",0.000121309012089901,0.0625387999606573
0.16404176695053,0.254129540804069,-0.0625321765487237,4.24408924247875e-05,"Tmem117",0.000121493300326969,0.0625321765487237
0.275069146873188,0.365782447605954,0.0625214656686521,4.25697453906378e-05,"Surf4",0.000121818700789757,0.0625214656686521
0.0889059470057351,0.129304402650294,-0.0625043727692979,4.27761434395663e-05,"Lyz2",0.000122365695172578,0.0625043727692979
0.117508596948721,0.159230283453877,-0.0625016077952103,4.28096197541957e-05,"Cbx4",0.000122417815006296,0.0625016077952103
0.129230820111296,0.164652042464267,0.0624991901605925,4.28389110906081e-05,"Nmd3",0.000122457934660149,0.0624991901605925
0.0671173668170734,0.0901254090818655,-0.0624957811796533,4.28802455778915e-05,"Eml5",0.000122532439642807,0.0624957811796533
0.060048975486531,0.0780478166374011,-0.0624930732198821,4.2913107013765e-05,"Kifc3",0.000122582688030776,0.0624930732198821
0.163642639593316,0.234870918580691,-0.0624425198355036,4.35309807708368e-05,"Phkb",0.000124303412706475,0.0624425198355036
0.0977213630329133,0.122922218028586,0.0624394395675518,4.35688998084027e-05,"Tmem168",0.000124367432252801,0.0624394395675518
0.373015123872162,0.45769047334818,0.0624332909492968,4.3644684854318e-05,"Coq7",0.00012453945635528,0.0624332909492968
0.233674758795329,0.290098988322884,0.0624132908231113,4.38920627396053e-05,"Smyd2",0.000125200821693066,0.0624132908231113
0.765895219718193,0.773119451998599,0.0623865699732749,4.42246433138482e-05,"Ndufs8",0.000126104668781208,0.0623865699732749
0.22907692428004,0.313942266511161,-0.0623711068569509,4.44181947140512e-05,"Fam120a",0.000126611578822574,0.0623711068569509
0.085398198362081,0.130259370918147,-0.0623653761391273,4.44901297237195e-05,"Smurf1",0.000126771591229803,0.0623653761391273
0.0679423473796229,0.097295584657056,0.0623590833143669,4.45692478328403e-05,"Ippk",0.000126951950518534,0.0623590833143669
0.122965498334702,0.166120200228583,-0.0622806031174591,4.55672328538462e-05,"Zc2hc1a",0.000129748572185686,0.0622806031174591
0.670860689784633,0.688992385997719,0.0622710605028303,4.56900150645091e-05,"Pigp",0.00013005203294701,0.0622710605028303
0.100115251435032,0.14444593155503,-0.0622415249476838,4.60720316888436e-05,"Wdr7",0.000131092901514639,0.0622415249476838
0.339287401485713,0.41340787859271,0.0622187962646552,4.63680668389964e-05,"Ube2a",0.000131888468031233,0.0622187962646552
0.127117774968105,0.16948281548644,0.0621997454845205,4.66175864386853e-05,"Ankrd13b",0.000132521098846556,0.0621997454845205
0.176501039566297,0.242673585825828,-0.0621992942282011,4.6623512218822e-05,"Ranbp2",0.000132521098846556,0.0621992942282011
0.0787180106263046,0.108541494096756,-0.0621945936677782,4.6685281221376e-05,"Ntn5",0.000132649680070935,0.0621945936677782
0.401281808971914,0.446995904617351,0.0621865308261561,4.67914138830492e-05,"Nsa2",0.000132904178760208,0.0621865308261561
0.151991910868442,0.2097085072689,-0.062182543962208,4.68439781683838e-05,"Asb3",0.000133006398026579,0.062182543962208
0.378055382885679,0.489410784140264,0.0621713216583653,4.69922378393672e-05,"Lman1",0.000133380161451391,0.0621713216583653
0.140468029653561,0.218458480869922,-0.062169384722201,4.70178719818679e-05,"Tmem87a",0.000133405730121113,0.062169384722201
1.43554874109843,1.32130665367401,0.0621638251746387,4.70915227670195e-05,"Kcna1",0.000133567472139471,0.0621638251746387
0.918311925933427,0.880743862068023,0.0620881121591697,4.81054885838426e-05,"Ndufa6",0.000136395208620761,0.0620881121591697
0.0987987674003838,0.142255242665483,-0.062078313382445,4.82382182460289e-05,"Hspa2",0.000136723229673662,0.062078313382445
0.34938237618687,0.467550661953863,-0.0620431207959444,4.87177880230442e-05,"Sec63",0.000138033732731959,0.0620431207959444
0.118887029130288,0.176737959980658,-0.0620261907960299,4.89500996524092e-05,"Zcchc8",0.000138642993155994,0.0620261907960299
0.10444004774072,0.151133220751592,-0.0619778309627742,4.96194839406257e-05,"L3mbtl3",0.000140489322208744,0.0619778309627742
0.204166201913971,0.292976755676223,-0.0619614975949939,4.98475190708791e-05,"Xpo7",0.000141085182724774,0.0619614975949939
0.342268225135394,0.403242489949521,0.0619581806081468,4.98939496832529e-05,"Idh1",0.000141166802629909,0.0619581806081468
0.141784001810824,0.179100595006255,0.0619494266016406,5.00166836314378e-05,"Btbd2",0.000141464176756664,0.0619494266016406
0.22037808150914,0.298508951617327,-0.0619458682167655,5.00666550469961e-05,"Crebrf",0.000141555616665644,0.0619458682167655
0.196534805576189,0.247938610504544,0.0619350321842525,5.0219120083312e-05,"Sf3a2",0.00014192444082328,0.0619350321842525
0.173036179916037,0.221985254032462,0.0619340842179512,5.0232479055099e-05,"Bphl",0.00014192444082328,0.0619340842179512
0.625410944917755,0.662121060678613,0.0619250752337282,5.03596040176108e-05,"Cltb",0.000142233531375329,0.0619250752337282
0.756302502217833,0.778424030858259,0.0618958096187733,5.0774675243704e-05,"Sf3b2",0.000143308085294838,0.0618958096187733
0.0783626290150857,0.103712554343882,-0.0618957317850185,5.07757834612691e-05,"Neo1",0.000143308085294838,0.0618957317850185
0.58666660076706,0.653320199464858,0.0618936086751504,5.08060217005284e-05,"Anapc13",0.00014334300918602,0.0618936086751504
0.623207698034574,0.674580458011065,0.0618912282065983,5.08399456410887e-05,"Ndufb3",0.000143388303628856,0.0618912282065983
0.391979879206339,0.464790408837762,0.0618643427159449,5.12245824179695e-05,"Psmd14",0.000144422364484114,0.0618643427159449
0.101387441517044,0.167526417038371,-0.0618606264394998,5.12779656373688e-05,"Atrnl1",0.000144522092123023,0.0618606264394998
0.251268157070421,0.328438991362138,-0.0618507092536851,5.14206812152062e-05,"Ccny",0.00014487343612037,0.0618507092536851
0.144209122818865,0.190273301976851,0.0618307774227904,5.17086538465189e-05,"Zfp330",0.000145633639334668,0.0618307774227904
0.277149284247632,0.337582490785292,0.0617758573836236,5.2510057286599e-05,"G6pc3",0.000147838841988656,0.0617758573836236
0.171200070623509,0.211130716708238,0.0617601848173286,5.27409033843738e-05,"Qars",0.000148436691952373,0.0617601848173286
0.155967058509785,0.214816420636746,0.0617532385634488,5.28435240773126e-05,"Ccdc25",0.000148673365075861,0.0617532385634488
0.0909832407327547,0.141546187250605,-0.0617430003784575,5.29951231104036e-05,"Garnl3",0.000149047622796312,0.0617430003784575
0.376274788185331,0.447863009758997,0.0617103380589261,5.34815194390251e-05,"Mrpl27",0.000150362898380777,0.0617103380589261
0.202077269341179,0.263960839459534,-0.0617031941056542,5.35884669032759e-05,"Mprip",0.000150610808557578,0.0617031941056542
1.0079207894909,1.06158118195843,0.0616890835927136,5.3800301656047e-05,"Klf13",0.000151153228462227,0.0616890835927136
0.261302223685682,0.327632216287457,0.0616634434762099,5.41872566363684e-05,"Emd",0.000152178338441695,0.0616634434762099
0.103650725810768,0.139674812151123,-0.0616623972360071,5.42031021019897e-05,"Arntl",0.000152178338441695,0.0616623972360071
0.989380777138978,0.970817954049884,-0.0616491313597179,5.44043967727306e-05,"Cmtm5",0.000152690059357954,0.0616491313597179
0.0975586145393584,0.148263294978705,0.0616464722920913,5.44448302058339e-05,"Rnf122",0.000152750111039025,0.0616464722920913
0.287860768937047,0.39341337322645,-0.0616063625712306,5.50581963902852e-05,"Ankhd1",0.000154416975825113,0.0616063625712306
0.34132923651146,0.411456932961774,0.0615982745337781,5.51826706134586e-05,"Chp1",0.000154712001747866,0.0615982745337781
0.233230414932989,0.339244227757108,-0.0615895932493447,5.53165713747112e-05,"Nufip2",0.000155033240904884,0.0615895932493447
0.281760479019854,0.377705537824945,0.06156296058942,5.57292779655394e-05,"Glyr1",0.000156135379328034,0.06156296058942
0.759100666416102,0.764409163593265,0.0615347093919235,5.6170252024318e-05,"Scand1",0.000157315917013308,0.0615347093919235
0.083842797773374,0.110192588064281,-0.0615157910506114,5.64673941020283e-05,"Dab2ip",0.000158069612300805,0.0615157910506114
0.206517777983409,0.255079413330761,0.061515069218693,5.64787610252252e-05,"Ntmt1",0.000158069612300805,0.061515069218693
0.0743487448933406,0.101321697669319,-0.0614959709961754,5.67802951866149e-05,"Socs4",0.000158858120145536,0.0614959709961754
0.130255200021722,0.178895432447359,0.0614893801093159,5.68847093827461e-05,"Actr8",0.000159094774516262,0.0614893801093159
0.143566698753829,0.189168254962388,0.0614861588726138,5.69358069991658e-05,"Mars",0.000159182200474323,0.0614861588726138
0.233095615269232,0.322442687078305,-0.0614743923880419,5.71228251543626e-05,"Cul3",0.000159649442368027,0.0614743923880419
0.75181007128222,0.85430496269128,0.0614623080718305,5.73155003028577e-05,"Hnrnpm",0.000160132163798792,0.0614623080718305
0.0922916640411879,0.126075083584696,-0.0614575366385067,5.73917464589462e-05,"Calcoco1",0.000160289374725577,0.0614575366385067
0.665979345226564,0.722442121472735,0.0614556279312225,5.74222739457677e-05,"Dnajc8",0.000160318833034391,0.0614556279312225
0.181117968724005,0.227704696626169,-0.061440497985831,5.76648038278755e-05,"Fasn",0.000160939960318217,0.061440497985831
0.145324865598561,0.194665333089237,0.0614303488626319,5.78280353033465e-05,"Tfam",0.000161339414212118,0.0614303488626319
0.13614635331796,0.182273921146141,0.0613869790902788,5.85305063881304e-05,"Pias4",0.000163242538497865,0.0613869790902788
0.179413117453446,0.247075933258381,-0.0613705343490884,5.8798972271788e-05,"Wsb1",0.000163934313241427,0.0613705343490884
0.200852518269183,0.26804396229676,-0.0613679560087015,5.88411701068892e-05,"Ugdh",0.000163994980527155,0.0613679560087015
0.254907049593521,0.311894673731094,0.0613526288119193,5.90926116355463e-05,"Lcmt1",0.000164638581862369,0.0613526288119193
0.0955393660745453,0.127870213068256,-0.0613338202116892,5.94025553491668e-05,"Zfp521",0.000165444673419547,0.0613338202116892
0.469739097135045,0.639989583294742,0.0613255017612243,5.95401239234353e-05,"Ppm1l",0.000165770282568232,0.0613255017612243
0.854375114997715,0.890257884130192,0.0612731354782459,6.04130945266333e-05,"Txn1",0.000168142445536492,0.0612731354782459
0.194119081148934,0.284601110679238,-0.0612492769434008,6.08148322672959e-05,"Epb41l4b",0.00016920187729292,0.0612492769434008
0.38006142882634,0.454235817970368,0.0612473492620357,6.08474013553664e-05,"Ahsa1",0.00016923381229652,0.0612473492620357
0.87326860044522,0.954198582662288,-0.061213085729848,6.14290617628063e-05,"Emp2",0.000170792374076492,0.061213085729848
1.31007057804824,1.26545529721299,0.0611751421058453,6.20793351025315e-05,"Plekha4",0.000172540555892869,0.0611751421058453
0.151509249720699,0.200336562017442,-0.0611697579360847,6.21721344527791e-05,"Dhrs2",0.000172738645030852,0.0611697579360847
0.126135120403302,0.185212005480473,0.0611311054961833,6.28421965197714e-05,"Polr3d",0.000174539904767963,0.0611311054961833
1.04052401805934,1.09621882160473,-0.061106955262215,6.32643173265711e-05,"Stmn1",0.000175651516342009,0.061106955262215
1.38819331257122,1.28524017066414,0.0610873008562186,6.36098347150975e-05,"Calr",0.000176549745331699,0.0610873008562186
0.72252774070888,1.02609635415929,-0.0610737598214886,6.38489192999737e-05,"Nav3",0.000177152049952624,0.0610737598214886
0.102951510541623,0.141269072351592,0.0610491182712756,6.42861810816885e-05,"Rfng",0.000178303600760273,0.0610491182712756
0.313524764871653,0.393794480854143,0.06104021177722,6.44449218890163e-05,"Cd82",0.000178682119294218,0.06104021177722
0.218347043154598,0.286092221573822,0.0610379480331924,6.44853277640095e-05,"Cxxc5",0.000178732390320695,0.0610379480331924
0.123649049410265,0.149058093617165,0.0610299631754963,6.46280420488876e-05,"Vrk3",0.000179066094406172,0.0610299631754963
0.26553218827212,0.324886462927606,0.0610270543757593,6.46801055849886e-05,"Scamp3",0.000179148487129427,0.0610270543757593
0.116372470583908,0.163590329635434,0.0610144517614949,6.49061339074219e-05,"Leo1",0.00017971249774781,0.0610144517614949
0.26483772910177,0.337651181552907,-0.0609939254932128,6.52758738197391e-05,"Polr3h",0.000180673891524521,0.0609939254932128
0.111031075058554,0.166831447052709,-0.0609744204763362,6.5629063682434e-05,"Smad5",0.000181588829995811,0.0609744204763362
0.163098931931786,0.22221463562115,-0.060942012698138,6.62198927359206e-05,"Ptpn9",0.000183160434096183,0.060942012698138
0.0769456203861755,0.0990753165629002,0.0609236681905819,6.65565597409492e-05,"Gmppb",0.000184028199642101,0.0609236681905819
0.359115078843152,0.469913118086778,0.0609193107356007,6.66367674521089e-05,"Ptprf",0.000184186504318196,0.0609193107356007
0.210793805128367,0.255513431625353,0.0609161339166888,6.66953008085859e-05,"Mrps23",0.000184284811876065,0.0609161339166888
0.41191474888711,0.525970590152896,-0.06085434724158,6.78434477021984e-05,"Ubn2",0.000187392710623904,0.06085434724158
0.0796918265884275,0.110418583171635,-0.0608414226564567,6.80859707916377e-05,"Irf2bp2",0.000187997876680007,0.0608414226564567
0.18919636471501,0.250051658744599,0.060821538321901,6.84606918492662e-05,"Pigk",0.000188967523700899,0.060821538321901
0.0731841846802605,0.106443786359201,-0.0608178680762721,6.85300706804792e-05,"Atr",0.000189093977696068,0.0608178680762721
0.625640272762486,0.695926031528362,0.0607980222948706,6.89063698839388e-05,"Ewsr1",0.000190066934324072,0.0607980222948706
0.0698042831433482,0.104639228658742,0.0607947231854517,6.89691139837051e-05,"Klhdc8b",0.000190174629073969,0.0607947231854517
0.0687852110944713,0.0885908514261124,0.0607892957192701,6.9072453815846e-05,"4930430F08Rik",0.000190394149576897,0.0607892957192701
0.0866688674560391,0.113511730722895,0.0607706802893479,6.94280082527079e-05,"Gm5617",0.000191308495267764,0.0607706802893479
0.425413794180759,0.45378506549162,0.0607528392185939,6.97703963616906e-05,"Polr2k",0.00019218594589983,0.0607528392185939
0.0822879910428725,0.14584838647235,-0.060745830791929,6.99053314834394e-05,"Ccn1",0.000192491551071763,0.060745830791929
0.172232210042733,0.204956779415639,0.0607349731147286,7.01148647143239e-05,"Decr1",0.000193002289697336,0.0607349731147286
0.0589073109654868,0.0758067047380122,0.0607268957548799,7.02711280668648e-05,"Nudt1",0.000193366094515954,0.0607268957548799
0.0648856475535242,0.0913470102728405,-0.0606939082573192,7.09127247014323e-05,"Letm2",0.000195064690779668,0.0606939082573192
0.191329201212559,0.257981759602616,-0.0606630369777189,7.15181761441905e-05,"Bcl9",0.000196662729739885,0.0606630369777189
0.409035359438139,0.479827696368696,0.0606613652918479,7.15511005773361e-05,"Hadha",0.000196685861950169,0.0606613652918479
0.0944627289903365,0.15137335285795,-0.0606360782732326,7.20508886781269e-05,"Ghr",0.000197991894093592,0.0606360782732326
0.699305066365632,0.723277414196103,0.0606236860224438,7.22970202228447e-05,"Cuta",0.000198600236312258,0.0606236860224438
0.241832780590467,0.28264720557064,0.0606070920077995,7.26278513242256e-05,"Zmat5",0.000199440752575492,0.0606070920077995
0.116240675577863,0.161372940608207,0.0605688034993927,7.33966706540184e-05,"Fam207a",0.000201483026112844,0.0605688034993927
0.100065997960685,0.131418372490878,-0.0604940224826825,7.49204894882912e-05,"Mb21d2",0.00020559576185159,0.0604940224826825
0.365441578250315,0.430107339009543,0.060490367647889,7.49957256410406e-05,"Syngr1",0.000205731864117508,0.060490367647889
0.141867645934202,0.195212705447599,0.060429282959068,7.62637982296633e-05,"Paqr4",0.00020913900102352,0.060429282959068
0.331382809216924,0.367189233202333,-0.060421727708159,7.6422040610806e-05,"Zfp24",0.000209501350823747,0.060421727708159
0.331834327037952,0.420996368825597,0.060416705850117,7.65273935164762e-05,"Gdi1",0.000209718512833403,0.060416705850117
0.0585305650517299,0.072668531948303,-0.0603949190492158,7.69860477266163e-05,"Shld1",0.000210903396025391,0.0603949190492158
0.101287441166348,0.131266398729498,-0.0603787597820274,7.73279083796713e-05,"Zbtb11",0.000211767623494363,0.0603787597820274
0.256689331443746,0.324394585265844,-0.0603695722936533,7.75229154299538e-05,"Tor1aip1",0.000212229230095513,0.0603695722936533
0.157396712823686,0.231649383356943,-0.0603650872997874,7.76182794417643e-05,"Csnk1g1",0.000212417828867911,0.0603650872997874
0.340529632052703,0.407708292711295,0.0603533205280815,7.78690025373592e-05,"Yif1a",0.00021303132504595,0.0603533205280815
0.0749781030392506,0.103489041470074,-0.0603400870265876,7.8151892760743e-05,"Pxk",0.000213732374748535,0.0603400870265876
0.0648809548102721,0.0952673401010907,-0.0603323679412319,7.83173505087211e-05,"Atg16l2",0.000214111897949567,0.0603323679412319
0.0931695982341287,0.141655875371583,-0.0603205814635733,7.85706311902568e-05,"Ncoa7",0.000214731180064925,0.0603205814635733
0.123148094521419,0.164098774102327,0.0603184743892721,7.86159917874098e-05,"Asnsd1",0.000214781994587054,0.0603184743892721
0.122590161461011,0.178616754599247,-0.0603127635602818,7.87390576358121e-05,"Terf1",0.000215044996075479,0.0603127635602818
0.117657512465842,0.15067474193641,0.060304248530642,7.89228909324314e-05,"Phkg2",0.000215473724682487,0.060304248530642
0.509766554414391,0.613384222899334,-0.0602822156193202,7.94004499028024e-05,"Glt8d1",0.000216693226884783,0.0602822156193202
0.454419637021094,0.641495401540505,-0.060281151806482,7.9423576803109e-05,"Sod3",0.000216693226884783,0.060281151806482
0.152203996745163,0.194340437699563,0.0602779217736146,7.94938355442994e-05,"Prcp",0.000216811195243868,0.0602779217736146
0.253617742041746,0.362052650342194,0.0602737483769396,7.95847010339056e-05,"Larp7",0.000216970148848432,0.0602737483769396
0.178904533265467,0.244002447405494,-0.0602727617762135,7.960619618766e-05,"Pcbd2",0.000216970148848432,0.0602727617762135
0.126111658922717,0.175786114643683,-0.0602686100417091,7.96967105146019e-05,"Sec24b",0.000217143091738257,0.0602686100417091
0.214026939532242,0.270241593856223,0.0602603670342739,7.98767093259524e-05,"Fh1",0.000217559645496077,0.0602603670342739
1.98160773757876,1.1694875823741,0.0602331896595365,8.04728944718526e-05,"Art3",0.000219109095772699,0.0602331896595365
0.46143764967128,0.493915202529928,0.060225814480601,8.0635406339697e-05,"Eif3j1",0.000219477103280098,0.060225814480601
0.143471765127477,0.188480670880528,0.0602117238662901,8.09467552390592e-05,"Cyb561d2",0.00022017891793004,0.0602117238662901
0.441809007469979,0.524171965974799,0.0602116616909125,8.09481315919266e-05,"Ralbp1",0.00022017891793004,0.0602116616909125
0.492753927614064,0.537072283444897,0.0602091161733537,8.10044997423686e-05,"Marc2",0.000220257575714255,0.0602091161733537
0.235718065387089,0.313545239828118,0.0601858010967484,8.15225191415037e-05,"Dync1li1",0.000221591020864304,0.0601858010967484
0.238624921767578,0.567184797604264,0.0601827532648605,8.1590467398936e-05,"Rpsa-ps10",0.000221700613074522,0.0601827532648605
0.103657964584406,0.210812559265451,0.0601799627851735,8.16527251768018e-05,"Rpl13a-ps1",0.000221794673939965,0.0601799627851735
0.195497213097947,0.227221066703108,-0.0601708460954998,8.18564386537934e-05,"Stxbp3",0.000222272779613549,0.0601708460954998
0.0984807341806518,0.134741193617811,0.0601654877930001,8.19763945014564e-05,"Pigc",0.000222523203477566,0.0601654877930001
0.182672481018595,0.23095156805518,0.0601563355277798,8.21816696710362e-05,"Rrp7a",0.000223004977152653,0.0601563355277798
1.57417479113591,1.14169143256022,0.0601279823979746,8.28206860627947e-05,"Spcs1",0.00022466301046919,0.0601279823979746
0.232906615588333,0.292059537608589,0.060125495612921,8.28769560184475e-05,"Sdhaf1",0.000224739673907409,0.060125495612921
0.154881625111348,0.193960381341637,-0.0600848432453598,8.38019581597489e-05,"Cbl",0.000227164698398267,0.0600848432453598
0.390006011107271,0.817930090096428,0.0600837114306268,8.38278504433287e-05,"Shfm1",0.000227164698398267,0.0600837114306268
0.0568785798574659,0.0751819231236023,-0.0600778015520249,8.3963172277106e-05,"Prag1",0.000227454589585246,0.0600778015520249
0.404100812780388,0.467701062635115,0.0600411732040039,8.4806486328918e-05,"Tnfrsf21",0.000229661574857657,0.0600411732040039
0.355620588317186,0.426647741966921,0.0600385065763604,8.48681929544208e-05,"Copz1",0.000229751140440713,0.0600385065763604
0.165422435402615,0.214706806920446,-0.0600323051232764,8.50118606310299e-05,"Rc3h2",0.000230062451839252,0.0600323051232764
0.179114843677356,0.24667109642995,0.0600044401856084,8.56602413769039e-05,"Rwdd4a",0.000231738967231381,0.0600044401856084
0.0735421908633592,0.114976144368288,-0.0599938170065037,8.59086565270469e-05,"Strada",0.000232332679465125,0.0599938170065037
0.307786263098386,0.42766066375746,-0.059970988706563,8.6444783517065e-05,"Aff4",0.000233703821745596,0.059970988706563
0.229164514182212,0.303642565999054,0.0599570792511283,8.67729974705392e-05,"Nsun2",0.000234512135972922,0.0599570792511283
0.132182611098311,0.191894737100793,-0.059946170867969,8.70312198393924e-05,"Elk4",0.000235130810771476,0.059946170867969
0.197276165190466,0.266372536276678,-0.0599386537684338,8.72095862232098e-05,"Herc2",0.000235533396114115,0.0599386537684338
0.777781692794557,0.777692990546463,0.0599313576671704,8.73830388767261e-05,"Snx3",0.000235922444127473,0.0599313576671704
0.240781770216325,0.338583100888081,0.0599187762977542,8.76829055643511e-05,"Tomm70a",0.000236652416497932,0.0599187762977542
0.496170502551521,0.558295594959256,0.0599151960794322,8.77684146168596e-05,"Ech1",0.000236803550398682,0.0599151960794322
0.550041261513296,0.748984681020376,0.0598683307265908,8.8895022869886e-05,"Dusp6",0.000239762575969064,0.0598683307265908
0.774333418059205,0.74487163533163,0.0598644599759439,8.89886808578248e-05,"Ndufb7",0.000239886389401238,0.0598644599759439
0.2767854549037,0.329520526727737,0.0598639626740759,8.90007204944524e-05,"Bex3",0.000239886389401238,0.0598639626740759
0.10543995420143,0.139977679003368,0.0598565068104038,8.9181410845955e-05,"Fam122a",0.000240292693293467,0.0598565068104038
0.258416747181231,0.378341695669145,0.0598460291996242,8.94359177715831e-05,"Plekha7",0.000240897550922854,0.0598460291996242
0.0820056353306523,0.117759343540336,-0.0598437208777919,8.94920803007888e-05,"Rab40c",0.000240967937024674,0.0598437208777919
0.106767202882512,0.160689111096205,-0.0598385042687166,8.96191254959312e-05,"Pkd1",0.000241229071781064,0.0598385042687166
0.254671773090827,0.319904454572757,0.0598122864272599,9.02602173849772e-05,"Ppm1g",0.00024287323417071,0.0598122864272599
0.165602929207494,0.220430063734431,0.0598012750527515,9.05307623197248e-05,"Nus1",0.000243519556437637,0.0598012750527515
0.0601909395042566,0.085316802663967,0.0597894845109428,9.08212998983891e-05,"Ints12",0.000244219205892987,0.0597894845109428
0.703799495375445,0.690533464573187,0.059751765033512,9.17566922072546e-05,"Sumo1",0.000246651825216419,0.059751765033512
0.168270863582016,0.208254869865959,0.0596881423514431,9.33550907934735e-05,"Wdr18",0.000250785449128153,0.0596881423514431
0.144018430231526,0.191670364885397,-0.0596880690970518,9.33569462295356e-05,"March6",0.000250785449128153,0.0596880690970518
0.620116508622329,0.726932848135572,0.0596779084673644,9.3614639009217e-05,"Ubxn4",0.000251377163991548,0.0596779084673644
0.340508822875398,0.448258914430682,-0.0596769149193158,9.36398732765128e-05,"Phip",0.000251377163991548,0.0596769149193158
0.693047126701138,0.704413862498074,0.0596642026472609,9.39633085002364e-05,"Capza2",0.000252161066022039,0.0596642026472609
0.27972077920612,0.394568590391765,-0.059642157826791,9.45266910491643e-05,"Fbxo11",0.000253588154121864,0.059642157826791
0.0695125954921282,0.105723046270628,-0.0596242162539482,9.49875621816507e-05,"Grk4",0.000254739371305336,0.0596242162539482
0.303312780295134,0.386073303705366,-0.059611741581036,9.53092524617216e-05,"Srebf2",0.000255516686185384,0.059611741581036
0.127462430012422,0.179548768663198,-0.0595830320913279,9.60535087837228e-05,"Camsap2",0.000257425970100398,0.0595830320913279
0.184666425254996,0.239453543385034,0.0595683360238991,9.6436604764488e-05,"Zfp560",0.000258366382848164,0.0595683360238991
0.0794536120022477,0.133433169341046,0.0595650181774294,9.65232934611113e-05,"2810474O19Rik",0.000258512318668878,0.0595650181774294
0.0963298242327726,0.118574095575641,0.0595480726299763,9.69671950892824e-05,"2810001G20Rik",0.000259614539004472,0.0595480726299763
0.0811210146673346,0.150048446356415,0.059545624967724,9.70314725155277e-05,"Vat1l",0.000259699978473847,0.059545624967724
0.127010468131662,0.171074488370762,-0.0595416798134709,9.71351598471039e-05,"Specc1l",0.000259890804472545,0.0595416798134709
0.199233519874265,0.269842778357292,-0.0595244928296879,9.75880929702801e-05,"Usp47",0.000261015619331176,0.0595244928296879
0.116298605687912,0.150269731280744,0.0594990729170594,9.82616463494897e-05,"Trim27",0.000262729573578242,0.0594990729170594
0.497436466594771,0.593859134083468,0.0594860452198433,9.86085403896015e-05,"Kcnj10",0.000263569263186597,0.0594860452198433
0.0629880092286173,0.084187643811237,-0.0594764506135391,9.88647587413711e-05,"Sipa1l3",0.000264166108604982,0.0594764506135391
0.306716074954718,0.430361025404874,0.059469980758424,9.90378869749146e-05,"Ddx21",0.000264540614209958,0.059469980758424
0.200619191026509,0.370823301836764,-0.0594441029249282,9.97332223935986e-05,"Sfrp1",0.00026630927670091,0.0594441029249282
2.52933632543098,3.6897124053339,-0.0594398553271262,9.98477942460299e-05,"mt-Co2",0.000266526513982084,0.0594398553271262
0.0733952223176789,0.11303336082516,-0.0594376912554122,9.9906214212976e-05,"Pi4kb",0.000266593768821057,0.0594376912554122
0.114270920509904,0.15076439013731,0.0594223552906101,0.000100321139781236,"Exosc9",0.000267611976597287,0.0594223552906101
0.357999933776799,0.658056737713303,-0.0593868305790598,0.000101288541198613,"Sdk1",0.000270102776529635,0.0593868305790598
0.257283281186081,0.312122938108607,0.0593580461078849,0.000102078842548575,"Bcl10",0.000272119811498261,0.0593580461078849
0.374646281343094,0.472671877072369,-0.059338892139545,0.000102607950533853,"Cul1",0.000273439453697655,0.059338892139545
0.084423368957379,0.116438070234555,-0.0593345633244015,0.000102727887402084,"Ctps2",0.00027366818343769,0.0593345633244015
0.668632440368369,0.805404704243073,0.0593276869530124,0.000102918680441498,"Lamc1",0.000274085460292925,0.0593276869530124
0.165152624951,0.213194112987501,0.0593125635708741,0.000103339473402032,"Dram2",0.000275026964930548,0.0593125635708741
0.290953310433379,0.349215608323794,0.0593125172360449,0.000103340765112862,"Bad",0.000275026964930548,0.0593125172360449
0.144703332524041,0.197923826347949,0.0592884658934462,0.000104013322537608,"Tprkb",0.000276725099483344,0.0592884658934462
0.665946851498797,0.709446408284848,0.0592657217320826,0.000104653123855877,"Dnajc7",0.000278334990327994,0.0592657217320826
0.180337287847902,0.225166496431198,0.0592440161867472,0.000105267169325326,"Pop4",0.000279875336867599,0.0592440161867472
0.0704535594539655,0.11145063091666,-0.0592253124676706,0.000105799018406446,"Ets1",0.000281196198639723,0.0592253124676706
0.0851603209748182,0.113869493634139,-0.0592228622026731,0.000105868880339506,"H2-T22",0.000281288707233177,0.0592228622026731
0.224480192289421,0.309181707461116,-0.0591974095664409,0.000106597164114561,"Kmt2a",0.000283129971815702,0.0591974095664409
0.107583291076881,0.138866807057496,-0.0591748064205319,0.000107247873935839,"Lactb2",0.000284764043832288,0.0591748064205319
0.113805813966643,0.154937228364538,0.059140416203422,0.000108245106547883,"Xrcc1",0.000287316816056968,0.059140416203422
0.193894914843803,0.253299374277951,0.0591160225219376,0.000108957758929523,"Keap1",0.000289112783614582,0.0591160225219376
0.156914488369434,0.198808877281749,0.0591078917545008,0.000109196277954183,"Sptlc1",0.000289583104285083,0.0591078917545008
0.176759877374234,0.220474047865791,-0.059107520260104,0.000109207187632934,"Cenpb",0.000289583104285083,0.059107520260104
0.121491029826978,0.157986598785519,0.0591027185089799,0.000109348293241964,"Zfp358",0.000289861481656266,0.0591027185089799
0.0680840145800604,0.0954669916963044,-0.0590839823094861,0.000109900526627917,"Cers6",0.000291229136612419,0.0590839823094861
0.0759650104000679,0.093859674328251,-0.0590629066423111,0.000110524856805948,"Foxp4",0.000292786877190798,0.0590629066423111
0.11905469666964,0.165882862425235,-0.0590540981752836,0.000110786782218113,"Tmem107",0.000293383874758461,0.0590540981752836
0.536993155467738,0.57973010251742,0.0590348427001994,0.000111361395957021,"Ap2s1",0.000294808261682328,0.0590348427001994
0.531092362261631,0.608859189544507,0.059032928785765,0.000111418663484731,"Gal3st1",0.000294825743894979,0.059032928785765
0.0634341578077666,0.0906136096673167,0.0590321663125128,0.000111441485697093,"Mrps2",0.000294825743894979,0.0590321663125128
0.0835178023997923,0.124960754222434,-0.0590118800433405,0.000112050312036584,"Acbd4",0.000296338728998534,0.0590118800433405
0.211417847145712,0.256658236634206,0.0589864679730563,0.00011281739834535,"Ndufaf3",0.000298269128277789,0.0589864679730563
0.175491857968856,0.27195798296512,-0.0589727724646854,0.000113232860397492,"Xrcc4",0.000299268930115111,0.0589727724646854
0.264151712958548,0.367778714425487,0.0589361464683561,0.000114351032680282,"Rmnd5a",0.000302124690887909,0.0589361464683561
0.204729318256484,0.261984669758808,0.058905247772272,0.00011530244148481,"Aasdhppt",0.00030453811404678,0.058905247772272
0.294791927133011,0.35178855581595,0.0588905612963927,0.000115757268171671,"Hagh",0.000305638802174888,0.0588905612963927
0.794105902430514,0.771961674138609,0.0588558251382759,0.000116839755576079,"Uqcc2",0.000308395460112651,0.0588558251382759
0.226602512447907,0.307044902196192,-0.0588302960263146,0.000117641398914275,"Rftn2",0.000310409268296002,0.0588302960263146
0.173616177590722,0.230214985807446,0.0588059784607968,0.000118409817507024,"Wdr83",0.000312334114292032,0.0588059784607968
0.304977182082841,0.365972302106668,0.058784883482494,0.000119080234445209,"Rtcb",0.000313999277419769,0.058784883482494
0.436974041314513,0.50600286214406,0.0587802204207768,0.00011922891272614,"Rwdd1",0.000314288040642099,0.0587802204207768
0.110247744379255,0.148544173006074,0.0587789559468324,0.000119269259691387,"Ppp1r8",0.00031429114606361,0.0587789559468324
0.673510233397379,0.701556721706416,0.0587178293762436,0.000121235112972137,"Rpn2",0.00031936656155234,0.0587178293762436
0.223274052645157,0.309178145214353,-0.0586987903400951,0.000121853626234269,"Cab39",0.000320853828160201,0.0586987903400951
0.148128553242539,0.208038940662414,0.058697990677063,0.000121879669520475,"Ykt6",0.000320853828160201,0.058697990677063
0.129367701750654,0.168085239980116,0.0586772569574744,0.000122556755811888,"Tmem68",0.000322530471838173,0.0586772569574744
1.03221885801771,0.968384979385616,-0.0586697040616696,0.000122804285018339,"Sox10",0.000323075928848247,0.0586697040616696
0.422797590890826,1.1040472332523,0.05864630423326,0.000123574156168051,"Rps3a3",0.000324994765353144,0.05864630423326
0.141859412446782,0.180047499014039,-0.0586288693479468,0.000124150730847911,"Egln1",0.000326404149516263,0.0586288693479468
0.36806010130938,0.423116961866318,0.0586201395769714,0.000124440377425296,"Commd3",0.000327058496056526,0.0586201395769714
0.167265713615947,0.347796635018758,0.0586182392717985,0.000124503512315838,"Gm10250",0.00032711728317691,0.0586182392717985
0.0722953034450461,0.100983093266131,-0.0585965567292997,0.000125226023668634,"Ipo11",0.000328907893262558,0.0585965567292997
0.103611811325336,0.137322863713729,-0.0585820171549727,0.000125712726099095,"Srcap",0.000330078178736628,0.0585820171549727
0.0827131344416773,0.118453268931444,0.0585756643806715,0.000125925939969074,"Ppat",0.000330529847010746,0.0585756643806715
0.242569556894118,0.322509160020833,-0.0585530049012704,0.000126689223199151,"Nr3c1",0.000332424567347936,0.0585530049012704
0.0938152681868305,0.131380849862876,0.0585459082918184,0.000126929167064311,"Chsy1",0.000332945288173924,0.0585459082918184
0.212437105758456,0.282379311611404,-0.058542033381297,0.000127060362543406,"Sil1",0.000333180506224932,0.058542033381297
0.190985998616716,0.241704154255146,-0.058526704702336,0.000127580609504507,"Ggps1",0.000334435416747522,0.058526704702336
0.0779048201713183,0.110399169352012,-0.0585207501565924,0.000127783244229027,"Dgka",0.000334857201728842,0.0585207501565924
0.283639625542211,0.300782982333778,0.0585162947256893,0.00012793506197289,"Pin4",0.000335145588400413,0.0585162947256893
0.13290943701411,0.171944354946463,-0.0585118201650423,0.000128087702580221,"D5Ertd579e",0.000335435941744025,0.0585118201650423
0.566457870269354,0.654761896066626,0.0584606766137943,0.0001298445934984,"Rbbp4",0.000339925943957965,0.0584606766137943
0.217958750031176,0.280402338248522,0.058436043199368,0.000130698881486638,"Fkbp10",0.000342050823564508,0.058436043199368
0.71738184874925,0.732054386887375,0.0584210572007011,0.000131221184030852,"Mocs2",0.000343305764807159,0.0584210572007011
0.180414913226849,0.311761471537429,-0.0583820363546197,0.000132590405966864,"Immp2l",0.000346774907913337,0.0583820363546197
0.293057848579417,0.36375064543275,0.0583799067573541,0.000132665518386029,"Trappc1",0.000346858298966926,0.0583799067573541
0.062059275084662,0.0804105674622969,0.058378593444251,0.0001327118598567,"Klc2",0.000346866437618944,0.058378593444251
0.120043346914344,0.161190141629479,0.0583495891386029,0.000133739198698822,"Pdcd2",0.000349437750035606,0.0583495891386029
0.15143452497956,0.196779051004314,0.0583482892884161,0.000133785414586554,"Ogfr",0.000349444715703943,0.0583482892884161
0.189749017955525,0.263532258541525,-0.0583321560317809,0.000134360282361716,"Stk3",0.000350832055213279,0.0583321560317809
0.145917696802935,0.223726581941284,-0.0583183915645318,0.000134852582706599,"Smyd3",0.000352002968001871,0.0583183915645318
0.495560071072221,0.558066154748025,0.0583043841674772,0.000135355315428351,"G3bp1",0.000353200341787671,0.0583043841674772
0.276058367065454,0.338914745739821,0.0582935224928447,0.000135746360993814,"Osgep",0.000354105591877231,0.0582935224928447
0.165978336628923,0.236585451725166,-0.0582892552928557,0.000135900281031571,"Elf1",0.000354391893076803,0.0582892552928557
0.527345790550583,0.580559682980745,0.0582859415048632,0.000136019924386169,"Lamtor1",0.000354588652785775,0.0582859415048632
0.174078370656574,0.26054273671627,-0.0582749368331989,0.000136417956940956,"Map1a",0.000355510778335249,0.0582749368331989
0.073038628352552,0.102589507168607,-0.058264822219188,0.0001367847638034,"Zc3h4",0.000356350956090416,0.058264822219188
0.184208840366026,0.249107170886928,-0.0582283791252783,0.000138114090537156,"Dnajc9",0.000359548827790405,0.0582283791252783
0.380234362755717,0.454919720482879,0.0582275461687793,0.000138144615839168,"Srsf10",0.000359548827790405,0.0582275461687793
0.155999643416474,0.201324458111359,0.0582274895918271,0.000138146689441403,"Arf6",0.000359548827790405,0.0582274895918271
0.220501822307976,0.293380808896837,0.0582165086301577,0.000138549708105,"Hars",0.000360480822903541,0.0582165086301577
0.144072618422658,0.188591169175526,-0.0582127228673406,0.000138688908039723,"Cryl1",0.000360726028561017,0.0582127228673406
0.132742890057411,0.169507586922612,0.0582109735067797,0.000138753275319047,"Mrpl44",0.000360776500699947,0.0582109735067797
0.0842444775400547,0.116004925248482,0.0582035704624515,0.000139025979994843,"Rogdi",0.000361368468894921,0.0582035704624515
0.239857121163046,0.298721390859932,0.0581830755261289,0.00013978358341877,"Dap3",0.000363220036707323,0.0581830755261289
0.686727695145206,0.720665796165861,0.0581816148123046,0.000139837727416711,"Ndufb6",0.000363243096403913,0.0581816148123046
0.121644324194182,0.192496558212952,-0.0581745503188721,0.00014009986444174,"Sp1",0.000363806249928972,0.0581745503188721
0.586903786587315,0.706921366957141,0.0581253544950331,0.000141938208528242,"Cyb5r3",0.000368460752258367,0.0581253544950331
0.124563052493925,0.19163058132243,-0.0580681873827665,0.000144102947019923,"Fam13b",0.000373959264840835,0.0580681873827665
0.0956854175213923,0.140800058764897,-0.0580492514456093,0.000144826817390016,"Eya3",0.000375716256947134,0.0580492514456093
0.498921433289604,0.557055681860773,0.0580359642148118,0.000145336794904929,"Smap1",0.000376917402171025,0.0580359642148118
0.127062427708254,0.157647560943189,-0.0580012713910644,0.000146676321374485,"Vps50",0.000380268433831622,0.0580012713910644
0.0809277340672458,0.109160722901259,0.0579788078238546,0.000147549852491822,"Zmym3",0.000382409566018857,0.0579788078238546
0.183033012629487,0.239443712206412,0.0579677031053287,0.000147983483303524,"Atf6b",0.000383409580247812,0.0579677031053287
0.0897004926121622,0.119733059612889,0.0579546602385466,0.000148494329051591,"Cry2",0.000384608940061319,0.0579546602385466
0.149478032803323,0.201683751861936,0.0579508939846702,0.000148642149247579,"Thumpd1",0.000384867571978888,0.0579508939846702
0.139432907845055,0.183874393481986,0.0579346653602133,0.000149280685584014,"Slc25a46",0.000386323514238335,0.0579346653602133
0.375304184222307,0.465815115676556,0.0579341564765711,0.000149300749956764,"Oxa1l",0.000386323514238335,0.0579341564765711
0.0583654920418917,0.0776598113510865,0.0579084224727584,0.000150318711639866,"1810024B03Rik",0.000388814651950699,0.0579084224727584
0.495271202079631,0.554868840285634,0.0579073720448604,0.000150360401919619,"Ctbp1",0.000388814651950699,0.0579073720448604
0.142282787832249,0.186772881417356,-0.0578972512938004,0.000150762640813315,"Paqr8",0.000389729197772564,0.0578972512938004
0.0834276807455757,0.11642420288466,-0.0578832561461624,0.000151320532232404,"Dync2h1",0.000391045394728764,0.0578832561461624
0.128191681661262,0.185470281380512,-0.0578435271081007,0.000152914863324463,"E130308A19Rik",0.00039503826893609,0.0578435271081007
0.241803309465945,0.290633985585913,0.0578404847527836,0.000153037602742445,"Mrpl22",0.000395228105698546,0.0578404847527836
0.267817071724294,0.321445035870747,0.0578277575342972,0.000153552069731668,"Tcf3",0.000396429153000933,0.0578277575342972
1.26020469956317,1.20650752735194,0.0578093484899751,0.000154299090797108,"Aatk",0.000398229625138628,0.0578093484899751
0.0914196331789962,0.133899525940627,-0.0577927939266467,0.000154973777771061,"1810013L24Rik",0.000399842312808679,0.0577927939266467
0.105639500511937,0.151705731973819,-0.0577641834597009,0.000156146355761937,"Bcl6",0.000402738141637347,0.0577641834597009
0.0741524508273966,0.112300285569825,-0.0577628001500831,0.000156203260659637,"Med14",0.000402755451006725,0.0577628001500831
0.130133657001019,0.193277152720069,-0.0577050217264561,0.00015859758126869,"Setx",0.000408797620334072,0.0577050217264561
0.0742208069659039,0.108222556663641,-0.0576781111439771,0.00015972449443899,"Usp45",0.000411537851098158,0.0576781111439771
1.24132191961123,1.00349230399693,0.0576771885836478,0.00015976326098838,"Gnb2",0.000411537851098158,0.0576771885836478
0.8756997676556,1.01059783875869,-0.0576710923309151,0.000160019651829043,"Map4",0.000412066009716381,0.0576710923309151
0.319205622120308,0.37962300510437,0.0576662412422373,0.000160223951148365,"Pdha1",0.000412459731798037,0.0576662412422373
0.0727689512798585,0.0969800533962475,-0.0576468346578655,0.000161043698998459,"Pi4k2b",0.000414437023978075,0.0576468346578655
0.565518150515229,0.61650982476902,0.0576393744263448,0.000161359872966041,"Tbcb",0.000415117544302506,0.0576393744263448
0.161327662432326,0.239834941039018,-0.0576359633610909,0.000161504632628209,"Prr14l",0.000415356785964343,0.0576359633610909
0.127278879973628,0.167687920812328,-0.0576169964561427,0.000162311785606486,"A930009A15Rik",0.000417298868217381,0.0576169964561427
0.124274083375374,0.154923873696155,-0.0576139073641413,0.000162443603341997,"Stk24",0.000417503995264632,0.0576139073641413
0.0593568616682314,0.0818359458877913,0.0575756271686211,0.000164085473299066,"Nudt6",0.000421588804915691,0.0575756271686211
0.307681133540296,0.382889682207308,0.0575542150031023,0.000165010653185729,"Gorasp2",0.000423830179629414,0.0575542150031023
0.562614850234902,0.783072386412221,0.0575473898342519,0.000165306585705934,"Fstl1",0.000424454413985413,0.0575473898342519
0.267686172167993,0.371425326945678,0.057542088996952,0.000165536769024158,"Dnajb12",0.000424909480054332,0.057542088996952
0.521621326120869,0.606957427888346,-0.0575350812778546,0.000165841534587566,"Mid1ip1",0.000425555635922811,0.0575350812778546
0.185305590881787,0.259414103668223,-0.0574872077314033,0.000167937712855731,"Hmg20a",0.000430796741673396,0.0574872077314033
0.11329487787011,0.184871777696747,-0.0574837607897506,0.000168089597273322,"Plekhg1",0.000431048554976393,0.0574837607897506
0.287873346798602,0.366112797408656,0.0574729711855834,0.000168565860748286,"Smpd2",0.00043213177848059,0.0574729711855834
0.240508327908486,0.298846843995949,0.0574707234073724,0.000168665239417726,"Snrnp40",0.000432248444933834,0.0574707234073724
0.291473633183006,0.372031092418667,0.0574271821469053,0.000170601187623523,"Tpgs1",0.000437070220144044,0.0574271821469053
0.0918687682656061,0.123967701025302,-0.0574243552154868,0.000170727599293195,"Zfp60",0.000437254470708137,0.0574243552154868
0.0816003826794573,0.105564828390486,-0.0574209185170711,0.000170881396483267,"Ttc8",0.000437508719011401,0.0574209185170711
0.0834260256064518,0.109294711798332,0.0574159070438429,0.000171105900606043,"Cars",0.00043794377877604,0.0574159070438429
0.188774424099604,0.254538497527363,0.0573979278452328,0.000171913617563387,"Rars",0.000439870812285912,0.0573979278452328
0.265649001159246,0.347903973513596,0.0573603426237641,0.000173613731173772,"Abhd16a",0.000444079240974928,0.0573603426237641
0.0979850193740178,0.192421420704714,-0.0573330744184995,0.000174857049616933,"Anxa1",0.000447116942678863,0.0573330744184995
0.068432615654517,0.111489568035178,-0.0573167112476697,0.000175607156739912,"Cacna1a",0.000448891948289601,0.0573167112476697
0.183401688911333,0.250388292096422,-0.0572397472735897,0.000179176028514203,"Chd7",0.000457649737078832,0.0572397472735897
0.16884803068042,0.234066657329119,-0.0572391536796773,0.000179203816936091,"Fndc3a",0.000457649737078832,0.0572391536796773
0.111239953891229,0.15018264597137,-0.0572391429072182,0.00017920432127389,"Phtf1",0.000457649737078832,0.0572391429072182
0.164990378114618,0.291529624585451,-0.057208632617896,0.000180638096857636,"Akap12",0.000461164520899037,0.057208632617896
0.0926034809215845,0.126725677619132,-0.057178362135513,0.000182071252726632,"Virma",0.000464675487238708,0.057178362135513
0.118192917801984,0.16314172156454,0.0571706316992991,0.000182438959438962,"Col9a3",0.000465465885703729,0.0571706316992991
0.374179624574,0.501849443040782,-0.0571657977210466,0.000182669247476757,"Tnrc6c",0.000465905289813572,0.0571657977210466
0.0949010918236077,0.132634013863877,-0.0571420352350438,0.000183805256676854,"Sav1",0.000468653759000659,0.0571420352350438
0.194399955804011,0.223096343171019,0.0571387935508977,0.000183960744975806,"Mindy3",0.000468765814834003,0.0571387935508977
0.574422322132969,0.73992387734925,0.0571386830840473,0.000183966045726854,"P4hb",0.000468765814834003,0.0571386830840473
0.30857699549671,0.334582781135642,0.0571324858239932,0.000184263651215669,"Ube2v2",0.000469375091223659,0.0571324858239932
0.433820270577948,0.521804065145829,0.0571270194264177,0.0001845265346339,"Sri",0.000469895561378107,0.0571270194264177
0.123355330213555,0.171845508150166,0.057104096890914,0.000185632740097957,"Zdhhc8",0.000472562533802667,0.057104096890914
0.0731859816547149,0.102782704093198,-0.0570925809363356,0.000186190830777098,"Fuom",0.000473832929323004,0.0570925809363356
0.125894590075069,0.16893226173002,0.057046298374403,0.000188449734835056,"Nelfcd",0.000479429509295018,0.057046298374403
0.215664630753039,0.268385853356099,0.057041432326426,0.000188688721279219,"Rnf4",0.000479885356432474,0.057041432326426
0.481414244950238,0.559459528475179,0.0569972053682389,0.000190873935910637,"Psmd1",0.000485289119691682,0.0569972053682389
0.197456202234109,0.216552729466852,0.0569927675265943,0.000191094513419152,"Smim26",0.000485696032839808,0.0569927675265943
0.757752230391122,0.799326845283482,0.0569529335720906,0.000193085161581773,"Srsf11",0.000490600169896184,0.0569529335720906
0.0776452922536275,0.110284125743281,-0.0569282136046453,0.000194330286944806,"Jpx",0.000493607541134891,0.0569282136046453
0.714474601133445,0.8326036136645,0.0569152117309907,0.000194988204102132,"Hnrnpdl",0.000495121946112502,0.0569152117309907
0.450616689151365,0.518447140813384,0.0569017875449303,0.00019566968599134,"Txn2",0.00049669521050127,0.0569017875449303
0.145974164146053,0.197659523862245,0.0568814174194939,0.000196708054588362,"Kat5",0.000499173127772618,0.0568814174194939
0.101166639816224,0.139346483312823,0.056868638039837,0.000197362124117015,"Bnip1",0.000500674576008515,0.056868638039837
0.147781290677472,0.225604761919803,0.0568659442868198,0.000197500255223102,"Piezo2",0.000500866639668197,0.0568659442868198
0.0807200178189494,0.110141999126172,-0.0568578081348773,0.000197918014880957,"Fam214a",0.000501767504393302,0.0568578081348773
0.213109351567954,0.307749992896842,-0.0568281350973588,0.000199448653394369,"Atp9b",0.000505488311698175,0.0568281350973588
0.313175652277875,0.425401661304719,-0.0568255669530734,0.000199581648646962,"Rsbn1l",0.00050566566111248,0.0568255669530734
0.657458284061075,0.712475504415977,0.0568195140714973,0.000199895435880385,"Ndufa1",0.000506300813606127,0.0568195140714973
0.251175302096055,0.326157186845093,-0.0568171129849917,0.000200020038833919,"Rasa1",0.000506456545157264,0.0568171129849917
0.684394443890435,0.718802837109896,0.0567878610164801,0.000201543921639218,"Ndufv3",0.000510154077991508,0.0567878610164801
0.0637368908262328,0.0891215614486204,-0.0567854417123529,0.000201670442366584,"Iqsec1",0.000510171405516807,0.0567854417123529
0.592564676314255,0.62600517581332,0.0567852986086338,0.000201677928501908,"Lamtor5",0.000510171405516807,0.0567852986086338
0.112333942550795,0.161647721433338,-0.0567267334382005,0.00020476363247931,"Pxdc1",0.000517813862910174,0.0567267334382005
0.278134421344514,0.55398333329347,0.0567067363679541,0.000205827359781208,"Myeov2",0.000520339866063143,0.0567067363679541
0.234118782144185,0.308121142313909,0.0566907571426946,0.00020668108857553,"2310033P09Rik",0.000522333560544899,0.0566907571426946
0.181088616467409,0.251472531255425,-0.0566716371203458,0.000207706991389893,"Cdc73",0.000524760988322577,0.0566716371203458
0.0960817510678905,0.136593465479371,0.0566589779960289,0.000208388857283995,"Tmem50b",0.000526317970049347,0.0566589779960289
0.220427284435297,0.301500330243618,0.056652960714247,0.000208713706087892,"Tmem242",0.000526972554326384,0.056652960714247
0.597159182402337,0.688591610625998,0.056646990683157,0.000209036473826809,"Tpm3",0.000527621474044139,0.056646990683157
0.154243909341874,0.197825161132828,0.0566394520577437,0.000209444716615836,"Ugp2",0.000528485662303607,0.0566394520577437
0.221275472381553,0.460721891856657,0.0566357292821659,0.000209646593845217,"Setd8",0.000528828754798497,0.0566357292821659
0.0808782485341849,0.093081565121884,0.0566299911394164,0.000209958117456802,"Pym1",0.000529448125227335,0.0566299911394164
0.515429883559054,0.608967567153583,0.0566022671011863,0.000211469386687682,"Maged1",0.000533091535903851,0.0566022671011863
0.0589175149684975,0.0824415265809521,-0.0565630318142271,0.00021362560742393,"Zbtb41",0.000538358000618597,0.0565630318142271
0.14150545088127,0.179841602421032,-0.0565521123902653,0.000214229358090037,"Camk2n1",0.000539710006064193,0.0565521123902653
0.2411544431652,0.325686327514302,-0.0565223443353553,0.000215883421968596,"R3hdm2",0.000543706396069057,0.0565223443353553
0.106009071268234,0.137830500760029,0.056510461753812,0.000216547019842989,"Tbl3",0.000545206553881438,0.056510461753812
0.28247744017329,0.34084276305179,0.0564980393047325,0.000217242814064055,"Lsm1",0.000546786806791084,0.0564980393047325
0.0621577035011218,0.0839619719831219,-0.0564671152703651,0.000218984025711921,"Zyx",0.000550996494923944,0.0564671152703651
0.0617143232303681,0.0978790123789623,-0.0564594488506114,0.000219417713450089,"Cmtm4",0.000551914649756588,0.0564594488506114
0.0639812623104835,0.0935033660102034,-0.0564566385872539,0.000219576891256633,"Styx",0.000552141954071835,0.0564566385872539
0.0854270148968297,0.111571481523548,0.0564379004671791,0.000220641021959512,"1810055G02Rik",0.000554643972494712,0.0564379004671791
0.511706486592557,0.619720755821336,-0.0564231863004258,0.00022148002427195,"Lims1",0.000556578676717233,0.0564231863004258
0.360884184380811,0.522710548255017,-0.0564200775708988,0.000221657666820069,"Specc1",0.000556850694603705,0.0564200775708988
0.113386680417617,0.155854014989995,0.0564136005720978,0.000222028212428356,"Lxn",0.000557607003607239,0.0564136005720978
0.113762735692171,0.160969418381727,-0.056408241252108,0.000222335255648914,"Pak1",0.0005582034077994,0.056408241252108
0.236233793589201,0.321206500744587,-0.0563965705297748,0.000223005267459923,"Oxr1",0.000559710436690155,0.0563965705297748
0.122112005289539,0.164766872744754,0.0563900580328331,0.000223379970653481,"Bloc1s4",0.000560475573647134,0.0563900580328331
0.496411280597323,0.584479004378627,0.0563693068415001,0.000224577855994331,"Bnip2",0.000563305006720385,0.0563693068415001
0.154409432114578,0.233988654773715,0.0563506975614032,0.000225657221224043,"Dhcr24",0.000565835482219288,0.0563506975614032
0.0718283061445521,0.122351436832568,0.0563464015877027,0.000225907084544104,"2810403A07Rik",0.000566285050416085,0.0563464015877027
0.140406431012296,0.189649535363,0.0563329975621324,0.000226688361928794,"Mettl5",0.000568066026270033,0.0563329975621324
0.209736586807708,0.288545457387545,-0.0563148674656212,0.000227749140944082,"Cflar",0.000570546083963569,0.0563148674656212
0.569750888885203,0.676987760965902,-0.0562935218796053,0.00022900402532477,"Pbrm1",0.00057351070512046,0.0562935218796053
0.411326453651281,0.527899387644691,-0.0562919859893897,0.000229094568408077,"Usp34",0.000573558445212608,0.0562919859893897
0.468416654551814,0.571799735279289,-0.0562458980499201,0.00023182720010889,"S100a1",0.000580218794034229,0.0562458980499201
0.536194815869807,0.567916227617681,0.0562313504570676,0.000232696081112411,"Srp9",0.000582211835000307,0.0562313504570676
0.461974618977256,0.519935462508448,0.0561995354353279,0.000234606947605426,"Psmd2",0.000586767928518936,0.0561995354353279
0.081578824874809,0.100493936409324,0.0561986009650336,0.000234663295440836,"Pusl1",0.000586767928518936,0.0561986009650336
0.248610216748784,0.316752858687483,-0.0561408768351943,0.000238168732622779,"Csad",0.000595347635690087,0.0561408768351943
0.139326958540023,0.180334754013258,0.0561295822529495,0.00023886034345222,"Srd5a3",0.000596890500112306,0.0561295822529495
0.132834589737387,0.178379771205925,0.0561227288914162,0.000239280918992264,"Cpped1",0.000597755321915918,0.0561227288914162
0.0983792620801627,0.12744823231486,-0.0561152056634095,0.000239743402390974,"Snx9",0.000598724264172169,0.0561152056634095
0.22884095964741,0.280518753713514,0.0561059560977182,0.000240313159797507,"Cops7a",0.000599960421348847,0.0561059560977182
0.131732797854576,0.172911655406083,0.0560894590642903,0.000241332502339583,"Creld1",0.000602317884532757,0.0560894590642903
0.0591323137118369,0.0771334120173817,0.0560722870493225,0.000242397857950402,"Elac2",0.000604788685383715,0.0560722870493225
0.91738935758091,0.921065365581518,0.0560661341968397,0.000242780654378702,"Srsf5",0.000605555477381008,0.0560661341968397
0.138653764553901,0.192049648532663,0.0560596645769215,0.000243183769718479,"Bysl",0.000606372457495674,0.0560596645769215
0.844670406153598,0.855700221649352,0.0560560586204779,0.000243408725482944,"Mat2a",0.000606465888682563,0.0560560586204779
0.420807136621239,0.519296113066675,-0.0560558614386694,0.000243421032195598,"Wasf2",0.000606465888682563,0.0560558614386694
0.107685172348579,0.144241663276619,-0.0560554061670249,0.000243449449303991,"Rbbp9",0.000606465888682563,0.0560554061670249
0.336499157108213,0.42565585036577,0.0560542189753858,0.000243523565968995,"Fip1l1",0.000606465888682563,0.0560542189753858
0.231403533138824,0.325658493531896,-0.0560295273788268,0.00024506987335875,"Tmod3",0.000610127416639967,0.0560295273788268
0.217825733122995,0.262551679533027,-0.0560127113599703,0.000246128239221622,"Wapl",0.000612572267839423,0.0560127113599703
0.0731229627066503,0.120386111592536,-0.0560099288382659,0.000246303778175435,"Prickle1",0.000612819074753391,0.0560099288382659
0.616705266207593,0.71778505657648,-0.0559947817430406,0.000247261412827747,"Ppp2r2a",0.000615011028062568,0.0559947817430406
1.25695320928735,1.15381478833033,0.0559919556185265,0.000247440473015921,"Gm10076",0.000615265681896422,0.0559919556185265
0.20165755042926,0.249069151853835,0.0559512149504527,0.000250035305028733,"Qdpr",0.0006215251820169,0.0559512149504527
0.0665083346746096,0.0939367654957417,-0.0559192869522011,0.000252086653558569,"Ahr",0.000626430259570752,0.0559192869522011
0.350223417958801,0.465259501685836,-0.0559176644812588,0.000252191316137146,"Chd6",0.00062649632219333,0.0559176644812588
0.111755017535926,0.183388282441293,-0.0559146065262017,0.000252388689881135,"Cd74",0.000626792586693353,0.0559146065262017
0.0890397025929171,0.117458514572786,0.0558630484219138,0.000255738356567494,"Trmt61a",0.000634914781280189,0.0558630484219138
0.110860693658365,0.159968438995373,-0.055855178694069,0.000256253294224008,"Sfmbt1",0.000635880826783758,0.055855178694069
0.50681533210819,0.601110869682528,0.0558546798706449,0.000256285966328349,"Rnf130",0.000635880826783758,0.0558546798706449
0.163498629511582,0.235218873155883,-0.0558170905829442,0.00025875926695299,"Fam168b",0.000641818966933783,0.0558170905829442
0.165836639587478,0.234153978042718,0.0557961621143679,0.000260145996769797,"Cdk5",0.000645059171223997,0.0557961621143679
0.105208259202354,0.142880416383275,-0.0557808117590296,0.000261167543153171,"Kdm3b",0.00064739214280539,0.0557808117590296
0.336974899209855,0.393660736850572,0.0557600673251303,0.000262554033030201,"Tex261",0.000650628029967366,0.0557600673251303
0.115347456777007,0.164035727100098,-0.0557545779591937,0.000262922076812413,"Hspa4l",0.000651338914585614,0.0557545779591937
0.277546746684853,0.350723977599583,0.0557424684257424,0.000263735691390789,"Wtap",0.000653152835715955,0.0557424684257424
0.240110633631079,0.314618246604027,-0.0557274187860704,0.000264750134177007,"Alyref",0.00065546284376313,0.0557274187860704
0.11752239309337,0.16510390867186,-0.05564848363857,0.000270131029123734,"Abat",0.000668578463198286,0.05564848363857
0.0865860452985855,0.114886922904568,0.0555949408829283,0.000273839107317456,"Got1",0.000677547023470634,0.0555949408829283
0.0640305039921774,0.0928689073867278,0.055593081124934,0.000273968756967885,"Kri1",0.000677658848924264,0.055593081124934
0.0821884112360465,0.11373734147155,-0.0555809322459629,0.000274817109935934,"Gm49708",0.000679547762750674,0.0555809322459629
0.128512016821397,0.17789204698883,-0.0555794833441372,0.000274918450464152,"Pnmal2",0.000679588923759815,0.0555794833441372
0.0842269559800492,0.112938309302526,0.0555596318145123,0.000276310456482476,"Cox10",0.000682819557380779,0.0555596318145123
0.192896706378465,0.249635241967593,-0.0555522676031903,0.000276828518196027,"Btbd7",0.000683889171799546,0.0555522676031903
0.120517550705527,0.164105363427002,0.0555372518481431,0.000277887675628054,"Tbpl1",0.000686294462677595,0.0555372518481431
0.128296061191209,0.160172013637445,0.0555223834690472,0.000278940177275994,"Mboat7",0.000688681840757715,0.0555223834690472
0.449289683005389,0.516979548093764,0.055488627147777,0.000281343596118765,"Ilf2",0.000694402034837578,0.055488627147777
0.151736884426454,0.199718553721504,0.055465298497494,0.00028301589452379,"Slc24a5",0.00069831474097752,0.055465298497494
0.11127120169003,0.147511228512501,-0.0554497657656676,0.00028413450622161,"Trerf1",0.000700859292321611,0.0554497657656676
0.243923209838041,0.329204770222854,-0.0554274993326023,0.000285745279759246,"Faf1",0.000704615895755438,0.0554274993326023
0.331873528110097,0.415545346489624,0.0554215952375932,0.000286173819523633,"Gtpbp4",0.000705455830371008,0.0554215952375932
0.125040249894991,0.17273359314359,0.0554062323718743,0.000287291732350108,"Zdhhc16",0.000707994121737491,0.0554062323718743
0.186619013212899,0.255916239965042,0.0553980053779417,0.000287892067953421,"Sart1",0.000709255742480273,0.0553980053779417
0.0961092762272712,0.120681233541407,0.0553447550334762,0.000291806324857506,"Hyal2",0.00071867831511867,0.0553447550334762
0.251470527345943,0.347620113556136,0.05534238405474,0.000291981761236332,"Rabggtb",0.000718889736778254,0.05534238405474
0.0621684017244599,0.0881740772141853,-0.0553325804852385,0.000292708208048135,"Msantd2",0.000720457258091482,0.0553325804852385
0.170527455848223,0.23378846403253,0.0553311260078067,0.00029281612923109,"Atad3a",0.000720501877016333,0.0553311260078067
0.0850719206885542,0.133045834967774,-0.0553290621682431,0.000292969328593532,"Arhgef25",0.000720657845688074,0.0553290621682431
0.0618025355339583,0.0782786939053634,0.0553168831151404,0.000293874912330815,"Zfp2",0.000722663897193521,0.0553168831151404
0.0580187335842887,0.0679602887379809,0.0553076787850976,0.000294561046287031,"Coa7",0.000724129238788952,0.0553076787850976
0.110755635733444,0.147337487642311,0.0552922393167037,0.000295715346115241,"Med17",0.000726744238048604,0.0552922393167037
0.0526901685501034,0.0605746791191899,0.0552599566218895,0.000298142594418106,"Gm26724",0.000732485051319927,0.0552599566218895
0.174901789150008,0.402280714929491,0.0552561711369716,0.000298428433462027,"Gm8420",0.000732962886470555,0.0552561711369716
0.17392434188495,0.249352490745949,-0.0552153675598158,0.00030152581101593,"Cep170",0.000740343668173752,0.0552153675598158
0.144923875333422,0.196424096417262,0.0551742927338849,0.000304674155794778,"Clk3",0.000747699221330626,0.0551742927338849
0.182026806984338,0.263044466074583,-0.0551738542192716,0.000304707932920133,"Clmn",0.000747699221330626,0.0551738542192716
0.59075076858906,0.687568341986708,0.0551704284441904,0.000304971928126885,"Anp32e",0.000748118236407866,0.0551704284441904
0.122419611348595,0.159436031758439,0.0551584032171301,0.00030590030539551,"Zfp410",0.000750166274600725,0.0551584032171301
0.0899260697485574,0.131199489688983,0.0551535240670722,0.000306277741738672,"H1fx",0.000750862389157073,0.0551535240670722
0.113954205541483,0.16089075871766,-0.055114696548409,0.000309296896100224,"Ahctf1",0.000758032466190653,0.055114696548409
1.10894856324361,0.979525230850105,0.0551110583229242,0.000309581220454139,"Myl12a",0.000758497622266873,0.0551110583229242
0.0744299989048614,0.0995610618097282,0.0551024723087175,0.000310253180632064,"Zfp513",0.000759911941816754,0.0551024723087175
0.213173315301796,0.26793084212999,0.0550938959438687,0.000310925748243076,"Mkrn1",0.000761326885536297,0.0550938959438687
0.383002196365503,0.511869559929624,-0.0550640276184572,0.000313278720493923,"Atp2b1",0.000766854317645894,0.0550640276184572
0.0798344335386732,0.101848063452565,-0.0550501130212386,0.000314380567841781,"Tmem159",0.000769316766197758,0.0550501130212386
0.137032093818232,0.186505306632651,0.0550320865515277,0.000315813412810998,"Nans",0.000772587446462027,0.0550320865515277
0.227419728586183,0.297211475509452,0.0550227384388073,0.000316558857360896,"Preb",0.000774175029400741,0.0550227384388073
0.0933170049894766,0.137076000819502,-0.0550097503081346,0.00031759730051789,"St7",0.000776477982740875,0.0550097503081346
1.22957309113186,1.24176119234879,0.0550033843987174,0.000318107438906607,"Hspa5",0.000777488300270063,0.0550033843987174
0.076793171198813,0.111078031638266,-0.0549836413555376,0.000319694447826478,"Srbd1",0.000781129186772126,0.0549836413555376
0.230656598109749,0.295540226789204,0.0549794294439685,0.000320033972195845,"Wdr43",0.000781720728432103,0.0549794294439685
0.333192493131652,0.433152955475475,0.0549648952737173,0.000321208171896697,"Ssrp1",0.000784350082562111,0.0549648952737173
0.146798963908314,0.208140375577744,-0.0549390014071205,0.000323310103054223,"Dpy19l1",0.000789242551538511,0.0549390014071205
0.239766368392155,0.298168523299493,0.0549356336970246,0.000323584420252111,"Med30",0.000789671955019142,0.0549356336970246
0.297965041828228,0.386971809727797,-0.0549188712155313,0.00032495305248081,"Laptm4b",0.000792770840105204,0.0549188712155313
0.59418624834247,0.642165452894128,0.0549056377241853,0.000326037371407244,"Cdc37",0.000795174428015722,0.0549056377241853
0.126989510578789,0.175394678366687,-0.0548983737618752,0.000326634000243745,"Siah1a",0.000796387486464846,0.0548983737618752
0.512508333691875,0.579337508870576,0.0548864336172748,0.000327616929319084,"Naa38",0.000798541385436308,0.0548864336172748
0.0609153608195685,0.090282674252399,-0.0548822678493811,0.000327960511685942,"Dcbld2",0.000799136090424536,0.0548822678493811
0.196086266632998,0.25398485631461,-0.0548527900638413,0.000330401416674162,"Bmpr2",0.000804839395079987,0.0548527900638413
0.667814435101999,0.722824801580321,0.0548500590634677,0.000330628414968544,"Cops9",0.000805147921610804,0.0548500590634677
1.08138191377996,1.05045668214567,-0.0548461208652933,0.000330956011345611,"Mbnl2",0.000805701163542835,0.0548461208652933
0.18877042945598,0.289963269420973,-0.0548360684980609,0.000331793587990551,"Abr",0.00080749522294091,0.0548360684980609
0.158348849532525,0.172196404635487,0.0548304670382148,0.000332261168967264,"Prelid3b",0.000808293867916149,0.0548304670382148
0.187589046764049,0.248788526315851,-0.0548297243125272,0.000332323214139503,"Larp4",0.000808293867916149,0.0548297243125272
0.178409675373133,0.257075490563195,0.0548185419749846,0.000333258665424099,"Taf7",0.000810323494352415,0.0548185419749846
0.0548103167779944,0.0646413577073543,-0.0548114810555217,0.000333850610168144,"Mtrex",0.000811516902753465,0.0548114810555217
0.275792123165505,0.498850547652046,-0.0548066688410905,0.000334254600481111,"Tlk1",0.000812252851078267,0.0548066688410905
0.0843342797736829,0.0970329071723098,0.0547982517518436,0.000334962323305255,"Zfp607b",0.000813726213200535,0.0547982517518436
0.339997005320598,0.400262443539738,0.0547592360677579,0.000338261170546659,"Sucla2",0.000821491414184744,0.0547592360677579
0.130601064048603,0.160068320433126,-0.0547397649467434,0.000339918832094174,"Gpd1",0.000825073585441191,0.0547397649467434
0.113222201846294,0.161998649288719,-0.0547394953921082,0.000339941833682525,"Cic",0.000825073585441191,0.0547394953921082
0.155232911627927,0.194835136089283,-0.0547299075704639,0.000340760927329847,"B3gat3",0.000826811515238794,0.0547299075704639
0.123233197229696,0.165114597631956,-0.0547152699483126,0.000342014989340495,"Crebzf",0.00082960346870258,0.0547152699483126
0.839756925509944,0.789429398449621,0.0547092109053864,0.000342535353078265,"Psma3",0.000830614588425506,0.0547092109053864
0.177794206495795,0.24631471621852,-0.0547057934656552,0.000342829176681562,"Dennd6a",0.000830986777028941,0.0547057934656552
0.259811352827887,0.305875974817772,0.0547050170443354,0.000342895964449504,"Ppp6c",0.000830986777028941,0.0547050170443354
0.0743880992606707,0.105724968584688,-0.0546906993014311,0.00034412975995279,"Pde4dip",0.000833724998146493,0.0546906993014311
0.111224588534895,0.151376711688227,0.0546743157981241,0.000345546659860744,"Mrps22",0.000836711522185765,0.0546743157981241
0.385631630187279,0.454047256602779,0.0546740345007743,0.000345571034960572,"Fam162a",0.000836711522185765,0.0546740345007743
0.132534266530248,0.187466696214436,-0.0546697169029052,0.000345945367114486,"Olfm1",0.000837365196297627,0.0546697169029052
0.169151033375979,0.252032604629453,-0.0546677031748457,0.000346120085299057,"Il1rap",0.000837535453691084,0.0546677031748457
0.0852950577099588,0.11200109984261,0.0546452118571025,0.00034807712726373,"Ptcd2",0.000842017144758569,0.0546452118571025
0.300633050006469,0.387679647001254,0.054636162254199,0.00034886747757188,"Xbp1",0.000843674695610838,0.054636162254199
0.185949366307692,0.2421532890924,-0.0546288872079255,0.000349504062698551,"Zfp280d",0.00084495950560204,0.0546288872079255
0.151883422491445,0.188879250255349,0.0546222962377855,0.000350081726975703,"Zfp787",0.00084610113772682,0.0546222962377855
0.185836707802371,0.307640450320975,-0.0546072350318883,0.000351405115848834,"Zc3h7a",0.000849043857142742,0.0546072350318883
0.137328132057011,0.183822458568568,-0.0546051803441304,0.000351586018051499,"Agps",0.000849225228430232,0.0546051803441304
0.0897522632072843,0.129917760597652,-0.0545727677375968,0.000354451287571971,"Pptc7",0.000855888393462984,0.0545727677375968
0.0873711909835511,0.115952963290358,0.0545670746926009,0.000354956800310794,"Zfp87",0.000856686951466009,0.0545670746926009
0.270394325119221,0.330290084772135,-0.0545666388613157,0.0003549955276202,"Cdk2ap1",0.000856686951466009,0.0545666388613157
0.0740221539125823,0.0889306497848465,-0.0545576248949311,0.000355797381303895,"5330438D12Rik",0.000858363856759608,0.0545576248949311
0.197826161599165,0.250965064664042,0.0545473844939336,0.00035671038907099,"Chmp6",0.000860307833455251,0.0545473844939336
0.0924790058061548,0.112589420609263,-0.054531613849401,0.000358120743930754,"Dmwd",0.000863449774429198,0.054531613849401
0.807842586983338,0.890557683033433,0.0545285519361743,0.000358395171716007,"Ywhab",0.000863851864778984,0.0545285519361743
0.153095819099539,0.229585493460772,-0.0544912450083919,0.000361754679344048,"E130307A14Rik",0.000871687551668661,0.0544912450083919
0.221271970653025,0.304092787703013,-0.0544810114991479,0.000362681343562623,"Cuedc1",0.000873484907940204,0.0544810114991479
0.0694968601876191,0.0958303036124723,-0.054480603780196,0.000362718309229407,"Ccdc191",0.000873484907940204,0.054480603780196
0.299602161950785,0.358818371368532,0.0544725982266255,0.000363444843192097,"Alg5",0.000874971923724388,0.0544725982266255
0.781771679163984,0.775377204227595,0.0544516726972138,0.000365350343042565,"Sirt2",0.000879295486674727,0.0544516726972138
0.111537910463699,0.158419249372099,0.0544499006026423,0.000365512139892081,"Rpgrip1",0.000879421112591921,0.0544499006026423
0.191937869368007,0.274962753662841,-0.0544359949814037,0.00036678408590802,"Zfyve9",0.00088221687809531,0.0544359949814037
0.248003659313843,0.362231036244518,-0.0544289542605703,0.000367429676496663,"Arhgap42",0.000883504861914661,0.0544289542605703
0.252929837176332,0.365006884430205,-0.0544195600887359,0.000368292717945675,"Ahnak2",0.000885222479569831,0.0544195600887359
0.322068092286491,0.3781080299729,0.0544187781653937,0.000368364638494973,"Stard3nl",0.000885222479569831,0.0544187781653937
0.462703501188585,0.550567797024386,0.0544112294812535,0.000369059634481917,"Tram1",0.000886627097929013,0.0544112294812535
0.0768455448642301,0.106232799371097,-0.0543979533681115,0.000370284920007071,"Ppard",0.000889304459184895,0.0543979533681115
0.0898874988511675,0.127892745152663,-0.0543598634120498,0.000373821470554271,"Kdm4b",0.000897529467303253,0.0543598634120498
0.393302780073256,0.465165776752511,0.054327371006513,0.000376863224994737,"Mrpl28",0.000904561925623025,0.054327371006513
0.16419159979913,0.206691742729735,-0.054321795447489,0.000377387496201048,"Rnf215",0.000905549422702514,0.054321795447489
0.151917382085647,0.208818396484659,0.0543202607285778,0.000377531925768474,"Rab3a",0.000905625163637141,0.0543202607285778
0.0755295344696826,0.103992807104732,0.0543150359893453,0.000378024003646813,"Nudt14",0.000906534550287515,0.0543150359893453
0.398907223191606,0.454911325641011,0.0542985138662845,0.000379584041860412,"Taf13",0.000910003690435597,0.0542985138662845
0.17622043535913,0.244826605278777,-0.054292758558501,0.000380128875943107,"Igfbp4",0.000911037664446681,0.054292758558501
0.186113761808674,0.258775607862226,-0.0542855881332387,0.000380808696319867,"Snx27",0.00091239443991359,0.0542855881332387
0.300940348007567,0.35706652538989,-0.054269355457962,0.000382351897813269,"Pabpn1",0.000915818396433932,0.054269355457962
0.0803818080718611,0.112362315145039,0.0542658318418178,0.000382687650442911,"Bcam",0.000916349062116957,0.0542658318418178
0.139741280277396,0.19896448108858,-0.0542535223085534,0.000383862744559471,"Ndst1",0.000918888622418017,0.0542535223085534
0.48856012678495,0.573660812147424,0.0542431562961051,0.000384854919897589,"Azin1",0.000920988928499329,0.0542431562961051
0.174536418115172,0.240972217074685,-0.0542368919807411,0.00038545566514459,"Xpr1",0.00092215153760292,0.0542368919807411
0.0765873663128338,0.100909789837123,-0.0542144864438809,0.000387611524725094,"Cited2",0.000927032749446841,0.0542144864438809
0.681234874265546,0.797803345592281,0.054211298986271,0.000387919135353911,"Eif5b",0.000927491997044036,0.054211298986271
0.172634829282851,0.227974196055074,0.0541958617250642,0.00038941216210141,"Urm1",0.000930784387459551,0.0541958617250642
0.140619785240498,0.235427398903718,0.0541548976179186,0.000393400099916625,"C1ql3",0.000940036450783501,0.0541548976179186
0.072018967036731,0.119985836382018,0.0541397621688035,0.000394883193105559,"Slc9a9",0.000943299416933314,0.0541397621688035
0.1281935848041,0.179456292211783,0.054138272663256,0.00039502942876739,"Mrpl47",0.000943367897746886,0.054138272663256
0.137750533782998,0.180785879540381,0.0541366849207591,0.000395185364764872,"Alkbh3",0.000943459496243181,0.0541366849207591
0.221161683529778,0.279165053696557,0.0541220987542477,0.00039662059979234,"Wbp1",0.00094660431074769,0.0541220987542477
0.369448584413363,0.471030228246358,-0.0541102874226003,0.000397786365130648,"Foxd3",0.000949104309785406,0.0541102874226003
0.671208398875969,0.681085278889585,0.0541058521234572,0.000398224950137235,"Arpp19",0.000949868311504509,0.0541058521234572
0.243669724522162,0.276260161561543,0.0540964853778491,0.000399152666173767,"Yae1d1",0.000951798214971265,0.0540964853778491
0.200486236877934,0.279315582572049,0.0540880003997342,0.00039999479081257,"Nedd9",0.00095352293567441,0.0540880003997342
0.241435944408416,0.323242225176186,0.054085620862198,0.000400231255013619,"Ing1",0.00095380326410136,0.054085620862198
0.433044993614097,0.571748935423576,0.0540731931479509,0.000401468369792653,"Hnrnpd",0.000956361771707212,0.0540731931479509
0.265550202370783,0.371434986163175,-0.0540724423567851,0.000401543221445862,"Fam168a",0.000956361771707212,0.0540724423567851
0.197987888240359,0.243291266313303,0.0540647131338724,0.000402314560148305,"Lrrc59",0.000957914549148367,0.0540647131338724
0.104268130143097,0.138095956144635,-0.0539908412253836,0.000409756747070306,"Ubxn2a",0.000975345042566637,0.0539908412253836
0.140213258300132,0.180164641061732,0.0539858444801616,0.000410264754723813,"Seh1l",0.000976264647658325,0.0539858444801616
0.0632316065774832,0.0789603731314217,0.0539815217692007,0.000410704709224327,"Zfp865",0.000977021816429292,0.0539815217692007
0.288120462915942,0.371381909243131,-0.0539676216431354,0.000412122416192465,"4931406P16Rik",0.000980103813730984,0.0539676216431354
0.33914945449914,0.39003078502636,0.0539633926885861,0.000412554643041588,"Rad23b",0.000980841023930578,0.0539633926885861
0.171582434652598,0.251326759457602,-0.0539608824195139,0.000412811409123471,"Arhgap12",0.000981160766234221,0.0539608824195139
0.848026852890294,0.955521088280483,0.0539550852948804,0.000413404945692514,"Nr4a1",0.000982280510582391,0.0539550852948804
0.781932912125527,1.81195349853143,0.053946787880014,0.000414255860045132,"Gnb2l1",0.000983678395048093,0.053946787880014
0.0849760972566464,0.120925029276605,-0.0539460037380283,0.00041433635968493,"Exoc2",0.000983678395048093,0.0539460037380283
0.130767395809741,0.162668558912578,0.0539457633688737,0.000414361038791445,"Ciao1",0.000983678395048093,0.0539457633688737
0.397715033886769,0.431316270678452,0.0539361075980928,0.000415353548691109,"Acp1",0.000985742938390256,0.0539361075980928
0.149129576438667,0.194877432787791,0.0539116515966081,0.000417877302650289,"Ddx47",0.00099143923017916,0.0539116515966081
0.0993965289129319,0.146901420583294,-0.0538503804947636,0.000424263218071642,"Tmem131",0.00100629265793877,0.0538503804947636
0.468313157412185,0.512475689004156,0.0538154192402782,0.000427947718004759,"Mff",0.00101473182307039,0.0538154192402782
0.153874011615432,0.199713662043286,-0.0537942876085367,0.000430189199235868,"Mgrn1",0.00101974538690358,0.0537942876085367
0.0714237751402013,0.0914553018546373,-0.0537610399565148,0.000433738048586886,"Socs5",0.00102785413522185,0.0537610399565148
0.142210913343548,0.190000473430138,-0.0537444242472057,0.000435521828372726,"4931406C07Rik",0.00103177654291785,0.0537444242472057
0.148472035826179,0.190890586197125,-0.0537312466870714,0.00043694137077257,"Cdc42ep5",0.00103483399028309,0.0537312466870714
0.353083566366918,0.44079224308964,0.0537158099139375,0.000438609776399508,"Klhl5",0.00103847885683967,0.0537158099139375
0.0936711348638983,0.121711211229367,-0.0537111752407948,0.000439111850803189,"Itgb5",0.00103936091175363,0.0537111752407948
0.066557867632315,0.0909605331637654,-0.0537009995956816,0.000440216060946073,"Abhd2",0.00104149339872139,0.0537009995956816
0.165034909918024,0.210921411082861,-0.053700481200467,0.000440272383906151,"Ift27",0.00104149339872139,0.053700481200467
0.0969452782715649,0.140199943463402,-0.0536966380422747,0.000440690147762032,"Cpeb4",0.00104217440189878,0.0536966380422747
0.0900495498101185,0.118120412149265,0.0536256077977791,0.000448478274865094,"Snapc2",0.0010602798107005,0.0536256077977791
0.162459724807416,0.226325469897526,-0.0536167789101453,0.000449455242907908,"Rufy3",0.00106227654465186,0.0536167789101453
0.189271907785453,0.258707272859115,-0.0535419468961562,0.000457815937582713,"Capn5",0.00108171822236858,0.0535419468961562
0.143122421931404,0.208760917335162,-0.0535383433443422,0.000458222186981599,"Sos1",0.00108235938426269,0.0535383433443422
0.212608095740772,0.292087209267049,-0.0535366011426105,0.000458418716099296,"Tsc22d3",0.00108250493760469,0.0535366011426105
0.264290824931191,0.336560130280893,-0.0535167769308288,0.000460660531186795,"Notch1",0.00108747870027739,0.0535167769308288
0.0670267324221509,0.091539834403934,-0.0535047051047455,0.000462030675095534,"P4htm",0.00109039239322546,0.0535047051047455
0.161710732729142,0.201889611748318,0.0535004704267066,0.000462512207997175,"Tug1",0.00109120786738293,0.0535004704267066
0.0813610887486072,0.125470383374203,0.0534759464538549,0.000465310090648153,"Trove2",0.00109748623379212,0.0534759464538549
1.0638319651214,0.927410788526219,0.0534610300940836,0.000467019575455215,"Tmbim6",0.00110119455581917,0.0534610300940836
0.487184436057733,0.579967807847563,0.0534550221325697,0.000467709769286113,"Nap1l4",0.00110239329628591,0.0534550221325697
0.154401249823191,0.221675357301142,-0.0534542134910808,0.00046780273851614,"Dcaf6",0.00110239329628591,0.0534542134910808
0.259118559054109,0.34073076182796,-0.0534424390043456,0.00046915840113261,"Slc44a2",0.00110526336191664,0.0534424390043456
0.0999648203401925,0.130064926126801,0.0534133414953961,0.000472524290796593,"Dusp22",0.00111286613130375,0.0534133414953961
0.161797658975553,0.214407485754439,0.0533893271911454,0.000475319121729305,"Mpv17l2",0.00111911990397768,0.0533893271911454
0.604367207324046,0.66691995290966,0.0533845554740995,0.000475876295874711,"Lsm4",0.0011201030795244,0.0533845554740995
0.748182161430014,0.877533216106081,-0.0533784990881881,0.000476584352663659,"Ankrd12",0.00112144071723554,0.0533784990881881
0.219164519223726,0.351148367627441,-0.053363412008257,0.000478352468822372,"Nlk",0.00112504023827553,0.053363412008257
0.13227032575503,0.204600883657848,-0.0533630541811646,0.000478394478189944,"Aff1",0.00112504023827553,0.0533630541811646
0.122947669097932,0.188057491291388,-0.0533587827326003,0.000478896217520664,"Jag1",0.00112589019905825,0.0533587827326003
0.223375628705474,0.281386889743935,0.053340761671082,0.000481018441220037,"Cdv3",0.00113054832230509,0.053340761671082
0.271043123309293,0.416510796078493,-0.0533342819792848,0.000481783653441576,"Cebpd",0.00113201523725189,0.0533342819792848
0.347796588134905,0.400181521690677,0.0533188353548319,0.00048361238598758,"Nabp2",0.00113597944530572,0.0533188353548319
0.32012811358118,0.403205081978444,0.0533154833420946,0.000484010085861034,"Hmgb3",0.00113642225058146,0.0533154833420946
0.233212299961962,0.277368702543638,0.0533144091693271,0.000484137595690583,"Med29",0.00113642225058146,0.0533144091693271
0.116744302501598,0.161980933849161,-0.0533136664214449,0.000484225781996261,"Efs",0.00113642225058146,0.0533136664214449
0.101827105227088,0.180274291659179,0.0533058377899391,0.000485156185065939,"Nhp2l1",0.00113827287396757,0.0533058377899391
0.0713721873461951,0.0994340234080232,0.0532946393211977,0.000486489977985931,"Tyw5",0.00114093298268464,0.0532946393211977
0.128181785836903,0.171607385367668,-0.0532939318142585,0.000486574360262566,"Acox1",0.00114093298268464,0.0532939318142585
0.0912963539119108,0.132894349731712,0.0532859003844725,0.000487533202411038,"Fam83f",0.00114284733162319,0.0532859003844725
0.553930503735123,0.586363176391403,0.0532793565482816,0.000488315748365221,"Erh",0.00114434741965027,0.0532793565482816
0.113672171838043,0.156156673711412,-0.0532738524138007,0.000488974867897791,"Khsrp",0.00114555747153631,0.0532738524138007
0.11015303452489,0.150053091917122,0.0532686777280023,0.000489595292297955,"Qtrt1",0.00114648670336997,0.0532686777280023
0.173184707124001,0.218351897366839,0.0532681611373654,0.000489657269746872,"Ddx27",0.00114648670336997,0.0532681611373654
2.73636288374199,1.78092462021261,-0.0532573723733379,0.000490953313593671,"Ubb",0.00114895754295291,0.0532573723733379
0.120799192150483,0.173669161062913,-0.0532569931283427,0.000490998930058016,"Ehd2",0.00114895754295291,0.0532569931283427
0.361220868183925,0.44196293972573,0.0532169963961736,0.000495832072153494,"Hbp1",0.00115992902243721,0.0532169963961736
0.533412801781103,0.598040428339376,0.0531770835145856,0.000500699258000563,"Sh3bgrl3",0.00117097372375299,0.0531770835145856
0.433585790834063,0.527278061455774,0.0531563328703736,0.000503247258557032,"Acat1",0.00117658974436528,0.0531563328703736
0.0576208591633827,0.0792060634921316,-0.0531473992365204,0.000504347948847472,"Fbxo21",0.00117881967420685,0.0531473992365204
0.246102110080555,0.312241829696154,-0.053144823408731,0.000504665726497116,"Nsd3",0.00117921892528039,0.053144823408731
0.219374755175658,0.304442457714551,0.0531400497512481,0.00050525514190516,"Kpnb1",0.00117997575234689,0.0531400497512481
0.743506219611948,0.756206749905225,0.0531398183132697,0.0005052837344297,"Dctn2",0.00117997575234689,0.0531398183132697
0.101242433325317,0.129041420224045,-0.0531226537724441,0.000507408500015673,"Slc43a2",0.00118458523438165,0.0531226537724441
0.0762735811382598,0.102970422697738,-0.0531214901307781,0.000507552845937701,"Ehd3",0.00118458523438165,0.0531214901307781
0.310621503158499,0.415436847391087,-0.0531008353708074,0.000510121377463185,"Mark3",0.00119023376934126,0.0531008353708074
0.138056860690861,0.180799286897004,0.0530900230262369,0.000511470776241919,"Lsg1",0.00119277596212345,0.0530900230262369
0.13907576045308,0.18054365112611,0.0530893292639837,0.000511557472395268,"Wars",0.00119277596212345,0.0530893292639837
0.112374951802075,0.15411647872685,-0.0530885338602992,0.000511656887042486,"Gstk1",0.00119277596212345,0.0530885338602992
0.234114842788763,0.300417006686127,0.0530710096267441,0.000513851750961718,"Elp5",0.00119754471383004,0.0530710096267441
0.386430490068086,0.454764700105288,0.0530679522976531,0.000514235570999103,"Cisd2",0.00119809123742648,0.0530679522976531
0.138757312341825,0.201745192237324,-0.0530663947476777,0.00051443121001961,"Helz",0.001198199137648,0.0530663947476777
0.0888086575622346,0.133898237995289,0.0530645194508779,0.0005146668522518,"Daxx",0.00119840012259676,0.0530645194508779
0.0971708165870243,0.133465889772264,-0.0530504198982602,0.000516441768635965,"Gtpbp2",0.00120218414607919,0.0530504198982602
0.140750980562301,0.186825258978744,0.0530350747628129,0.000518379965150329,"Ube2g2",0.00120634595138232,0.0530350747628129
0.102579941296473,0.15408471415079,-0.0530042856024826,0.000522289306797592,"Cradd",0.00121509115620292,0.0530042856024826
0.0823762971963861,0.111625716686991,-0.0529981801007678,0.000523067786835313,"Spats2l",0.00121654954248306,0.0529981801007678
0.119687800366448,0.172771493205676,-0.05299585405541,0.000523364652771287,"Ap1g1",0.00121688727146822,0.05299585405541
0.128962729203353,0.16990359948735,0.0529889986063165,0.000524240505722487,"Rrp9",0.00121857063091461,0.0529889986063165
0.367668732034373,0.410724198574453,0.0529870886865176,0.000524484760391548,"Impdh2",0.00121878532214937,0.0529870886865176
0.185565820423342,0.255596538494536,-0.0529556590486835,0.000528519473365801,"Tshz2",0.00122780551658575,0.0529556590486835
0.186808264935237,0.234710146951457,0.0529423888603599,0.000530231671195902,"Copg1",0.00123142660772096,0.0529423888603599
0.538535857415333,0.606513834543243,0.052937593182476,0.000530851707825141,"Ctnnb1",0.00123250986793661,0.052937593182476
0.139353414428083,0.192209774967518,0.0529121262379695,0.000534155679167756,"Hjurp",0.00123982214915883,0.0529121262379695
0.400121464931791,0.434455556324672,0.0529061359099137,0.000534935616113385,"Golga7",0.00124127339031053,0.0529061359099137
0.156078672890762,0.216716316175542,-0.0529020916699899,0.000535462773277744,"Rlf",0.00124213740756884,0.0529020916699899
0.107831830399012,0.156320900015353,-0.0528997496175119,0.000535768275515824,"Angptl2",0.00124248689096502,0.0528997496175119
0.10053614475272,0.160852373150705,-0.0528638322143738,0.000540473799817365,"Prrg1",0.00125303720593312,0.0528638322143738
0.092725055239944,0.124573326342198,-0.0528614874689769,0.000540782318421585,"Nipa1",0.00125339033016025,0.0528614874689769
0.642138517922916,0.679926730286401,0.0528540205892688,0.000541765894110406,"Ube2d2a",0.00125530740235111,0.0528540205892688
0.580624316678815,0.688530476929975,-0.0528526236316884,0.000541950093436683,"Ucp2",0.00125537169449652,0.0528526236316884
0.212963947531118,0.264015185642731,0.0528275008557904,0.000545272692417865,"Cdk5rap3",0.00126270363173476,0.0528275008557904
0.140368404564421,0.163092816438188,0.0528258642738319,0.000545489794472766,"Timm8a1",0.00126284192465363,0.0528258642738319
0.171425565742792,0.224274795145176,0.0527893186018353,0.000550358808507677,"Nubp2",0.00127374648960646,0.0527893186018353
0.457357276153063,0.509934804347928,0.0527469948426739,0.00055604820572309,"Ufc1",0.00128654290735931,0.0527469948426739
0.0835024369460327,0.11750293487733,-0.0527452431039224,0.000556284860326373,"Agl",0.00128671943478202,0.0527452431039224
0.108312149432612,0.15854565889212,0.0527409216097128,0.000556869082224068,"Rgl2",0.00128769957226684,0.0527409216097128
0.168578710536024,0.242387450667893,-0.0527207459531275,0.000559604192297967,"Sept10",0.00129365140852748,0.0527207459531275
0.286452953976815,0.34650786881187,0.0527168195339345,0.000560137928545198,"Tmem126a",0.00129451230951805,0.0527168195339345
0.122735085622063,0.169083800691211,0.0527147598182716,0.000560418104672879,"Tmem126b",0.00129478689084226,0.0527147598182716
0.134639977981251,0.177331305692606,-0.0527028875449474,0.000562035594856208,"Rmdn1",0.00129815014770472,0.0527028875449474
0.142451561731315,0.195524356579255,0.052699137013571,0.000562547473647707,"Rpl10-ps3",0.0012989585405897,0.052699137013571
0.0834985761099777,0.12410584496165,-0.052697448239664,0.000562778102020583,"Axin1",0.00129911722975062,0.052697448239664
1.14154232699963,0.955574533421129,0.0526910082741276,0.000563658387715579,"Arf5",0.00130077506558234,0.0526910082741276
0.140940062831769,0.203688999964463,-0.0526663392897495,0.00056704229108112,"Ppp2cb",0.0013082079768933,0.0526663392897495
0.0910043703954495,0.134424616416232,0.0526334440492519,0.000571584037292108,"Scrib",0.00131809807285232,0.0526334440492519
0.063410229531471,0.0966005408365278,-0.0526329126103642,0.000571657688624887,"Trp53bp1",0.00131809807285232,0.0526329126103642
0.107558944816155,0.152785018564374,-0.0526046121368529,0.000575592595167933,"Ppp4r1",0.00132678971089558,0.0526046121368529
0.111155455309103,0.214033258482564,0.0525876581089784,0.000577961948706604,"Tpm3-rs7",0.00133186866066105,0.0525876581089784
0.199733978220611,0.253941108644449,0.0525486514807383,0.000583447701127727,"Yeats4",0.00134412413260089,0.0525486514807383
0.290651417625957,0.393710119525088,0.0525402609076707,0.000584634036743976,"Leprotl1",0.00134647058290289,0.0525402609076707
0.278802050861688,0.402649354081547,-0.0524949213494125,0.000591083490002998,"Baz1b",0.00136093369405568,0.0524949213494125
0.375886070201632,0.483600775843164,-0.0524888434563321,0.000591953072116052,"Ptprs",0.00136254487970717,0.0524888434563321
0.181967595510781,0.252099412010117,-0.0524579358208044,0.000596393567505797,"Vps37b",0.00137237223563709,0.0524579358208044
0.195708148069698,0.280252677176691,-0.0524521844624692,0.000597223276955943,"Epc2",0.0013738874926303,0.0524521844624692
0.431021009624885,0.519160940703263,0.0524460550413961,0.000598108709122581,"Commd1",0.00137553003210077,0.0524460550413961
0.0834273380526435,0.110551799299202,-0.052427102539023,0.000600854246638342,"Dcaf1",0.00138144827364643,0.052427102539023
0.449128395003123,0.568356364853008,0.0524182555685857,0.00060213986548146,"Ccdc59",0.00138400752810749,0.0524182555685857
0.131822980074578,0.162528644677255,0.0523852937186854,0.000606952361029857,"Tmem120a",0.00139466945730343,0.0523852937186854
0.403060778704084,0.510414567966965,-0.0523705488361655,0.000609116705784409,"Bptf",0.00139924204042774,0.0523705488361655
0.398505539738603,0.50705357330958,0.0523673544904349,0.000609586536765342,"Rbp1",0.00139992054121497,0.0523673544904349
0.0811039980293803,0.121051514486695,0.0523515266999348,0.00061191949868254,"Eid2b",0.00140487612515843,0.0523515266999348
0.132832479387984,0.174526456030938,0.0523417354826959,0.000613366845798459,"Pex11b",0.00140779621587152,0.0523417354826959
0.326514612759233,0.427061806241728,-0.0523340898861065,0.000614499238691983,"Sgce",0.00140999196204303,0.0523340898861065
0.595676842066731,0.646502258133838,0.0523216396393624,0.000616347413210617,"Cers2",0.00141382837152716,0.0523216396393624
0.201477792760021,0.257079374678127,-0.0523029189082776,0.000619136143024811,"Gprc5b",0.00141981949460734,0.0523029189082776
0.212425990573449,0.278375017158812,0.0522914839422537,0.000620845319443055,"Rab8a",0.00142333224091745,0.0522914839422537
0.998424247435629,0.903879772450242,0.0522415969713389,0.000628353351712361,"Atp5k",0.00143973635292601,0.0522415969713389
0.134817793730911,0.179757610345831,0.0522415562809922,0.000628359509963472,"Cxxc1",0.00143973635292601,0.0522415562809922
0.0638552239505416,0.0947157952395122,-0.0522361902242761,0.000629172123893358,"Sirpa",0.00144118673197839,0.0522361902242761
0.165914162782597,0.221269865919782,0.0522265236868618,0.000630638451770186,"0610030E20Rik",0.00144413325827739,0.0522265236868618
0.240951101265457,0.30323768463992,0.0522210319759987,0.000631472910509262,"Mrpl40",0.00144563156460095,0.0522210319759987
0.0868190955256657,0.12613614640762,-0.0521431682506578,0.000643415232717464,"Brip1os",0.00147255100608241,0.0521431682506578
0.20550262405119,0.262890373203789,0.0521377768126294,0.000644249867572022,"Urod",0.00147364994967037,0.0521377768126294
0.108192147406627,0.152559224046534,-0.0521376938750541,0.000644262714786098,"Dym",0.00147364994967037,0.0521376938750541
0.208447146500625,0.335163892549906,-0.0521117086611173,0.000648299631092559,"C530008M17Rik",0.00148246116839176,0.0521117086611173
0.0662159038512907,0.0904427207199795,0.0521011087532689,0.000649953116112025,"Wdr36",0.00148581680537328,0.0521011087532689
1.24352525426417,1.18812134064582,-0.0520999286834357,0.000650137438143767,"Csrp1",0.00148581680537328,0.0520999286834357
0.119257957384087,0.157497424729668,0.0520852074503713,0.000652440922089727,"Pik3r2",0.001490656594205,0.0520852074503713
0.165906886898562,0.238999647106373,0.0520732355869974,0.000654319793938806,"Alas1",0.00149452377642043,0.0520732355869974
0.289000212693746,0.367931364650936,0.0520459604950957,0.000658619163508034,"Emc8",0.00150391581331487,0.0520459604950957
0.236139682837138,0.28368594099667,0.0520441315794392,0.000658908392678031,"Xpnpep1",0.00150414820564681,0.0520441315794392
0.0856088854154337,0.110589879622194,0.0520385040339809,0.00065979908713073,"Pecr",0.00150575309304237,0.0520385040339809
0.149556681882737,0.18505808510577,0.0520148876972423,0.000663549157750464,"Cmtm6",0.0015138647628486,0.0520148876972423
0.261050153077108,0.335402708088694,0.0520137467129147,0.000663730836951815,"Sec22b",0.0015138647628486,0.0520137467129147
0.343835936190962,0.428240382379974,0.0520103498474755,0.000664271994395277,"Eapp",0.00151451512249662,0.0520103498474755
0.219017747643085,0.310026305685875,-0.0520095876722617,0.00066439347347808,"Ppp3cb",0.00151451512249662,0.0520095876722617
0.234786615669106,0.298303769282968,0.0520043464691962,0.000665229400542887,"Fam114a2",0.00151598997726672,0.0520043464691962
0.0629935057570123,0.0824504173400711,0.052000838033796,0.000665789512077895,"Armcx5",0.00151683561752215,0.052000838033796
0.101859220360908,0.143206352260088,-0.0519916396760563,0.000667260085009675,"Pvr",0.0015197544485148,0.0519916396760563
0.162873263450488,0.227009049643717,-0.0519863948136021,0.000668099950009752,"Pibf1",0.00152111121358904,0.0519863948136021
2.48516762146238,1.22686344736167,0.0519855524895861,0.000668234923716522,"S100a6",0.00152111121358904,0.0519855524895861
0.761730998284666,0.755045694143276,0.0519728579827312,0.000670272158627926,"Ndufs7",0.00152531588225481,0.0519728579827312
0.793034825630036,0.915247379737589,0.0519657209629091,0.00067142005249112,"Fabp5",0.00152749489684966,0.0519657209629091
0.0779841267455938,0.101885093481705,0.0519546980226563,0.00067319653501776,"Slc52a2",0.00153110232340774,0.0519546980226563
0.0804162054639197,0.119940084017068,-0.0519484235076298,0.000674209700320508,"Fem1c",0.00153297212677012,0.0519484235076298
0.540519769559481,0.64884564387042,-0.0519439154048147,0.000674938512220677,"Nktr",0.00153419451049822,0.0519439154048147
0.450127146298368,0.501792492433223,0.0519399692017649,0.000675577084308183,"Manbal",0.00153521113692689,0.0519399692017649
0.145512309895277,0.258282984093533,-0.0518934405474972,0.000683148779224176,"Pcsk1n",0.00155165603828507,0.0518934405474972
0.112246362651873,0.136928420030344,0.051893124392295,0.000683200496418387,"Mlycd",0.00155165603828507,0.051893124392295
0.44453569885844,0.560423063595948,-0.0518841816439338,0.000684664873807886,"Sptan1",0.00155454186401655,0.0518841816439338
0.175931901497243,0.218167809148674,0.0518506933094637,0.000690174546750613,"Triobp",0.00156660836297791,0.0518506933094637
1.42913190062858,1.12869278278813,0.0518217871944978,0.000694963425882419,"Atpif1",0.00157703238950241,0.0518217871944978
0.171100950739565,0.249215156711489,-0.051804491598404,0.000697843531912557,"Ephb1",0.00158273714155177,0.051804491598404
0.0590752005741982,0.0776667643767293,0.0518043216613028,0.000697871885195685,"Repin1",0.00158273714155177,0.0518043216613028
0.106200286800144,0.149144774915087,-0.051798913661511,0.000698774746127015,"Ift81",0.00158433697737304,0.051798913661511
0.108402412898239,0.137745011512244,0.0517817649271168,0.000701644893775429,"Pigs",0.00159004713078986,0.0517817649271168
0.334021194500222,0.438182933045223,-0.0517814986714665,0.00070168954263795,"Ank",0.00159004713078986,0.0517814986714665
0.180311705607018,0.23445281124636,0.0517538917906672,0.000706333338265751,"Stk19",0.00160011821181377,0.0517538917906672
0.190562955529837,0.253157554082194,0.0517486786622172,0.00070721344459989,"Nkap",0.00160165980227759,0.0517486786622172
0.0786634148873961,0.146663711892769,0.0517361342822619,0.000709335425795625,"2310035C23Rik",0.00160601226201583,0.0517361342822619
0.245389886640914,0.317890849304402,0.0517320817037297,0.000710022214455457,"Zcchc9",0.00160676241925357,0.0517320817037297
1.33366326177061,1.05780866992159,0.0517318161421536,0.000710067240612306,"Cnbp",0.00160676241925357,0.0517318161421536
0.402423523155937,0.521916458035645,-0.0517246481632123,0.000711283579002764,"Hnrnpa0",0.00160906101999385,0.0517246481632123
0.675568455909122,0.822630743324369,0.0517078864130415,0.000714135447898305,"Eif3a",0.00161505716852762,0.0517078864130415
0.148895793180878,0.21319533131939,-0.0517013258874355,0.000715254554451979,"Rbm33",0.00161713230344398,0.0517013258874355
0.0619949081157606,0.0813078931580196,0.0516726056855436,0.000720172899146489,"Mthfd2",0.00162779361767646,0.0516726056855436
0.124269488058757,0.165997469971652,-0.0516343307880052,0.000726776318073236,"Zc3h7b",0.00164225659707678,0.0516343307880052
0.0770055134339001,0.126432653945126,-0.0516286496215005,0.000727761246227276,"Tm4sf1",0.00164401921163504,0.0516286496215005
0.198199049726026,0.275855144110363,-0.0516089648741734,0.000731183532472188,"Tsc22d2",0.0016512852982147,0.0516089648741734
0.0723072948149885,0.116980905088326,-0.0515693645759215,0.00073811354706607,"Hfe",0.00166646682657798,0.0515693645759215
0.374603779872452,0.45577115346831,0.0515526714717297,0.000741053055811248,"H13",0.00167263283258213,0.0515526714717297
0.112664122645772,0.152063760928406,-0.051534015814138,0.000744351011600085,"Tm9sf1",0.00167960419490413,0.051534015814138
0.783610674250913,0.825505157234001,0.051520959653322,0.000746667185277951,"Ppp1r14c",0.00168426324589577,0.051520959653322
0.140015491852415,0.195237869839246,-0.051520011932688,0.000746835571896454,"St3gal3",0.00168426324589577,0.051520011932688
0.175840350125265,0.234190988448724,0.0514904724310973,0.000752101721736727,"Zdhhc3",0.00169566288710747,0.0514904724310973
0.134675239685786,0.163661181241994,0.0514460948618002,0.000760077949621699,"Hccs",0.00171316445723722,0.0514460948618002
1.03548314184698,0.903167372773409,0.0514084528903463,0.0007669050212654,"1810037I17Rik",0.00172806680444638,0.0514084528903463
0.108100197099076,0.139454221910163,0.0514004629440013,0.000768361449713744,"2700062C07Rik",0.00173086251333607,0.0514004629440013
0.0873348304757378,0.123500641675855,-0.0513983566390936,0.000768745819844129,"Napepld",0.00173124234028327,0.0513983566390936
0.184281389522878,0.249861923410288,-0.051393632569841,0.000769608543082949,"Il10rb",0.00173259433295605,0.051393632569841
0.093181981959221,0.115432823280539,0.0513927051559685,0.000769778015576809,"Rbm14",0.00173259433295605,0.0513927051559685
0.122096939028334,0.157011587057446,0.0513529051009979,0.000777083665047884,"Lurap1",0.00174854720368598,0.0513529051009979
0.0757014277301546,0.110108051526238,0.0513379397046534,0.000779847301157149,"Dusp8",0.00175427382800251,0.0513379397046534
1.3009231338005,1.06807905687697,0.0513330501319118,0.000780752225745875,"Aldoa",0.00175581722516393,0.0513330501319118
0.0729701246376801,0.104508375343327,-0.0512798441541933,0.000790662367374554,"Ccdc91",0.00177733071268133,0.0512798441541933
0.204023996120403,0.2879608881965,-0.0512793148144889,0.000790761545896353,"Smarca2",0.00177733071268133,0.0512793148144889
0.169528413277694,0.218182758621253,0.0512703879139277,0.000792435853842915,"Tmem97",0.00178059515296431,0.0512703879139277
0.233121710425726,0.562060460080644,0.0512624277614828,0.000793931614326114,"Gm10263",0.00178345668346941,0.0512624277614828
0.0623273736904003,0.0786727062506004,0.0512438682728317,0.000797429232923743,"Slc25a33",0.00179081224880496,0.0512438682728317
0.451978813788432,0.531717758641026,0.0512272290520465,0.000800577115980421,"Pcmt1",0.00179737850549158,0.0512272290520465
0.766817578000192,0.773302845306159,0.0512218849408083,0.00080159058238555,"Rab7",0.00179915044281445,0.0512218849408083
0.106395521131871,0.149475615739979,-0.0512191023518858,0.000802118748379319,"Vezt",0.00179983244882429,0.0512191023518858
0.130421373976893,0.166036884727629,0.0511986033445163,0.000806019646300217,"Prep",0.00180807985516157,0.0511986033445163
0.189171016880735,0.23007722592305,0.0511845161673547,0.000808710586957176,"Get4",0.0018136092089839,0.0511845161673547
0.155074310519171,0.198192933145775,0.0511765672266087,0.000810232673568755,"Imp4",0.00181651494068614,0.0511765672266087
0.347624982612084,0.480004037378325,0.05115108584242,0.000815129854857752,"Snx4",0.00182654082004013,0.05115108584242
0.161681013552083,0.206605002385598,0.0511509301814375,0.000815159855005446,"Brox",0.00182654082004013,0.0511509301814375
0.079388890910889,0.10235239919306,-0.0511409570745732,0.000817084082779892,"Osbpl7",0.00183034134009655,0.0511409570745732
0.293730246944833,0.354371005535345,0.0511396672062817,0.000817333259548079,"BC003965",0.00183038852208032,0.0511396672062817
1.25791607165515,1.27128672618725,-0.0511283997765871,0.000819512900437918,"Celf2",0.00183452117101564,0.0511283997765871
0.140067311993222,0.18170726688805,0.0511277648126419,0.000819635892085126,"Dcaf13",0.00183452117101564,0.0511277648126419
0.0782002093365018,0.122371986963833,-0.0511084900756834,0.000823377539618365,"Ttll5",0.00184238186779079,0.0511084900756834
0.264961469990111,0.369255909535073,-0.0511022460100196,0.000824593042143232,"Arnt2",0.00184458727910713,0.0511022460100196
0.0754214919391575,0.10606006331472,-0.0510981453163788,0.000825392209719511,"Gclc",0.00184586039319659,0.0510981453163788
0.389006137800704,0.466674221919997,0.0510730771599049,0.000830293278846199,"Wbp4",0.00185630350221842,0.0510730771599049
1.05706583119358,1.10227530176943,-0.0510422178281384,0.000836363636546961,"Btg1",0.00186935426731276,0.0510422178281384
0.0778272570468318,0.0914063287938627,-0.0510216306487472,0.000840436210087457,"Ice1",0.00187793376489606,0.0510216306487472
0.0839149111451004,0.11331976676027,-0.051008954034934,0.000842953047582209,"Pcgf5",0.00188303319983286,0.051008954034934
0.477131202905244,0.522865427265064,0.0509703842718189,0.000850653799449579,"Rap1b",0.00189970667597646,0.0509703842718189
0.150417549451463,0.21048946114953,-0.0509594475233532,0.000852849245293018,"Slc25a27",0.00190360163410615,0.0509594475233532
0.39592180748917,0.496401390708888,0.0509593324789812,0.000852872367224777,"Dtymk",0.00190360163410615,0.0509593324789812
0.115094482209511,0.151490362308512,-0.0509558632610696,0.000853569893162187,"Rbpj",0.0019046287048758,0.0509558632610696
0.065090732657641,0.0944381847726272,-0.0509523004179779,0.000854286793948203,"Id1",0.00190569842497647,0.0509523004179779
0.350573908936089,0.470996252096081,0.0509446648155377,0.000855825079193239,"Otud7b",0.00190859934281449,0.0509446648155377
0.113522718246787,0.161226689881163,0.0509420535655131,0.000856351736319959,"Gnpat",0.00190924321540187,0.0509420535655131
0.097654863827504,0.15410203776868,-0.0509240759837898,0.000859985756680838,"Slc10a7",0.00191681269766862,0.0509240759837898
0.482407119117478,0.52076515519308,0.0509181580053759,0.000861185151367133,"Gpi1",0.00191856089041969,0.0509181580053759
0.0798478267396144,0.12623524310355,0.0509178466527023,0.000861248296023396,"Snrnp35",0.00191856089041969,0.0509178466527023
0.0980666925028112,0.147811887382435,-0.0508963740309658,0.000865613473625179,"Sp4",0.00192774979527295,0.0508963740309658
0.104915029743992,0.144495446298563,-0.0508885369129519,0.000867211786285625,"Spata5",0.00193077341097554,0.0508885369129519
0.259593134344738,0.351446013248577,-0.050875947440708,0.000869785028194626,"Foxn3",0.00193596534430893,0.050875947440708
0.28346951437374,0.344249326909578,0.050857248780789,0.000873620029778905,"Hprt",0.0019439620407504,0.050857248780789
0.181104345077695,0.23104030905715,0.0508485605042034,0.000875407279233827,"Exosc7",0.00194739894886948,0.0508485605042034
0.498811780339385,0.559214863700488,0.0508466930852805,0.000875791864745801,"Eif1ax",0.00194771450186261,0.0508466930852805
0.211698347712197,0.372517615699224,-0.050829526733908,0.000879334531305879,"Hspa1b",0.00195505133809874,0.050829526733908
0.0723865022628548,0.109889788998333,-0.0508272883102405,0.000879797458418143,"Usp2",0.00195553872751999,0.0508272883102405
0.0708905303521344,0.111258762251023,-0.0508066167178254,0.000884083224991331,"Slit3",0.00196452057527844,0.0508066167178254
0.120226323928292,0.169724152729625,-0.0507802640860964,0.000889574874721967,"Trak1",0.00197549047451343,0.0507802640860964
0.370013004036424,0.428367902967295,0.0507798009518848,0.000889671669731732,"Tmed3",0.00197549047451343,0.0507798009518848
0.351219640938519,0.454061732560156,-0.0507793853144793,0.000889758546222776,"Huwe1",0.00197549047451343,0.0507793853144793
1.03876843847641,0.92522490096304,0.0507653232725313,0.000892702429093535,"Prkar1a",0.00198134981850313,0.0507653232725313
0.127028268489509,0.16323003780422,0.0507640140161142,0.000892976980179664,"Tmem248",0.00198134981850313,0.0507640140161142
0.146611659818522,0.19545428094573,0.0507632445602914,0.000893138371575999,"Alkbh6",0.00198134981850313,0.0507632445602914
0.200170824487119,0.300853645953333,-0.05074701822241,0.000896548105647195,"Tlk2",0.0019883642895835,0.05074701822241
0.0714643614620936,0.100368245008909,-0.0507270741649941,0.000900755588179683,"Drosha",0.00199714364176672,0.0507270741649941
0.128294193864965,0.16313219263506,0.0507195771507875,0.000902341915468609,"Cmtm7",0.00200010815738125,0.0507195771507875
0.065291382594082,0.0874543129980065,0.0506509852041495,0.000916976240742485,"Atp13a2",0.00203198490906316,0.0506509852041495
0.0694513625221885,0.106816750420203,-0.0506410789405754,0.000919107853269671,"Pacs1",0.00203569902069565,0.0506410789405754
0.0783717983587585,0.0999308945175621,-0.0506408381890283,0.000919159714852984,"Mtmr10",0.00203569902069565,0.0506408381890283
0.0653808049544433,0.0819378960129817,-0.0506311017343104,0.000921259369801754,"Sox3",0.00203978619847938,0.0506311017343104
0.193006855585621,0.249686038667836,0.0506173576456606,0.000924230829101534,"Rbm18",0.00204580087523054,0.0506173576456606
0.153706833879244,0.192448138922144,-0.0506139779587902,0.000924962872923762,"Sacm1l",0.00204685661675131,0.0506139779587902
0.0765853087985148,0.0935639889521738,-0.0505789145347109,0.000932589401749465,"Gm37494",0.00206316442228776,0.0505789145347109
0.817220463897081,0.785906878430144,0.0505722029785603,0.000934055834382702,"Mdh1",0.0020653491988636,0.0505722029785603
0.175414126352159,0.229291652342545,-0.0505720386995546,0.000934091755069294,"Klhl9",0.0020653491988636,0.0505720386995546
0.0987175816191777,0.148179576237045,-0.050545351109659,0.000939944187719344,"Tec",0.00207771684910744,0.050545351109659
0.188946663731702,0.244321607559723,0.0505311804970145,0.00094306550493531,"Rnf126",0.002084042305591,0.0505311804970145
0.658761280938111,0.782048636926177,0.0505233616641952,0.000944791841636707,"Rrbp1",0.00208728241665554,0.0505233616641952
0.501867716910329,0.629848953180873,-0.0505119577430036,0.000947314984880585,"Mycbp2",0.00209228060519731,0.0505119577430036
0.230687790470478,0.318996319023846,0.0505102662173056,0.00094768976970541,"Mybbp1a",0.00209253239188668,0.0505102662173056
0.159864820223882,0.202845913602755,-0.0504968913440499,0.000950658027295292,"4932438A13Rik",0.00209850894388375,0.0504968913440499
0.162843534072102,0.218394013856339,0.0504753675513977,0.000955452836787683,"Dnajc11",0.00210828198503636,0.0504753675513977
0.10831104659419,0.170865681651056,0.0504740271023567,0.000955752185189734,"Klf2",0.00210828198503636,0.0504740271023567
0.0640299860050687,0.0869767905351299,-0.0504734834779769,0.000955873611859708,"Zer1",0.00210828198503636,0.0504734834779769
0.0927580533365155,0.14734717043157,0.0504572125281808,0.000959514591465391,"D17Wsu92e",0.00211573099255793,0.0504572125281808
0.427683320317145,0.515734400396079,0.0504269799808775,0.000966313899351003,"Etfa",0.00213013811219573,0.0504269799808775
0.0901483555445962,0.126880793773131,-0.0504178252304252,0.000968381587068557,"Cdk5rap2",0.00213410982000497,0.0504178252304252
0.793625296665657,0.757674558392125,0.0504003748512268,0.000972334271029641,"Emc7",0.0021422323423234,0.0504003748512268
0.208816242044767,0.292168727862933,-0.0503889388521489,0.000974932733833765,"Setd2",0.00214736762456276,0.0503889388521489
0.335517027987358,0.495349757357151,0.0503870074908567,0.000975372207505078,"Igsf8",0.0021477460463833,0.0503870074908567
0.152673277462703,0.214372262230054,0.0503804773513871,0.000976859473673523,"Mrps35",0.00215043084135977,0.0503804773513871
0.272442339316335,0.388291780613773,-0.0503643291829401,0.00098054630445988,"Epc1",0.00215795489494955,0.0503643291829401
0.110782413654529,0.149505052279354,0.0503317715736769,0.000988018811836188,"Mecr",0.00217336316663551,0.0503317715736769
0.0855187001861182,0.113672314586666,-0.0503314653880748,0.000988089335977858,"Atn1",0.00217336316663551,0.0503314653880748
0.169308811519796,0.250673124259788,-0.0503243042103592,0.000989740109096546,"Pde4b",0.00217639754326958,0.0503243042103592
0.0711154444392716,0.0986855468402877,0.0503230950083555,0.000990019102468472,"Tgds",0.00217641459676905,0.0503230950083555
0.10369384538366,0.148709825953414,0.050258363135853,0.00100506106161992,"Dmap1",0.00220887700861085,0.050258363135853
0.107970273396011,0.14254563017082,0.0502420934211085,0.00100887482448793,"Snhg4",0.00221665158589572,0.0502420934211085
0.0978516079523316,0.126819862522518,0.050229067540592,0.00101193785209359,"Coa5",0.00222277287851053,0.050229067540592
0.0941772401491222,0.128204308387762,0.0502262016571598,0.00101261291664702,"Aacs",0.00222364697404918,0.0502262016571598
0.38098545909862,0.429759785249477,0.0502235833114177,0.00101323003744737,"Tmed7",0.00222439338453562,0.0502235833114177
0.0662246024998306,0.0887656559314831,0.0502116447348778,0.0010160482670409,"Snrnp25",0.00222997026661275,0.0502116447348778
0.99138187126604,0.86552138708914,0.0502037017255943,0.00101792731612705,"Psmb2",0.00223341243986917,0.0502037017255943
0.136303479315344,0.180163376955975,0.0502026628442428,0.00101817331817565,"Apool",0.00223341243986917,0.0502026628442428
0.131631576221526,0.179907804919677,-0.0501886384407128,0.00102149961662616,"Slc25a16",0.00224009645362348,0.0501886384407128
0.367420813231162,0.435700480753519,0.0501809893627162,0.00102331805418248,"Slc6a8",0.00224347105649187,0.0501809893627162
0.0688199007865804,0.101714845824765,0.0501690557105066,0.00102616105816156,"Rfc4",0.0022490894101853,0.0501690557105066
0.168239063633201,0.242216036753712,-0.0501386026434467,0.00103344916996465,"Tet2",0.00226444460398591,0.0501386026434467
0.169512375776924,0.208143540697902,0.050126613256505,0.00103633161763482,"Cpsf3",0.00227014056781376,0.050126613256505
0.151333904664573,0.207501016210291,-0.0501181869518717,0.00103836188945616,"Hs3st1",0.00227396719459503,0.0501181869518717
0.162343881276394,0.227120333985714,-0.0501063970283088,0.00104120878284436,"Cipc",0.00227957961078939,0.0501063970283088
0.114100194601999,0.146097399282227,0.0501007767018821,0.00104256845356823,"Tmem158",0.00228193378926119,0.0501007767018821
0.170160135971294,0.232789322285641,0.0500924539498746,0.00104458491277133,"Fbxl6",0.00228572384512604,0.0500924539498746
0.297469047457219,0.370058822372227,0.0500258641670577,0.00106084884108208,"Nfu1",0.00232067914417738,0.0500258641670577
0.299753446399533,0.400741119558438,-0.0500081676507477,0.00106521026612953,"Cnot2",0.00232958494833015,0.0500081676507477
0.840705322959789,0.881224021885372,0.0499964132142703,0.00106811638449524,"Sem1",0.00233530405155035,0.0499964132142703
0.108379798749551,0.142963949843262,0.049989909326549,0.0010697275278962,"Fam53a",0.00233818950799212,0.049989909326549
0.24964997436495,0.320202458138548,0.0499781742512533,0.00107264022822708,"Ngdn",0.00234391753575547,0.0499781742512533
0.125422853334344,0.170133740434325,-0.0499673369961972,0.00107533659718764,"Gsk3a",0.00234916984912431,0.0499673369961972
0.191033631382727,0.258799986038856,0.04996010638936,0.00107713909650262,"Mrpl49",0.00235246709590011,0.04996010638936
0.0812155128014415,0.0999196162274641,-0.0499294062586529,0.00108482340902608,"Gas2l1",0.00236860490721775,0.0499294062586529
0.177169756435692,0.249155983380514,-0.0499122289438252,0.00108914501240274,"Gcc2",0.00237739379203472,0.0499122289438252
0.185446289765993,0.251162739907274,0.0499085425114761,0.00109007454599681,"Med27",0.00237877567502812,0.0499085425114761
0.165621633106172,0.240248416296637,-0.0498858264893711,0.00109581859239303,"Shoc2",0.00239066024615598,0.0498858264893711
0.906328545046422,1.15895989979148,0.0498757844665418,0.00109836675880548,"Ccnd1",0.00239556805454068,0.0498757844665418
0.0641142833993985,0.0907444967634487,-0.0498583555807988,0.00110280235171648,"Ocrl",0.00240458860602528,0.0498583555807988
0.0718876338792186,0.0938383752130199,-0.0498480310531974,0.00110543771311208,"Plekhb2",0.00240968003531958,0.0498480310531974
0.074843220948839,0.112914164556045,-0.0498439520828882,0.00110648048379873,"Apex2",0.00241129804508448,0.0498439520828882
0.0791679019399034,0.121089597154052,-0.0498356858909326,0.00110859648814097,"Ralgapa2",0.00241489438051689,0.0498356858909326
0.0904870217779522,0.116325248359017,-0.049835154417294,0.00110873266423532,"Uggt1",0.00241489438051689,0.049835154417294
0.335540749683132,0.404856591667339,0.0498276858486355,0.00111064792388879,"Ssbp1",0.00241840948203084,0.0498276858486355
2.04458066577005,1.39647773168735,0.049823484320411,0.00111172671863182,"Rps21",0.00242010178792776,0.049823484320411
0.146558753711891,0.188783404114386,-0.0498124081022752,0.00111457531968792,"Kmt5b",0.00242564479663028,0.0498124081022752
0.0940251691698863,0.134769155368013,-0.0497977872601295,0.00111834586409448,"Ankfy1",0.00243319067611012,0.0497977872601295
0.135841042907055,0.190765508838167,-0.0497753572013954,0.00112415323629035,"Sos2",0.00244516279967302,0.0497753572013954
0.173814391335696,0.220914455207249,0.0497689572066656,0.00112581536400862,"Slc12a4",0.00244811449344313,0.0497689572066656
0.15279179064636,0.21612777696941,-0.0497253238926554,0.0011372079360947,"Agfg1",0.0024722179569829,0.0497253238926554
0.141808781357974,0.1697983169454,0.049720820446191,0.00113838982229169,"Pold4",0.00247411699189288,0.049720820446191
0.144355712348748,0.199545022879707,-0.0496860429439147,0.00114755514207316,"Rprd2",0.00249336107771324,0.0496860429439147
0.162952092024148,0.206196656173953,0.0496752246512622,0.00115042008616531,"Lmf1",0.00249890925051177,0.0496752246512622
0.0850531225967661,0.125835571687277,0.0496696512216971,0.00115189864234115,"Lmnb1",0.00250143354968972,0.0496696512216971
0.184603523830075,0.259211107331586,-0.0496684946586528,0.00115220568290793,"Ifi35",0.00250143354968972,0.0496684946586528
0.097669961472796,0.155921656371626,0.0496433650987266,0.00115889569526312,"Nrp1",0.00251527699723864,0.0496433650987266
0.300086613611337,0.399254468107017,-0.0496365844061917,0.00116070699500911,"Anks1",0.00251852702216146,0.0496365844061917
0.305306877765433,0.350483508695731,0.0496185048655764,0.0011655493030354,"Snf8",0.0025283502588689,0.0496185048655764
0.794972893357493,0.831691443386287,0.0496147966308202,0.0011665447963844,"Ssb",0.00252982579626714,0.0496147966308202
0.0811678943988161,0.114741864416567,-0.0496105953929623,0.00116767358778182,"Unc45a",0.00253158953481798,0.0496105953929623
0.11750366625171,0.159833658491291,-0.0496091803518221,0.0011680540090848,"Bcl2l11",0.00253173024551497,0.0496091803518221
0.232183549237404,0.28069177457752,0.0495759347016158,0.00117702481937913,"Timm9",0.00255048532289984,0.0495759347016158
0.11954895501753,0.132347291561353,0.0495698043349424,0.00117868593471779,"Bud23",0.00255339523222882,0.0495698043349424
0.315505540141472,0.384138630011774,0.0495556081925796,0.00118254091029424,"Nudt21",0.00256105486213252,0.0495556081925796
0.0685868758429451,0.0817443688228343,0.0495440077785268,0.00118569965591332,"Phospho2",0.00256720292472976,0.0495440077785268
2.84658486624404,1.61113973396904,-0.0495378101330199,0.00118739044181661,"mt-Nd4",0.00257017019291515,0.0495378101330199
0.0941642463863475,0.128633507562391,-0.0495227836491329,0.00119149908093924,"Ephb3",0.00257836802196775,0.0495227836491329
0.207427832549604,0.26432828220524,0.0495056330578883,0.00119620455076843,"0610009B22Rik",0.00258785260592232,0.0495056330578883
0.0907686238138675,0.137113154253353,-0.0495017272896728,0.00119727854141706,"Rai1",0.00258947790197588,0.0495017272896728
0.150192403554378,0.211415960721275,0.0494907021548268,0.00120031499018273,"Pccb",0.00259534558912052,0.0494907021548268
0.137048318917059,0.188544685422231,0.0494683299027799,0.00120649843409767,"Gdpd1",0.00260801277887924,0.0494683299027799
0.146092166910063,0.19352179757972,0.0494401628050334,0.00121432533902993,"Drg2",0.00262422475636308,0.0494401628050334
0.577238168886237,0.656298089159854,0.0494334350228489,0.00121620173859596,"Fubp1",0.00262757209221701,0.0494334350228489
0.0637323985863556,0.0844837496740771,0.0494272643334321,0.00121792511672082,"Mtg1",0.00263058711616901,0.0494272643334321
0.429874400385992,0.474699856266679,0.0494086963258733,0.00122312448393087,"Sap18",0.00264110625916611,0.0494086963258733
0.288632123048883,0.341306128790392,-0.0494025353925242,0.00122485417606594,"Limd1",0.00264412964992013,0.0494025353925242
0.115594458689124,0.149474528472364,-0.0493955923416142,0.00122680615543301,"Map3k4",0.00264760845298025,0.0493955923416142
0.368996599680075,0.424218327479667,-0.0493944570615654,0.00122712560277088,"Pon2",0.00264760845298025,0.0493944570615654
0.184219943750118,0.26702598842876,-0.0493871132241414,0.00122919388206208,"Cpsf7",0.00265135798646939,0.0493871132241414
0.207741601672779,0.26321803393762,0.0493835035666039,0.00123021166609273,"Tmem230",0.00265284020659178,0.0493835035666039
0.495096329060237,0.552385509866604,0.0493760509261328,0.00123231548478918,"Mob4",0.00265666293657936,0.0493760509261328
0.178674866655784,0.235331907446907,0.0493721189800892,0.00123342677858815,"1300002E11Rik",0.00265834447257354,0.0493721189800892
0.144181407963749,0.194027506519497,0.0493530807423228,0.00123882069060052,"Ankmy2",0.00266925274473109,0.0493530807423228
0.0924833023238561,0.131098342156693,-0.0493510861910739,0.00123938704505655,"Rybp",0.00266975614752584,0.0493510861910739
0.178817845569714,0.242010423344283,-0.04932398670788,0.00124710568781727,"Mecp2",0.00268521637818111,0.04932398670788
0.115638785347798,0.151567209279243,0.0493235393457893,0.00124723347974589,"Zfp68",0.00268521637818111,0.0493235393457893
0.0628064209103129,0.079288218563747,-0.0493128720425254,0.00125028424796771,"Bex4",0.00269106244787899,0.0493128720425254
0.13347882696683,0.174190006674128,0.049311055219622,0.00125080453156048,"Ubac1",0.00269131899042628,0.049311055219622
0.187984528543599,0.235433728942557,0.0493101136184469,0.0012510742565167,"Dpf2",0.00269131899042628,0.0493101136184469
0.0812693959680544,0.116580805276996,-0.0493008543979749,0.00125372945379943,"Zdhhc1",0.00269630799712855,0.0493008543979749
0.192447108802977,0.245202519170802,0.0492983953955166,0.00125443547708376,"Mta2",0.0026971035016399,0.0492983953955166
0.327237248704781,0.381178379667268,0.0492911969201001,0.00125650439735163,"Snrpa",0.0027008280965308,0.0492911969201001
0.532502503099552,0.595860258609075,0.0492528514751615,0.00126757846674662,"Ier3ip1",0.00272390187926483,0.0492528514751615
0.0915549569645166,0.116326275871877,-0.0492477494809966,0.00126905868067313,"Dync2li1",0.00272635257127742,0.0492477494809966
0.495542355230619,0.54353033327005,0.0492465303055986,0.00126941262948691,"Ndufv1",0.00272638301365177,0.0492465303055986
0.227544657010626,0.288459244990099,0.0492254309084264,0.00127555261813253,"Gipc1",0.00273819214590068,0.0492254309084264
0.207975460544317,0.278535435393704,0.0492252907378692,0.00127559349967307,"Snx12",0.00273819214590068,0.0492252907378692
0.132556853638695,0.167858781228074,0.0492014262357492,0.00128257137093758,"Alg1",0.00275243452270744,0.0492014262357492
0.161512538223208,0.31530294378452,0.0491837521893912,0.00128776186518131,"2310036O22Rik",0.00276283454711627,0.0491837521893912
0.225164124754747,0.296430166615884,0.049152369564321,0.00129702606863581,"Twistnb",0.00278196663318196,0.049152369564321
0.379085742357817,0.440819476835823,0.0491495334819767,0.00129786630730098,"R3hdm4",0.00278245967141739,0.0491495334819767
0.161220540471721,0.227427618804762,0.0491492528714108,0.00129794947035335,"Nop14",0.00278245967141739,0.0491492528714108
0.202114116969512,0.272735005284019,-0.0491357124374342,0.00130196822360694,"Polr2a",0.00279032933392684,0.0491357124374342
0.673573107719383,0.75579434445792,0.0491192288000947,0.00130687600232091,"Ociad1",0.00280009961084726,0.0491192288000947
0.268975827845059,0.337426101538281,0.0491076047622226,0.00131034715657485,"Mpv17",0.0028067873957172,0.0491076047622226
0.10602446645179,0.143334658454883,0.0491025781486374,0.00131185082959399,"Cmc2",0.00280925835512735,0.0491025781486374
0.181608717932663,0.23956527386697,0.0490946264501593,0.00131423277046508,"Vps4a",0.00281360825779398,0.0490946264501593
0.0844673583085662,0.118472823582278,0.0490895689852406,0.0013157498152238,"Ccdc137",0.00281610469921466,0.0490895689852406
0.147824785914469,0.18548465331853,0.0490781037472519,0.00131919492906311,"Pla2g12a",0.00282272536288065,0.0490781037472519
0.077393135771417,0.0941401575210558,0.0490522805780427,0.00132698486065998,"Tarbp2",0.00283863676937768,0.0490522805780427
0.181519559079117,0.23595819440241,0.0489950315415474,0.00134440639082107,"Stard7",0.00287513776118024,0.0489950315415474
0.0736013837888632,0.114863510434236,-0.0489884082023831,0.00134643550398746,"Tsix",0.00287870996109655,0.0489884082023831
0.329453464864999,0.537862805250495,0.0489766630950136,0.00135004065816878,"Fam198b",0.0028856489720688,0.0489766630950136
0.241347263992122,0.33220793429559,0.0489726566629883,0.00135127246500148,"Tbc1d15",0.00288751271882074,0.0489726566629883
0.49929844817495,0.545733200437023,0.0489571570549784,0.00135604770020988,"Pdcd6",0.00289694535316403,0.0489571570549784
0.213424613326619,0.251694492481926,0.0489466179655435,0.00135930354419124,"Arfgap2",0.00290312793148536,0.0489466179655435
0.309791299658614,0.40066808831075,0.0489385272800446,0.00136180789123776,"Bccip",0.00290770263951352,0.0489385272800446
0.119868946801699,0.174852302769468,-0.0489303189020099,0.00136435301530881,"Setdb1",0.0029117795527803,0.0489303189020099
0.117763903813339,0.175097961510039,-0.0489300287520525,0.00136444306062487,"Pwwp2a",0.0029117795527803,0.0489300287520525
0.369426287328506,0.425404842618174,0.0489167167630372,0.00136858020917479,"Ppp1r11",0.00291983185281003,0.0489167167630372
0.305980863405005,0.377834489619316,0.0488821919262919,0.00137936392064801,"Hdhd2",0.00294205637939385,0.0488821919262919
0.324315737455981,0.411936484244876,-0.0488788505142836,0.00138041174594865,"Zmynd8",0.0029435088624746,0.0488788505142836
0.130667930440787,0.160660359134194,0.0488254890953167,0.00139724496644869,"Rragc",0.00297861148001707,0.0488254890953167
0.333076310232356,0.441713879844813,0.0487938243169933,0.0014073230817567,"Wdr26",0.00299929891315159,0.0487938243169933
0.175589083343992,0.237167589135515,0.0487677736617948,0.00141566454937502,"Lias",0.00301627518432958,0.0487677736617948
0.131846725521957,0.14711087580178,0.0487167502008861,0.00143213452798955,"Rpp14",0.00305055679654583,0.0487167502008861
0.585284001414797,0.711599860486634,0.0486510047696102,0.00145361699080445,"Rcn3",0.00309549435621415,0.0486510047696102
0.229878915103619,0.317092693927143,-0.0486458176291255,0.00145532447357544,"Cpne3",0.00309830819208526,0.0486458176291255
0.352492272817998,0.446430452755658,0.0485901854843644,0.00147375378978288,"Fam49b",0.0031365376460742,0.0485901854843644
0.0757315765163097,0.114674358530542,-0.0485892568271854,0.00147406324318866,"Mre11a",0.0031365376460742,0.0485892568271854
0.0746474405448185,0.109679815946379,-0.0485753675401578,0.00147869867291138,"Gnao1",0.00314556684820808,0.0485753675401578
0.0799484396731794,0.122597736004194,-0.0485703694586089,0.00148037002213425,"H2-Ab1",0.00314828758484104,0.0485703694586089
0.62690021471754,0.707451499455623,0.0485653867738779,0.0014820379545846,"Rsrc2",0.00315099961515284,0.0485653867738779
0.405949533555533,0.478150464666764,0.0485578845432349,0.00148455255974008,"Emg1",0.00315550986472965,0.0485578845432349
0.154850310206401,0.20017100895048,0.0485360564142806,0.00149189130214087,"Rrp8",0.00317026901704934,0.0485360564142806
0.103144101204379,0.146488985282296,-0.048526861206959,0.00149499277436924,"Wrn",0.00317601853893005,0.048526861206959
0.219056911670969,0.285614339647668,0.0485211302341206,0.00149692878987705,"Cdkn2d",0.00317928973265575,0.0485211302341206
0.144659940486842,0.207180496178322,-0.0485068583564475,0.00150176010082601,"Rngtt",0.00318870681371472,0.0485068583564475
0.120430219178755,0.165837492467135,0.0484741830588167,0.00151287545500287,"Wdr77",0.00321145837326536,0.0484741830588167
0.0873209400756299,0.134877777002046,-0.0484561051711602,0.00151905762346258,"Fam117b",0.00322372874124933,0.0484561051711602
0.0777593425452274,0.10798935453372,0.048383210219919,0.00154422254992746,"Bap1",0.00327626698588523,0.048383210219919
0.119653988791655,0.163202895843774,-0.0483801026213413,0.00154530384211363,"Fam89b",0.00327769443011361,0.0483801026213413
0.130040504628159,0.19417332398577,0.0483783462697618,0.00154591527474691,"Parp1",0.0032781247792202,0.0483783462697618
0.0936935649887819,0.142488731036439,-0.0483720928385345,0.00154809406889176,"Depdc5",0.00328187762451453,0.0483720928385345
0.375431779119577,0.417401906007236,0.0483236238942056,0.00156507752415563,"Selenot",0.00331700529683697,0.0483236238942056
0.326313575313411,0.419295202848406,0.0483091340265525,0.00157018795432443,"Ppp4c",0.00332615275783579,0.0483091340265525
0.272147972708942,0.324045416276881,0.0483090357641711,0.00157022266284671,"Trappc2",0.00332615275783579,0.0483090357641711
0.155881597712493,0.200537132421488,0.0483034306169803,0.00157220369856365,"Farsb",0.00332947017082997,0.0483034306169803
0.0968486570868262,0.13620763649852,0.0483010105540377,0.00157305973591073,"Wrap73",0.00333040404246641,0.0483010105540377
0.186266123189961,0.238226018111509,0.0482913943951643,0.00157646545473786,"Jmjd6",0.00333673405666489,0.0482913943951643
0.187584048823059,0.364672067566176,-0.0482838140232154,0.00157915494854042,"Fhit",0.00334073833412086,0.0482838140232154
0.317850612659254,0.390779476483559,0.0482837153292938,0.00157918999268699,"Cops4",0.00334073833412086,0.0482837153292938
0.186277408920265,0.23660069994972,0.0482809274744339,0.00158018019733187,"Glul",0.00334195200405664,0.0482809274744339
0.194101777338141,0.247907416002258,0.0482791291963356,0.0015808192221541,"Timm21",0.00334242251345573,0.0482791291963356
0.145612940858915,0.211080483009712,0.0482509688706915,0.00159085717242326,"Zc3h18",0.00336260633692597,0.0482509688706915
0.0757784617723558,0.113114210366054,-0.0482500004263339,0.0015912034223963,"Edem1",0.00336260633692597,0.0482500004263339
0.384693041827643,0.582538295580222,-0.0482317455760957,0.00159774310602185,"Macrod2",0.00337553730456011,0.0482317455760957
0.0828259473779566,0.11665175433296,-0.0482196487982526,0.00160209031508206,"Foxk1",0.0033838306628635,0.0482196487982526
0.388570948577848,0.918417307311227,0.0482089217407334,0.00160595439134276,"Rps10-ps1",0.00339109948319323,0.0482089217407334
0.303222057601523,0.367866999762941,0.0481839286033764,0.00161499065218736,"Mrpl4",0.00340788964142132,0.0481839286033764
0.185423708048467,0.299566360263644,-0.0481835530601088,0.0016151267857805,"Prkd1",0.00340788964142132,0.0481835530601088
0.122218747353601,0.142769254145333,0.0481834062739728,0.00161517999829577,"Ubl4a",0.00340788964142132,0.0481834062739728
0.169365848398954,0.217279406225476,0.0481776292116881,0.00161727556486181,"Smim20",0.00341141407267381,0.0481776292116881
0.112571455306955,0.154506621929173,-0.0481350507252358,0.00163279777703927,"Mapk14",0.00344325081812433,0.0481350507252358
0.0732847302705443,0.103343626423843,-0.0481228608195256,0.00163726684033118,"Gfm2",0.00345176803121844,0.0481228608195256
0.0977063688102802,0.129933003765285,-0.0480979245446816,0.00164644405130076,"Strn",0.0034702041154813,0.0480979245446816
0.299556709064423,0.3756411832554,0.0480718042366131,0.00165610774005223,"Ilkap",0.00348965559511006,0.0480718042366131
0.112421477347428,0.137483306113551,-0.0480603949164011,0.00166034517649604,"Otulin",0.00349766597432507,0.0480603949164011
0.626798987266172,0.679972859169554,-0.0480571945004928,0.0016615356048557,"H2afv",0.00349925503762787,0.0480571945004928
0.173071417935773,0.225762538543439,0.0480456961904049,0.00166581900180646,"Letm1",0.00350735546326294,0.0480456961904049
0.130745438809276,0.168689607698561,0.0480306183941894,0.00167145123413915,"Gosr2",0.00351773128750831,0.0480306183941894
0.100104085375539,0.148773012180831,0.0480301571546888,0.00167162380349816,"Kbtbd3",0.00351773128750831,0.0480301571546888
0.371600475487629,0.42976900692639,0.0480223895864856,0.00167453244451641,"Ube2e1",0.00352231601166816,0.0480223895864856
0.0848540080097565,0.12215404466521,-0.0480219947826781,0.00167468040684372,"Carm1",0.00352231601166816,0.0480219947826781
0.185592800611003,0.232978084296705,0.0480101454389442,0.00167912683628794,"Hdac3",0.00353074259286541,0.0480101454389442
0.465593389772591,0.544655405769163,0.0479990384689252,0.00168330454754569,"Tmem167",0.00353859986625797,0.0479990384689252
0.382048039067728,0.45410813964193,0.0479847804031192,0.00168868150444178,"Sumo3",0.0035489733870196,0.0479847804031192
0.15566022855093,0.202074084528385,-0.0479616635411112,0.00169743283422917,"Fbxl3",0.0035660467092538,0.0479616635411112
0.126046246640283,0.183891519189011,-0.0479609747681434,0.00169769422100567,"Slc1a5",0.0035660467092538,0.0479609747681434
0.425947503848674,0.508767785732816,0.0479559316823768,0.0016996091811012,"Srpk2",0.00356913479956976,0.0479559316823768
0.0887776496381995,0.1449395029527,-0.0479114379569061,0.00171659059682235,"Scfd2",0.00360385215826858,0.0479114379569061
0.296351275347056,0.369221484974482,-0.0479031022750359,0.0017197892784066,"mt-Atp8",0.00360962311533731,0.0479031022750359
0.101984209978858,0.15384944282233,-0.0478990923357136,0.00172132997825572,"Abl1",0.00361191206734412,0.0478990923357136
0.0846342595419755,0.112935554945473,0.04787968653411,0.00172880402494478,"Miip",0.00362664666566194,0.04787968653411
0.0969929798020888,0.128923497414314,-0.0478768376888788,0.00172990375112686,"Ralgds",0.00362800514873024,0.0478768376888788
0.172354993737379,0.361162930065661,0.0478698840646699,0.00173259072665,"Cyr61",0.00363269087813942,0.0478698840646699
0.261713813535693,0.340205931778828,0.0478524483069204,0.00173934502109871,"Ttc1",0.00364581209958885,0.0478524483069204
0.0606986418726987,0.0825683808847618,-0.0478513854257126,0.00173975754353511,"Gm14326",0.00364581209958885,0.0478513854257126
0.431796083793975,0.589292754807395,-0.0478073885405461,0.00175691260552711,"Pcm1",0.00368080071716699,0.0478073885405461
0.217642444311544,0.293231825011199,0.0478033790230586,0.00175848368265656,"Brcc3",0.00368313053240309,0.0478033790230586
0.106648054128515,0.147763451927479,0.0478001811374439,0.00175973765789614,"Ccng2",0.00368479513751531,0.0478001811374439
0.25242515218056,0.320324289029327,0.0477794636774286,0.00176788144872171,"Pmpcb",0.00370088201005558,0.0477794636774286
0.139721204126858,0.191126268558728,-0.0477696502982087,0.00177175104904742,"Atg10",0.00370801523671269,0.0477696502982087
0.198017871360886,0.293415588295424,-0.0477616644894861,0.00177490574646139,"Ip6k1",0.00371364894644229,0.0477616644894861
0.238095831825046,0.281588591339408,0.0477203806777661,0.00179129689244598,"Got2",0.00374696722236355,0.0477203806777661
0.0650929909247153,0.0871782171770304,-0.0477132192083616,0.00179415436727979,"2610027K06Rik",0.00375196628695674,0.0477132192083616
0.122059840474741,0.174908547200337,0.0477083985489584,0.00179608020088843,"Rmdn3",0.00375501499008045,0.0477083985489584
0.151291826214913,0.224546047833714,-0.0477057526192106,0.00179713804610554,"Trappc9",0.00375624789839825,0.0477057526192106
0.122791830000183,0.159408604621617,0.0476988892870767,0.00179988468163102,"Tbc1d7",0.00376100903265815,0.0476988892870767
0.0927645117672731,0.136183155980996,-0.0476735847321425,0.00181004466344288,"Scaf4",0.00378125445963698,0.0476735847321425
0.130361903361872,0.159721028964538,0.0476607977949604,0.00181519873619166,"Ptges2",0.00379103452868347,0.0476607977949604
0.521804066102673,0.578819011804413,0.0476580019541561,0.00181632745965759,"Txndc17",0.00379240477134856,0.0476580019541561
0.220239061691316,0.319058413096357,0.0476465781107767,0.00182094614189769,"Gnl2",0.0038010592722651,0.0476465781107767
0.114254152592264,0.162321437672297,-0.0476429699754056,0.00182240715851731,"Ltbp3",0.00380311964627904,0.0476429699754056
0.0909384288872012,0.126831722861451,0.0476016934756755,0.0018391977519158,"Med22",0.00383716140441299,0.0476016934756755
0.292900403559889,0.333799180225161,0.0475877153891797,0.00184491593418447,"Slc25a11",0.00384809083854853,0.0475877153891797
0.146444627137351,0.204533722265525,-0.0475349863358772,0.00186663372318262,"Map2k4",0.00389128767845133,0.0475349863358772
0.153195777907224,0.201836424833642,-0.0475342432593583,0.00186694144862721,"Mfap1a",0.00389128767845133,0.0475342432593583
0.0683709359949786,0.0907727304721458,0.047533344707436,0.00186731362231646,"Gm5914",0.00389128767845133,0.047533344707436
0.0827601316942454,0.114236105113847,-0.0475327356976511,0.00186756590848904,"Ids",0.00389128767845133,0.0475327356976511
0.0929643888509699,0.117151739958007,0.0475208248800343,0.00187250633712704,"Slc35c2",0.0039005687562584,0.0475208248800343
0.21828329093303,0.303131864160966,-0.047507315427082,0.00187812437965462,"Tet3",0.00391125616982835,0.047507315427082
0.0850281223438727,0.112129974784174,0.0474969046325735,0.00188246436884111,"Msto1",0.00391927713948653,0.0474969046325735
0.534455731849688,0.573191963353476,0.0474844834917308,0.00188765446600011,"Asah1",0.00392906340731126,0.0474844834917308
0.849662261063505,0.816611016351141,0.047465795813225,0.00189548775482555,"Sptssa",0.00394434485080918,0.047465795813225
0.116335139866964,0.153844522636752,0.047456630887164,0.00189934030191341,"Pstk",0.0039513369412894,0.047456630887164
0.217025775632601,0.281372567980679,-0.0474139325604596,0.00191738381469706,"Swt1",0.00398784026156797,0.0474139325604596
0.110872711949121,0.146805027750296,0.0473940417835111,0.00192584289299808,"Leng1",0.00400439579513257,0.0473940417835111
0.0915371131904595,0.146758807733863,-0.0473902204183265,0.00192747194710602,"Ubtd2",0.00400674479367324,0.0473902204183265
0.491189529115907,0.531498790084791,0.0473616630321033,0.00193968611073945,"Selenos",0.00403109074140723,0.0473616630321033
0.452520920294872,0.499099169423114,0.0473368292651742,0.00195036536724931,"Yipf4",0.00405223503542425,0.0473368292651742
0.0647869740282044,0.0820140210170766,-0.0473249547748089,0.00195549079672137,"Rubcn",0.0040609197391482,0.0473249547748089
3.0737381141445,5.11175948789915,-0.0473248002844847,0.00195555756132461,"mt-Atp6",0.0040609197391482,0.0473248002844847
0.316387870785183,0.374519607211683,0.0473178006545659,0.00195858471982475,"Tm2d1",0.00406615363308507,0.0473178006545659
0.163746611007406,0.212920494107886,-0.0473122906858202,0.00196097066279907,"Csnk2a2",0.0040700539571391,0.0473122906858202
0.114689373974075,0.144830248462074,0.0472734623134441,0.00197786001228584,"Bop1",0.00410404673870742,0.0472734623134441
0.137307269192577,0.182471329824773,0.0472446903843395,0.00199046105101842,"Sumf2",0.00412912602724194,0.0472446903843395
1.44424577285544,1.41769612545775,-0.0472078293064755,0.00200671246799647,"mt-Nd5",0.00416176294732584,0.0472078293064755
0.240104718314557,0.322824972873053,-0.0471534567247244,0.00203090670118284,"Itsn1",0.00421085151687109,0.0471534567247244
0.0933266335013826,0.128158178728121,0.0471347318068348,0.00203930049453052,"Sh3bp5l",0.00422716279207256,0.0471347318068348
0.0668212554517897,0.0863758729333584,-0.047132141962971,0.00204046394183288,"Zmiz2",0.00422848209433549,0.047132141962971
0.177752459643477,0.231175255959395,0.0471282293416127,0.00204222278113726,"Pnkp",0.00423103423595284,0.0471282293416127
0.270614845184631,0.356511277160124,0.0471098575350055,0.00205050006160629,"Rabl6",0.00424708634339929,0.0471098575350055
0.190646281930931,0.260192665181468,0.0471049258094946,0.00205272724608737,"Cnot8",0.00425060217357549,0.0471049258094946
0.188801826369916,0.239516422829723,0.0470950160427534,0.00205720924078535,"Gmpr2",0.00425878404232758,0.0470950160427534
0.187092685908207,0.229587464743048,0.0470734385554057,0.00206699938054827,"Dctn1",0.00427781883071295,0.0470734385554057
0.0796692429146977,0.105798730215712,-0.0470724030839073,0.00206747026738595,"Rps6ka5",0.00427781883071295,0.0470724030839073
0.0921748450238777,0.125885511859067,0.0470579554883547,0.00207405066745426,"Gss",0.00429032806281335,0.0470579554883547
0.152654900045505,0.199315920356734,0.0470563652324299,0.00207477614834233,"Zfp622",0.00429072263255126,0.0470563652324299
0.201133781519248,0.244499873875588,0.0470474220083218,0.00207886041754346,"Slc35a4",0.00429806132191928,0.0470474220083218
0.250336319007457,0.326646872576446,0.047038568670418,0.00208291089709914,"Myef2",0.00430532638802769,0.047038568670418
0.17511377935932,0.234764288214156,-0.0470214638169144,0.00209075702036049,"Sc5d",0.00432043119530584,0.0470214638169144
0.333470418091872,0.396252739161931,0.0470034875646214,0.00209903205815002,"Nsfl1c",0.00433641432404628,0.0470034875646214
0.460462369711231,0.475412760868123,0.0469845602166205,0.00210777735973282,"Cldnd1",0.0043533604979398,0.0469845602166205
0.571733510163741,0.633954704388822,0.0469405630555921,0.00212823528422401,"Capzb",0.00439448273819184,0.0469405630555921
0.134757508684393,0.185319410691051,0.0469267777046085,0.00213468258662614,"Orc6",0.00440666145487219,0.0469267777046085
0.504209505996723,0.633056657468547,0.0468971787310195,0.00214858632824432,"Ddx3x",0.00443422240170587,0.0468971787310195
0.0725387545517016,0.113327036982243,-0.0468785587385118,0.00215737531159442,"Gm26532",0.00445121612245658,0.0468785587385118
0.126146507250264,0.190766970156202,-0.0468591298896887,0.00216658120728669,"Tbck",0.00446906108156001,0.0468591298896887
0.154743876659517,0.205433596441976,0.0468574619693881,0.00216737318699223,"Adss",0.00446954573436794,0.0468574619693881
0.0525741845811879,0.0600487268004303,0.046845880498319,0.00217287974558947,"Mterf4",0.00447975002019781,0.046845880498319
0.151806222414537,0.210918665349592,0.0468430585542835,0.00217422341605572,"Prrc1",0.00448136878767817,0.0468430585542835
0.0996986420129805,0.135179304506628,0.0468278328125839,0.00218148630883449,"Zfp945",0.00449518390911349,0.0468278328125839
0.158901785776182,0.224165781117324,-0.0468230801195588,0.00218375795892432,"Snx13",0.00449870959240276,0.0468230801195588
0.154100324197012,0.191216275647305,-0.0468165104305088,0.00218690164977627,"Ppp1r18",0.00450402947582259,0.0468165104305088
0.113554851436206,0.20594509707515,0.0468056629365946,0.00219210140923404,"Mgea5",0.00451358011488169,0.0468056629365946
0.245132890053838,0.322318773867278,0.0467837437098998,0.00220264300571888,"Cdip1",0.00453412197996109,0.0467837437098998
0.541029704695326,0.605743583941218,0.0467812947185234,0.00220382367724236,"Sh3glb1",0.00453538886539952,0.0467812947185234
0.218487249258873,0.282274853610574,0.0467772404819201,0.00220577952042528,"Gpd2",0.00453824996715192,0.0467772404819201
0.101561692158851,0.135206842831639,-0.0467642642992579,0.00221205018065608,"Pcca",0.00454973807756302,0.0467642642992579
0.197007915011713,0.267780822533212,-0.0467633404328824,0.00221249725556467,"Asph",0.00454973807756302,0.0467633404328824
0.380788047380011,0.398841743104322,0.0467525953759555,0.0022177030580648,"Mrps36",0.00455927474709505,0.0467525953759555
0.245658568235188,0.376404740600181,-0.0467462574796757,0.00222077892307945,"Col5a1",0.00456388577005073,0.0467462574796757
0.41142919872422,0.510040356573394,0.0467456303474784,0.00222108349103291,"Phyh",0.00456388577005073,0.0467456303474784
0.150228723568862,0.252581190642754,0.0467384571190324,0.00222456990618864,"Gpc3",0.00456924928473618,0.0467384571190324
0.856539639922111,0.835514759666291,0.0467379170048191,0.00222483262156833,"Hnrnpa3",0.00456924928473618,0.0467379170048191
0.0667295396664029,0.10086482058432,-0.0467152433639582,0.00223588691488836,"R3hcc1l",0.00459077702279023,0.0467152433639582
1.40189685847152,2.25929729584505,0.0467044763490677,0.0022411538572736,"Col3a1",0.00460041405749895,0.0467044763490677
0.0657515728648371,0.0989821848785943,-0.0467031443436542,0.00224180622885083,"Tbc1d8b",0.00460057626094606,0.0467031443436542
0.0822688881233877,0.113236835599442,0.0466931912249752,0.00224668644111319,"Zfp593",0.00460941242738232,0.0466931912249752
0.225855332150206,0.288413612110056,0.0466916197718669,0.00224745784471553,"Hspa14",0.0046098163972386,0.0466916197718669
0.0609788988857474,0.0919513770356048,-0.046662328675667,0.0022618808963464,"Afg1l",0.00463821423774176,0.046662328675667
0.11201563877196,0.145104442473171,0.0466520076914988,0.00226698315360032,"Sft2d3",0.00464748922444787,0.0466520076914988
0.116295129504293,0.162625266945881,0.0466469441441117,0.00226949020914908,"Dhx29",0.00465144046953058,0.0466469441441117
0.174653771398104,0.289975751496596,-0.0466421493448905,0.00227186654284222,"Lars2",0.00465512184365832,0.0466421493448905
0.257771483499372,0.343764580661372,0.0466343602826233,0.00227573171074078,"2810004N23Rik",0.00466094432597406,0.0466343602826233
1.8444655134383,1.93813461603332,0.0466340820811672,0.00227586987402372,"Actg1",0.00466094432597406,0.0466340820811672
0.273411787607924,0.326321373071704,0.046624257478882,0.00228075399796166,"Timm17b",0.00466975505987352,0.046624257478882
0.0797927146254785,0.0957100186292232,0.0466147858545424,0.00228547173081092,"Sephs2",0.00467822070612929,0.0466147858545424
0.105086038452723,0.135191321956942,-0.0466130123488707,0.00228635609104673,"Wdr20",0.00467883735642922,0.0466130123488707
0.278145590414821,0.356889102998459,0.0466028989009492,0.0022914051624208,"Scfd1",0.00468797425376453,0.0466028989009492
0.173003617506488,0.236817473220323,0.046596352610012,0.00229467879558568,"Zfp276",0.00469347505882731,0.046596352610012
0.4638303764917,0.52563988172443,0.0465883335296545,0.00229869476906203,"Echs1",0.00470049103643062,0.0465883335296545
0.512733930765862,0.604619589434558,0.0465562896140178,0.00231480675483365,"Gpx8",0.00473223169446757,0.0465562896140178
0.17846130484363,0.230325038521373,0.0465521325212266,0.0023169045404862,"Cnot7",0.00473531381377007,0.0465521325212266
0.256372996487769,0.342101317281335,0.0465378763595205,0.00232411182582501,"Ndufaf2",0.00474883455320089,0.0465378763595205
0.644204985402186,0.691263850493989,0.0464784612182242,0.0023543710607926,"Rtn3",0.00480943823620159,0.0464784612182242
0.084400782020946,0.117290924353716,-0.0464613272705988,0.00236316387000885,"Tcirg1",0.00482617126315882,0.0464613272705988
0.0665238651494653,0.0960364131009182,-0.0464530486527587,0.00236742305631229,"Ibtk",0.004833639339402,0.0464530486527587
0.647149673176627,0.68338993989377,-0.0464474635968723,0.00237030042544594,"Nenf",0.00483828303581233,0.0464474635968723
0.133728292769705,0.155257963257905,0.0464365005175847,0.00237595781221762,"Tfdp1",0.00484859752930675,0.0464365005175847
0.156498235001275,0.18644034912768,-0.0464158819709523,0.00238663129478686,"Rnaset2b",0.00486914048038896,0.0464158819709523
0.44367229694422,0.510230540665066,0.0463318878539093,0.00243056703861482,"Bbip1",0.00495751650174004,0.0463318878539093
0.290203800082395,0.354189639229962,-0.0463268513579778,0.00243322490484229,"Mien1",0.00496167640062377,0.0463268513579778
0.152537377164751,0.220292701585642,-0.0463196049624339,0.00243705364743282,"Fbxw7",0.00496822115523398,0.0463196049624339
0.104253695207193,0.148363352682504,-0.0463017313752426,0.00244652100250279,"Fkbp15",0.00498625464162621,0.0463017313752426
0.0759053682739538,0.101587964891506,-0.0462836764582554,0.0024561185529417,"Izumo4",0.00500454425312449,0.0462836764582554
0.553298526310732,0.651764696607839,0.0462794027491311,0.00245839538703259,"Tpr",0.00500791180135809,0.0462794027491311
0.174539552256052,0.231213066203578,0.0462706872610827,0.00246304457946836,"Mcfd2",0.00501610906234877,0.0462706872610827
0.225859847818459,0.28524353821487,-0.0462530951280397,0.00247245344134468,"Rnf11",0.00503399300008873,0.0462530951280397
0.0672112357913448,0.0947559710475549,-0.0462506185464272,0.00247378063670299,"Thtpa",0.0050354175111377,0.0462506185464272
0.0634776720155021,0.0887263408268215,-0.046239565688396,0.00247971178948439,"Nmi",0.00504621034715261,0.046239565688396
0.245767354133521,0.311589268710222,0.0462286587555579,0.00248557738361164,"Bscl2",0.00505686433217541,0.0462286587555579
0.689426411331007,0.736708390041703,0.0462193044155526,0.00249061812099802,"H2afj",0.00506583518450902,0.0462193044155526
0.0790490439065532,0.107851006340491,0.0462083742121764,0.00249651988125831,"Sphk2",0.00507655233837219,0.0462083742121764
0.0632744466145508,0.0911801763086375,-0.0462012752667554,0.00250035980265935,"Dcun1d3",0.00508307247442073,0.0462012752667554
0.0991242281518367,0.137549267667144,0.0461919494512583,0.00250541247856881,"Thoc5",0.0050920541357741,0.0461919494512583
0.486766799114789,0.60866200182215,-0.0461850313726306,0.00250916668626351,"Mmp14",0.00509839288188869,0.0461850313726306
0.0855750133987817,0.120330463839496,-0.0461656209644094,0.00251972754128138,"Pitrm1",0.00511855539018779,0.0461656209644094
0.0581199073048425,0.0775725873519921,-0.0461548889135372,0.00252558409147437,"Mcm9",0.00512915382181482,0.0461548889135372
0.392520361254051,0.535416003218795,-0.0461451549781995,0.0025309067248724,"Oaf",0.00513866284422473,0.0461451549781995
0.399347278449444,0.455844270985521,0.0461282783567648,0.00254015937821307,"Ddx50",0.00515614440950713,0.0461282783567648
0.0870924489849739,0.114159140684842,0.0461263234649788,0.00254123314925493,"Extl2",0.00515701942074395,0.0461263234649788
0.0641016396620288,0.0965071185357896,-0.0461224924870465,0.00254333860905298,"Rbbp8",0.00515998710468802,0.0461224924870465
0.168559742429327,0.214655653374239,0.0461032232259395,0.00255395297115345,"Thap11",0.00518021199204633,0.0461032232259395
0.125726429805756,0.184909527576267,-0.0460745532279404,0.00256982064352766,"Atf6",0.00521107931353701,0.0460745532279404
0.135937803776464,0.172125522448533,0.046070175952677,0.00257225120110695,"Gyg",0.00521469015605916,0.046070175952677
0.182084490387288,0.231468428680212,-0.0460649166774116,0.00257517428353512,"5031425E22Rik",0.00521929741123662,0.0460649166774116
0.0912867211720364,0.119870861601665,0.0460427137417207,0.00258754807701163,"Fads3",0.00524305196210639,0.0460427137417207
0.239054687567428,0.304671312348216,0.0460268491008161,0.0025964227737756,"Pbdc1",0.00525970621983726,0.0460268491008161
0.0960649369294297,0.155068836083524,-0.0460046660479306,0.00260887864697714,"Trim37",0.00528360481154583,0.0460046660479306
0.416711782086712,0.510468007723796,0.0459953403485803,0.00261413135073367,"Mlec",0.00529290687819505,0.0459953403485803
0.181610589974122,0.239126558049206,0.0459880972705509,0.00261821768380231,"Zfp1",0.00529984326307511,0.0459880972705509
0.283521262388901,0.362525118417945,-0.0459868531750836,0.00261892015328922,"Zc3h14",0.00529992819924154,0.0459868531750836
0.0904482456947729,0.129253986859042,-0.0459856304966124,0.00261961069763876,"Hoxc9",0.00529998896567155,0.0459856304966124
0.255278201264866,0.328472334924859,0.0459521842123822,0.00263856514288959,"Fzd3",0.00533699185947721,0.0459521842123822
0.130097372986599,0.176548642227612,-0.0459363385494764,0.00264758876490222,"Dicer1",0.00535389421612284,0.0459363385494764
0.120656989256614,0.144418148062122,0.0459249944200009,0.00265406621065575,"Gpat4",0.00536564053270389,0.0459249944200009
0.0990592517904106,0.139139416934659,0.0459236469637598,0.00265483656329307,"Fbxo31",0.00536584599089762,0.0459236469637598
0.0663816246452793,0.0966091276189239,-0.045914861787923,0.00265986413612645,"Cox6b2",0.00537465369636833,0.045914861787923
0.142610373396778,0.336323922410875,-0.0459124063761615,0.00266127087162961,"Xkr4",0.00537614236504431,0.0459124063761615
1.87117515232822,1.13374837431526,-0.0458897304738441,0.00267429433578635,"Gnas",0.00540109180728661,0.0458897304738441
0.218356555522346,0.267112206342193,0.0458769230838358,0.00268167571572236,"Nr1h2",0.00541463662379371,0.0458769230838358
0.103628352957121,0.153531707498,-0.0458756804280521,0.00268239289456625,"Peg3",0.00541472215999989,0.0458756804280521
0.457484876574447,0.518620974180016,0.0458696259306601,0.00268588965777109,"Gltp",0.00542041715642737,0.0458696259306601
0.110855457572613,0.151858851365959,-0.0458617861826735,0.00269042367593494,"Msantd4",0.00542805781290308,0.0458617861826735
0.237886149215091,0.324435979858549,-0.0458607410180057,0.00269102866148161,"Tnks2",0.00542805781290308,0.0458607410180057
0.0767637951176638,0.102157846408298,-0.0458087754908664,0.00272126566535526,"Hmgxb3",0.00548766918793934,0.0458087754908664
0.111399194265859,0.161512595834102,-0.0457845935849038,0.00273544183256264,"Ercc6l2",0.005514870669468,0.0457845935849038
0.281541233062167,0.362687525365626,0.0457556344327081,0.00275250729719364,"Ccnh",0.00554788207804113,0.0457556344327081
0.219812593545336,0.307067332008741,-0.045749511038182,0.00275612820793744,"Trip11",0.00555378521860623,0.045749511038182
0.116199766574692,0.181012873062195,0.0457209937801469,0.00277304851505223,"Zcwpw1",0.00558647785206605,0.0457209937801469
0.18531616213529,0.376559963621593,0.0457133944191269,0.00277757346449764,"Gltscr2",0.00559418912628741,0.0457133944191269
0.310833843873911,0.3948631506064,0.0456807807544449,0.00279706953524867,"Lsm3",0.00563204164387335,0.0456807807544449
0.302263678957878,0.352517581199187,0.0456779080111061,0.00279879280092443,"Btbd1",0.00563409770060653,0.0456779080111061
0.269994784480929,0.34090967448612,0.0456578952862364,0.00281082470760884,"Timm10",0.00565689928614329,0.0456578952862364
0.0864819015165445,0.130178491213623,0.0456256593344494,0.00283030469386109,"9430038I01Rik",0.00569467524161018,0.0456256593344494
0.163598477443582,0.224454175621172,-0.0456210831279188,0.00283308003361165,"Mdm4",0.00569883033083477,0.0456210831279188
0.250943346914724,0.326274404995487,0.0455887543338306,0.00285275740105876,"Dlat",0.00573697378097632,0.0455887543338306
0.117138911788802,0.156515778253896,0.0455749334233273,0.00286120768715767,"Mfap3",0.00575252580349614,0.0455749334233273
0.0679886254592598,0.0938075523709362,-0.0455695957940924,0.0028644772939382,"Abhd18",0.00575765676517036,0.0455695957940924
0.129984269509184,0.171930860600916,0.045525587699128,0.00289156502884669,"Mrpl46",0.00581064808200997,0.045525587699128
0.202646538449419,0.254439435156042,-0.0455235126781275,0.0028928479912673,"H2-Ke6",0.00581177072657206,0.0455235126781275
0.0992405719661615,0.142381804382109,-0.0455219295375332,0.00289382717879619,"Smad1",0.00581228267400767,0.0455219295375332
0.253686244713964,0.368785624710468,-0.0455016609927329,0.00290639021637041,"Smarcc2",0.00583605482886792,0.0455016609927329
0.104500550247244,0.145537178418791,-0.0454795371864891,0.00292015998766758,"Dido1",0.00586223761347127,0.0454795371864891
0.43727398310481,0.53361255039258,0.045459641175183,0.00293259399118381,"Scaf11",0.00588572640951948,0.045459641175183
0.236962796541868,0.293147102056106,0.0454536636126242,0.00293633909062237,"1700123O20Rik",0.00589176915807799,0.0454536636126242
0.0664702940714619,0.0917436185879523,-0.0454519393378572,0.00293742020442172,"Mepce",0.00589246493006996,0.0454519393378572
0.0635933252962515,0.0981470580742479,-0.0454484566848519,0.00293960492223842,"Rhbdd1",0.00589537363060261,0.0454484566848519
0.252110634949853,0.304881753316838,0.045419745277639,0.00295767255792923,"Hnrnpll",0.00593012608816196,0.045419745277639
0.228624499883791,0.297013188550835,0.0454074591785881,0.00296543490714668,"Atp6v1b2",0.00594420427053334,0.0454074591785881
0.661401507159019,0.718493861243101,-0.0454024531748407,0.00296860302158528,"Lamp2",0.00594906859270737,0.0454024531748407
0.257934239881447,0.303072341643753,0.0453967537102934,0.00297221375973111,"Sf3b3",0.00595481728042009,0.0453967537102934
0.0908510017559708,0.122735707656222,0.0453929316397712,0.00297463737012465,"Trmt2a",0.00595818528654024,0.0453929316397712
0.479720753598813,0.558643297931513,0.045387386795622,0.0029781566116616,"Ube3a",0.00596374560817885,0.045387386795622
0.293161881385229,0.376697220150752,-0.0453793877254795,0.00298324020977959,"Pkn2",0.00597243499083617,0.0453793877254795
0.245240696920116,0.33304289243676,-0.0453703794245114,0.00298897467200306,"Xiap",0.00598242274087118,0.0453703794245114
0.403366445324941,0.509619767650185,-0.0453691665580268,0.00298974752029813,"Sash1",0.00598247733238709,0.0453691665580268
0.177967306829758,0.245834317851578,-0.0453581705045982,0.00299676261471645,"Pds5a",0.00599501950149209,0.0453581705045982
0.0654915861844995,0.0963013204101578,-0.0453498018856918,0.00300211155434639,"Cep57l1",0.00600422310869278,0.0453498018856918
0.764159370773437,0.755720481308333,0.0452714289943232,0.00305262908192814,"Atraid",0.0061037367937681,0.0452714289943232
0.262240678741605,0.318643808929252,0.0452605047381646,0.00305973184322781,"Stx5a",0.00611641462632285,0.0452605047381646
0.148472131137955,0.249161878756496,0.0452515835066438,0.0030655434452429,"Ank2",0.00612650575457758,0.0452515835066438
0.181585080209059,0.23074346804523,0.0452493216217121,0.00306701851439726,"Fastk",0.00612792743016026,0.0452493216217121
0.541212591735369,0.634601523862943,0.0452465369994581,0.00306883537090335,"Khdrbs1",0.00613003112176461,0.0452465369994581
0.215310309624561,0.301437628251329,-0.0452205332247085,0.00308584923388373,"Gnptab",0.00616248239240495,0.0452205332247085
0.110492245317085,0.170906990862279,-0.0452102119735868,0.00309262607056871,"Gabpb2",0.0061744791217326,0.0452102119735868
0.170378945842396,0.213627839754054,0.0452065316951971,0.00309504578592971,"Nudt5",0.00617777298166667,0.0452065316951971
0.24862245758742,0.34299675431829,0.0451983015984718,0.00310046316884603,"Wwc2",0.00618704711932867,0.0451983015984718
0.125971155297523,0.185527991827527,-0.0451970269145099,0.00310130298998346,"Tdrd3",0.00618718428434294,0.0451970269145099
0.0632737033327138,0.0854991788952513,-0.0451898566347939,0.00310603096884566,"Sirt1",0.00619507643400884,0.0451898566347939
0.441385027685354,0.590130033077168,-0.0451814741791718,0.00311156656784832,"Ddx6",0.00620439912278681,0.0451814741791718
0.591791606573342,0.65098375890124,-0.0451804378624481,0.00311225155399014,"Clic1",0.00620439912278681,0.0451804378624481
0.173945406158432,0.235623953645777,0.0451667922792419,0.00312128385970631,"Ap1m1",0.00622085983365211,0.0451667922792419
0.0646943888387309,0.0870872459148886,-0.0451419146312712,0.00313781241542493,"Slc25a28",0.00625224902442752,0.0451419146312712
0.174588190315317,0.253733290807175,-0.0451324141352675,0.00314414550433077,"Kif13a",0.00626331269283767,0.0451324141352675
0.193750167067921,0.274655146649749,0.0451264253960573,0.00314814361774948,"Tars",0.00626972062269095,0.0451264253960573
0.20829307738825,0.282741972371571,0.0451122008857508,0.00315765855162412,"Tmf1",0.00628710973157121,0.0451122008857508
0.0805968567290918,0.1077727791308,0.0451096873058289,0.00315934263514549,"1600012H06Rik",0.00628890233302094,0.0451096873058289
0.248180308487239,0.318069285051482,0.0450943953714154,0.00316960578683063,"Gtf2b",0.00630776707180779,0.0450943953714154
0.165518217793957,0.251282426788164,-0.0450755265026395,0.00318231145460017,"Col15a1",0.00633148205100713,0.0450755265026395
0.138079956464833,0.185669687591059,-0.0450567650387658,0.00319499079093374,"Pls3",0.00635513289698868,0.0450567650387658
0.132999067921457,0.177096928784061,0.0450020117442717,0.00323225765484898,"Rnf41",0.00642766677137751,0.0450020117442717
0.413681825597973,0.490415392104514,0.0449982058442394,0.00323486273307646,"Smarcb1",0.00643125336229076,0.0449982058442394
0.0851759743674347,0.127313131827056,-0.0449824534517073,0.00324566534665269,"Fbxl4",0.00645113171700302,0.0449824534517073
0.054471094283598,0.0697356318288849,-0.0449683302144779,0.00325537864890105,"Zmat3",0.00646851785527512,0.0449683302144779
0.108689738857104,0.131067291603789,-0.0449673919538838,0.00325602487754938,"Peg13",0.00646851785527512,0.0449673919538838
0.137786492661884,0.177415059440209,0.0449636266359155,0.00325861942237974,"Anapc4",0.00647179644766197,0.0449636266359155
0.0982304204428304,0.134837167153538,0.0449626563511407,0.00325928831567822,"Tjap1",0.00647179644766197,0.0449626563511407
0.128504687322558,0.180501919833704,-0.0449446173470739,0.00327174680900732,"Casd1",0.00649492736157218,0.0449446173470739
0.0681021836322286,0.0912374198964164,0.0449353115839167,0.00327819070229052,"Mpi",0.00650610986771683,0.0449353115839167
0.164384989189642,0.307095570547973,-0.0449277836052089,0.00328341200049593,"Gfra1",0.00651387927058984,0.0449277836052089
0.0829237281722865,0.107389560646233,-0.0449273268842579,0.00328372901913458,"5031439G07Rik",0.00651387927058984,0.0449273268842579
0.369693290010275,0.439454457787994,0.0449056095656123,0.0032988356326348,"Sra1",0.00654176062782691,0.0449056095656123
0.0604886991277598,0.0770454132621908,-0.0449047785945677,0.00329941491286335,"Cnnm3",0.00654176062782691,0.0449047785945677
0.0856565696486706,0.116096883157335,0.0448918436970911,0.00330844394073558,"Atg4d",0.00655804204062805,0.0448918436970911
0.0900349083198498,0.120812391217844,-0.0448866867153295,0.00331204996957266,"Ccdc9",0.00656356852453717,0.0448866867153295
0.646927027525712,0.712144907118903,0.0448626229637562,0.00332892394688681,"Ostc",0.00659537919748637,0.0448626229637562
0.796787082422708,0.848432212404893,0.0448403606769327,0.00334460436050698,"Ctsc",0.00662359981092513,0.0448403606769327
0.100000449290045,0.136968703191711,-0.0448400568177657,0.0033448188476905,"Fuz",0.00662359981092513,0.0448400568177657
0.141276182395288,0.207015384287367,-0.0448223920144406,0.00335730956999137,"Cdc27",0.00664669429795479,0.0448223920144406
0.0894203166812965,0.126354459368453,0.0448119539931595,0.00336471020193094,"R3hcc1",0.0066597026789082,0.0448119539931595
0.100573818240584,0.151547493273779,-0.0447739301213543,0.00339179514589364,"2700049A03Rik",0.00671165579547486,0.0447739301213543
0.297000456384532,0.334415539933653,0.0447509890337519,0.00340823223472509,"Pam16",0.00674251860242458,0.0447509890337519
0.473761112349916,0.531521602215237,0.0447441613455485,0.00341313819301168,"Napa",0.00675055973890208,0.0447441613455485
0.126598161310198,0.171185790690535,0.0447396575440134,0.00341637786564998,"Gatc",0.00675481217023169,0.0447396575440134
0.10608852837356,0.160187529840875,0.0447388321248677,0.00341697190914387,"Spryd7",0.00675481217023169,0.0447388321248677
0.141010936785482,0.191827791356233,0.0447355668517559,0.0034193228055566,"Mrpl39",0.00675779462851876,0.0447355668517559
0.0851326368889053,0.156243902988463,0.0447320776163824,0.00342183657463286,"Eif3j2",0.00676109743286237,0.0447320776163824
0.134538462117188,0.182166794669084,0.0447244641415713,0.0034273274314185,"Slc25a1",0.00677027949524914,0.0447244641415713
0.412615348705473,0.497268361199623,0.044712122991824,0.00343624493280898,"Mrpl13",0.00678622430245121,0.044712122991824
0.084738830510601,0.118467834235443,0.0447109231795,0.00343711302155087,"Qsox2",0.00678626842640851,0.0447109231795
0.216548821207043,0.26808417921018,0.0447083826657701,0.00343895179381573,"Gmps",0.00678822858390588,0.0447083826657701
0.412118481292888,0.504594576177165,0.0447044424975349,0.00344180537830839,"Zdhhc20",0.00679219044651907,0.0447044424975349
1.14825696388085,0.977907903050249,0.0446996240555912,0.00344529796257771,"Ndufa7",0.00679741107738469,0.0446996240555912
0.0692377487760812,0.103660724161574,-0.0446977497512724,0.003446657398362,"Dmxl2",0.00679842157435021,0.0446977497512724
0.49796544653021,0.575145248381126,0.0446668596245236,0.00346913247364807,"Cstb",0.00684107126285381,0.0446668596245236
0.102081116194767,0.135527277998565,0.0446586224831236,0.00347514813927078,"Chchd5",0.00685125028734858,0.0446586224831236
0.329077939936133,0.378808149230915,0.044644872856524,0.00348521077264811,"Mrpl24",0.00686940094319048,0.044644872856524
0.0871461885237586,0.156378958427944,-0.0446072527853718,0.00351287856489448,"Gpc1",0.00692223418583333,0.0446072527853718
0.461868008795043,0.54685653516398,-0.0445995044782649,0.00351860183305132,"Serinc3",0.00693180974917843,0.0445995044782649
0.0898993802180978,0.126841134373254,-0.044591313607574,0.00352466122050917,"Zbtb44",0.00694204261987373,0.044591313607574
0.0803578538564944,0.111727298986817,-0.0445749976019022,0.00353675965772769,"Sidt2",0.00696416183892196,0.0445749976019022
0.188872179209004,0.23764455875033,0.0445704023236472,0.00354017390029943,"Med4",0.00696917452796924,0.0445704023236472
0.0882072236411911,0.124111382691384,0.0445629096300355,0.00354574732061938,"Cc2d1b",0.00697843426555063,0.0445629096300355
0.140221537167147,0.187504288786456,0.0445590199998966,0.00354864375721304,"Rpf1",0.00698242214513914,0.0445590199998966
0.110733474786749,0.14959773434132,0.0445463359486619,0.00355810396861206,"Psmg1",0.0069993199912094,0.0445463359486619
0.117571928619107,0.168303510566907,0.0445371188149408,0.00356499281338126,"Pus7",0.00701115253298315,0.0445371188149408
0.245713614823262,0.303364081946337,0.0445223853476085,0.0035760297343994,"Ppp1r35",0.00703113516021093,0.0445223853476085
0.155884636419953,0.195886436586884,-0.0445019059208099,0.00359142259829672,"Tmem229a",0.00705967048719571,0.0445019059208099
0.171476202609031,0.218647225206793,0.0444817126150149,0.003606659372172,"Coa6",0.007087885085062,0.0444817126150149
0.19557128992113,0.271144505885504,-0.0444578708845267,0.00362472469724908,"Smg7",0.007120110646036,0.0444578708845267
0.0675809595666108,0.104229623610938,-0.0444577295911888,0.00362483200262426,"Phtf2",0.007120110646036,0.0444577295911888
0.237884026972987,0.348657761755711,0.0444549443955288,0.0036269478120586,"Gtf2f1",0.00712252306509012,0.0444549443955288
0.138329785694329,0.197850342465284,-0.0444131504112824,0.00365883226489859,"Synrg",0.00718337902949506,0.0444131504112824
0.362854925664073,0.473192660733281,-0.0443923808620128,0.00367477184740423,"Cnot4",0.00721290834236095,0.0443923808620128
0.288066613142712,0.352007674353054,0.0443670295649754,0.00369431321472836,"Slc25a17",0.00724949113107858,0.0443670295649754
0.804769463453778,0.93862816976474,-0.0443614376180593,0.00369863631032324,"Crip1",0.00725619993986154,0.0443614376180593
0.205404192929722,0.283102936256359,-0.0443340636219823,0.00371986537245652,"Akap11",0.00729606447044515,0.0443340636219823
0.117671566749165,0.151492645900651,-0.0443130101553021,0.0037362680054936,"Pex6",0.00732644537538628,0.0443130101553021
0.315269539511867,0.379296224417639,0.0443079769038763,0.00374019910375313,"Snx2",0.00733236198595533,0.0443079769038763
0.0957456223082468,0.130189706017148,-0.0442818437271062,0.00376067026322977,"Avl9",0.00737069325651091,0.0442818437271062
0.358159374460437,0.434110841648861,0.0442670513343002,0.00377230280274605,"Chtop",0.00739168685939787,0.0442670513343002
0.331780520687701,0.451113573830315,-0.0442643758768446,0.00377441023427099,"Rdh5",0.00739401067377697,0.0442643758768446
0.188242950467353,0.240774058297426,0.0442628936688892,0.00377557821527255,"Nrbp1",0.00739449343406077,0.0442628936688892
0.123655027755157,0.171549301834753,-0.0442487891811326,0.0037867090024619,"Samd4b",0.00741448341526458,0.0442487891811326
0.370709366080191,0.44795150698217,0.0442159834611678,0.00381271356566733,"Lsm14a",0.00746357981237245,0.0442159834611678
0.172383466482104,0.224473402961412,-0.0442031838776683,0.00382290350351195,"Angptl4",0.00748170188101949,0.0442031838776683
0.107425099497564,0.136475140731517,0.0441845440292659,0.00383778720835408,"Proser1",0.00750899891729654,0.0441845440292659
0.0937459604556634,0.126565409548605,-0.0441789925351436,0.00384223017316202,"Mta1",0.00751585931483473,0.0441789925351436
0.254703020908484,0.321809902525435,0.0441633656918948,0.00385476172270134,"Vps72",0.00753853474602865,0.0441633656918948
0.115141444198661,0.176206461547274,-0.0440961366939287,0.00390909874951956,"Airn",0.00764293576173123,0.0440961366939287
0.271361877276434,0.337250174612821,0.0440893217123972,0.0039146455174307,"Lman2",0.00765191611007648,0.0440893217123972
0.100882221687081,0.146574872785279,-0.0440770454278073,0.00392465531678224,"Mms19",0.00766719043565284,0.0440770454278073
0.103889867791365,0.142638221812641,0.0440763694598204,0.00392520715989259,"Tfpt",0.00766719043565284,0.0440763694598204
0.0787990053952784,0.0915066345356686,0.0440757448556567,0.00392571713350129,"Ppp2r3d",0.00766719043565284,0.0440757448556567
0.136556722773435,0.178260680462211,0.0440750532993962,0.00392628184198623,"Chmp7",0.00766719043565284,0.0440750532993962
0.0950965689078235,0.139123873981894,0.0440704861656466,0.00393001310756546,"Nufip1",0.00767260953165577,0.0440704861656466
0.100191678428533,0.140246438468848,-0.0440627306544588,0.00393635659526664,"Pygb",0.00768161032085877,0.0440627306544588
0.706207890871713,0.749771706782998,0.0440616546934322,0.00393723739306621,"Cwc15",0.00768161032085877,0.0440616546934322
0.167794342131831,0.244532180070044,0.0440613395354903,0.00393749541995166,"Uchl5",0.00768161032085877,0.0440613395354903
0.381626648212157,0.528802634311252,0.0440515442514877,0.00394552269623685,"Tardbp",0.00769463376766659,0.0440515442514877
0.131913384642852,0.178703519808636,0.0440508539303428,0.00394608897731157,"Ebag9",0.00769463376766659,0.0440508539303428
0.146539712453785,0.192649563751864,0.0439954472720011,0.00399178125409066,"Cmc1",0.00778183984033612,0.0439954472720011
0.329069813111041,0.415659177707451,-0.0439892283879016,0.0039969396494658,"Hsdl2",0.00779000333915803,0.0439892283879016
0.396542218275048,0.541911662179401,-0.0439624556528479,0.00401921606352439,"Sbf2",0.00783151765267599,0.0439624556528479
0.0610888846987037,0.0870403244206062,0.0439399313139564,0.00403804478071847,"Rgs12",0.00786629553786962,0.0439399313139564
0.0719612950709336,0.103858014553758,-0.0439316661095247,0.00404497394331397,"Prelid3a",0.00787745360646362,0.0439316661095247
0.107333906067687,0.135565894185427,0.0439307578054533,0.00404573608078721,"Ppp2r3c",0.00787745360646362,0.0439307578054533
0.600053257758083,0.621966239363363,0.0438998495821023,0.00407174826001819,"Ppdpf",0.00792617856341241,0.0438998495821023
0.404362316550693,0.497158021835063,0.0438880263441802,0.00408173868671732,"Gspt1",0.00794369905947606,0.0438880263441802
0.352172720914454,0.433266664120646,0.0438846079636463,0.00408463129937843,"Vapb",0.00794740095688956,0.0438846079636463
0.0910247458091652,0.122448741291678,0.0438586279040628,0.00410667631798879,"Fahd1",0.00798835655164656,0.0438586279040628
0.701894425163895,0.799571770053599,0.0438539857751361,0.00411062667878363,"Sfpq",0.00799410287701401,0.0438539857751361
0.17338579186982,0.220996696673392,0.0438341725334814,0.00412752614349024,"Polr3k",0.00802502296471183,0.0438341725334814
0.141715354445548,0.178539205869145,0.0438328354044789,0.00412866889838694,"Tmem115",0.00802530020364748,0.0438328354044789
0.103930879575492,0.146938320127142,0.0438224869355296,0.00413752275396657,"Arl16",0.00804056250371222,0.0438224869355296
0.0669366178276162,0.086215816342265,-0.0438186583286568,0.00414080276310827,"Tbc1d14",0.0080449882254675,0.0438186583286568
0.613479804021441,1.1339414359776,0.0438009785489393,0.00415597983573168,"Hspa1a",0.00807252050397265,0.0438009785489393
0.082414341346149,0.113726686038348,-0.0437713761932592,0.00418150474967596,"Pot1b",0.00812013410246852,0.0437713761932592
0.334230556442347,0.448202805233411,0.0437699222499286,0.00418276208131177,"Taf1d",0.00812061043804638,0.0437699222499286
0.196298637358247,0.233515947358092,0.0437564771378166,0.00419440531271322,"Hax1",0.00814124533846417,0.0437564771378166
0.0695117326351258,0.0867143009485373,0.0437343858905149,0.00421359977756715,"Nop2",0.0081765234861424,0.0437343858905149
0.259752901408551,0.366329918148515,0.0437256939195575,0.00422117379593685,"Fam50a",0.00818856261950212,0.0437256939195575
0.408183847178028,0.491339510154194,0.0437249244289463,0.00422184490988039,"Acadm",0.00818856261950212,0.0437249244289463
0.0942497645665466,0.153717799155353,0.0437230696385337,0.00422346296953379,"Mum1",0.00818972133096644,0.0437230696385337
0.0898443028188669,0.124796940821478,-0.0437098013607887,0.00423505419719543,"Wtip",0.00821021379035905,0.0437098013607887
0.0863500101023004,0.129540630043743,-0.0437076183879584,0.00423696401287183,"Stxbp4",0.00821193218340182,0.0437076183879584
0.148170225857546,0.198704749309359,-0.0436956416351215,0.00424745600620682,"Tle3",0.00823025595971529,0.0436956416351215
0.0711586733225573,0.101490911373574,0.0436944860089582,0.00424846961429969,"Nt5dc2",0.00823025595971529,0.0436944860089582
0.133070684908747,0.195190431195574,-0.0436882686447112,0.00425392667432594,"Herc4",0.00823883843465879,0.0436882686447112
0.11259887834334,0.171123073857017,-0.0436389862953803,0.0042974077491257,"Prdm2",0.00832104241770864,0.0436389862953803
0.0889567967602751,0.156281753743748,-0.0436321271870065,0.00430349126917474,"Cacna2d1",0.00833081156667264,0.0436321271870065
0.231277116810842,0.307246204254808,-0.043629256305846,0.00430603984423201,"Fars2",0.00833373461411423,0.043629256305846
0.165348834614287,0.198871992293156,-0.0436233608179593,0.00431127775121782,"Mindy2",0.00834185982053817,0.0436233608179593
0.18988113993108,0.245287621457771,-0.0435944283230783,0.00433706693385628,"Zfp397",0.00838973603598428,0.0435944283230783
0.110663773417722,0.144651876230844,0.0435697314454184,0.00435919118771403,"Dnajc14",0.00843050134736499,0.0435697314454184
0.315569099068514,0.43159882489626,-0.0435342116674862,0.00439119028715893,"Rbm6",0.00848906975951745,0.0435342116674862
0.264585030464093,0.333399945526361,0.0435337680261004,0.00439159129757688,"Snx5",0.00848906975951745,0.0435337680261004
0.891137882210205,1.13155552366214,-0.043531702739993,0.00439345856033635,"Neat1",0.00849063378808739,0.043531702739993
0.198160778821212,0.267004321147988,-0.0435263876959766,0.00439826729667444,"Phc2",0.00849788027655085,0.0435263876959766
0.328749628565887,0.451432297714488,0.043500006169123,0.00442220638977093,"Smarcc1",0.00854207608847422,0.043500006169123
0.295990456985344,0.325849262846873,0.0434941874531215,0.00442750226534601,"Fam204a",0.00855024745538782,0.0434941874531215
0.491031204281848,0.59146437863574,0.0434813328927909,0.0044392221526534,"Mxd4",0.00857081774612388,0.0434813328927909
0.189623616025591,0.241202629715399,0.0434745371539006,0.00444542938077209,"Zfp580",0.00858073739507223,0.0434745371539006
0.269916379183175,0.331078582959553,-0.0434472318190656,0.0044704494159663,"Fbxo3",0.00862695673730486,0.0434472318190656
0.163899350389324,0.364523206826081,0.0434159977031905,0.00449922576852166,"Epb4.1l2",0.00868040095374316,0.0434159977031905
0.266681124024485,0.355222054652644,0.0433984822248787,0.00451543630014293,"Msl1",0.00870958194046799,0.0433984822248787
0.31684718306777,0.38665968469433,0.0433874408216628,0.00452568225362286,"Wbp2",0.00872724691253781,0.0433874408216628
0.371855301117758,0.433710140462172,0.0433659858147784,0.00454565181377423,"Emc3",0.00876364972458541,0.0433659858147784
0.109396256523044,0.187691526584012,-0.0433647041284293,0.0045468472838303,"Efna5",0.00876384881226384,0.0433647041284293
1.20490483317479,1.08291624890338,0.043361020954984,0.00455028428282568,"Plekhb1",0.00876836721551231,0.043361020954984
0.198902535829334,0.261122723937502,0.0433507896883179,0.00455984406376573,"Car11",0.00878467917590786,0.0433507896883179
0.115395117031789,0.157733482340065,0.0433294016812845,0.00457988712737837,"Dtd1",0.00882117482239175,0.0433294016812845
0.493353836759161,0.659682603619774,-0.0433100594614266,0.00459808169872118,"Nsd1",0.00885409348465052,0.0433100594614266
0.0832406571206694,0.11599179864262,-0.0432967967275978,0.0046105952954482,"N4bp2l1",0.00887605965707207,0.0432967967275978
0.109009696720057,0.14529296389916,-0.0432553936222596,0.00464985836946353,"Arl5b",0.00894949953383913,0.0432553936222596
0.247855612180622,0.364650609600955,0.0432520935798212,0.00465300082529607,"Cdh1",0.0089534001492028,0.0432520935798212
0.0992140213297213,0.134653544755322,-0.043239405625676,0.00466510080366023,"Zfp652",0.00897453101140486,0.043239405625676
0.15118394928319,0.184622266794543,0.0432331958476939,0.00467103318649382,"Cdk16",0.00898378961851064,0.0432331958476939
0.0715986383490696,0.105248119805535,-0.0432230835939708,0.00468070833222932,"Ttc37",0.00899849679154555,0.0432230835939708
0.163833035605392,0.222699041676467,-0.0432228595132431,0.00468092293219232,"Ddit3",0.00899849679154555,0.0432228595132431
0.165829997704089,0.210990600327139,-0.0432162578306054,0.00468724929720976,"Rab5b",0.00900850020618229,0.0432162578306054
0.41036677714187,0.448091932336887,0.0432137191785683,0.00468968413611492,"Pgk1",0.00901102143395262,0.0432137191785683
0.189689927367661,0.235778802956478,0.0431988505217123,0.0047039677674509,"Kdsr",0.00903536115676218,0.0431988505217123
0.6946408285942,0.887132521513146,0.0431978615464366,0.00470491922521824,"Pnn",0.00903536115676218,0.0431978615464366
0.11219980628675,0.151627995425306,-0.0431970193646844,0.00470572959547721,"Cluap1",0.00903536115676218,0.0431970193646844
0.188334644485101,0.240684239894275,-0.0431917508340491,0.00471080198666874,"Kdm7a",0.00904293663661005,0.0431917508340491
0.784190005736966,0.768592463022785,0.0431689966574452,0.00473276593643474,"Chmp2a",0.0090829260640881,0.0431689966574452
1.8047215014147,1.45178983300214,-0.0431557252166599,0.00474561921763403,"B2m",0.00910541573464742,0.0431557252166599
0.241031639106989,0.309477848011402,0.0431406892728405,0.0047602195609251,"Fscn1",0.00913018474439799,0.0431406892728405
0.260104897365621,0.343265817051129,-0.043140088051419,0.00476080420869407,"Pias1",0.00913018474439799,0.043140088051419
0.0821857432292745,0.103760930908612,0.0431283250489524,0.00477225602233216,"Ccdc22",0.00914855091709068,0.0431283250489524
0.277838179513086,0.386906845015475,-0.0431274974731037,0.00477306264233227,"Grb2",0.00914855091709068,0.0431274974731037
0.111624986654205,0.171551930017089,-0.04312673960088,0.00477380143193653,"Kdm3a",0.00914855091709068,0.04312673960088
0.0673273983880759,0.0874239043877539,0.043107109382735,0.0047929734563473,"Kctd11",0.00918309909592425,0.043107109382735
1.13586841496225,1.01212393600755,0.0430789356880408,0.00482061127303132,"Sema3b",0.00923384694552478,0.0430789356880408
0.113805897582074,0.157538339661042,0.0430625400047955,0.00483676137854679,"Sharpin",0.00926257119366573,0.0430625400047955
0.140688828572309,0.210091441751955,0.0430592956471419,0.00483996293560544,"Tead2",0.00926649071708377,0.0430592956471419
0.146452224679105,0.181387271484401,0.0430301115915855,0.00486884826775393,"Mri1",0.00931957025297174,0.0430301115915855
0.288617391203254,0.376061680127339,0.0430246698868558,0.00487425148541476,"Glrx2",0.00932768755520345,0.0430246698868558
0.228065817840471,0.251273724170031,0.0430158963201709,0.00488297442027542,"Hpf1",0.00934215230049833,0.0430158963201709
0.106965031040222,0.146794664280086,0.0430129213481501,0.00488593542727089,"Plekhg3",0.00934558900319944,0.0430129213481501
0.703737098060957,0.745450503148098,0.0429789052581006,0.00491990744883592,"Rab10",0.00940832635115811,0.0429789052581006
0.0602342366117157,0.0877654203265886,0.0429004091157128,0.00499911838295732,"Anapc15",0.00955752344647356,0.0429004091157128
1.16896664177453,1.02455427677678,-0.0428916088848866,0.00500807023352448,"Cyp2j6",0.00957235720671759,0.0428916088848866
0.171165400832707,0.23464614077439,0.0428501091885047,0.00505048050942551,"Gclm",0.00965112064959044,0.0428501091885047
0.166554575091517,0.211691751842157,0.0428157361476227,0.00508585321593889,"Golt1b",0.00971640147730801,0.0428157361476227
0.479687819551835,0.596853288701439,0.0428088637106457,0.00509295231936236,"Cdh6",0.00972764803869639,0.0428088637106457
0.175039667296553,0.211364098398388,0.0427930437802232,0.00510932806261835,"Rbfa",0.00975660361124457,0.0427930437802232
0.149861766412846,0.186665276595078,0.0427749614630361,0.00512810393434412,"Uxs1",0.00979012752062271,0.0427749614630361
0.0926119529563676,0.142082085132478,-0.0427322228861556,0.0051727297952039,"Dpy19l4",0.0098729742808554,0.0427322228861556
0.0824767116529913,0.119336942356879,0.0427214762842046,0.00518400600800544,"Nfrkb",0.00989214368804653,0.0427214762842046
0.226539786976744,0.287534588833392,0.0426770615415522,0.00523084547315727,"Rnf14",0.00997914980423535,0.0426770615415522
0.204073528300049,0.25586973965175,0.0426736970972429,0.00523440911725348,"Sirt3",0.00998357469856,0.0426736970972429
0.255273824864516,0.283170232917761,0.0426514694424647,0.00525800795759839,"Ndufaf8",0.0100262014856867,0.0426514694424647
0.305007669667356,0.438351246513932,0.0426237357128252,0.00528758723728811,"Nek1",0.0100802090738892,0.0426237357128252
0.357523781714562,0.479288072712805,-0.0425956849472235,0.00531765740461139,"Srek1",0.0101338077353761,0.0425956849472235
0.0842054468433801,0.104680851996833,-0.0425951537203785,0.00531822836162371,"Pkn1",0.0101338077353761,0.0425951537203785
0.0923603907597398,0.133954242146267,-0.0425741219605794,0.00534087759553107,"D10Wsu102e",0.010174549341534,0.0425741219605794
0.187770230299173,0.251962718997613,0.0425479189980285,0.00536921754011106,"Ltv1",0.0102261100265491,0.0425479189980285
0.093449029098322,0.129794199228103,-0.0425435587061744,0.00537394658687034,"Ier3",0.0102326880429634,0.0425435587061744
0.0972067304056483,0.126773305483912,0.0425399197441657,0.00537789617794611,"Elp3",0.0102377791060118,0.0425399197441657
0.55603359055229,0.557252518581892,0.0425349408953418,0.00538330427614073,"Ube2s",0.0102456436223324,0.0425349408953418
0.916299630149778,0.828375116266165,0.0425204218071153,0.0053991031628935,"D8Ertd738e",0.0102732757360819,0.0425204218071153
0.064459317561901,0.0850129499347046,0.0425165895155811,0.00540328023017206,"Rab40b",0.010278786288976,0.0425165895155811
0.199061435841779,0.252345441466094,0.0424969473787969,0.00542473531126886,"Psmd10",0.0103171548086327,0.0424969473787969
0.246231976187295,0.321968803354686,-0.0424706208013923,0.0054536123793311,"Agpat3",0.0103696174719793,0.0424706208013923
0.240708941226998,0.345575200041387,-0.0424665786577834,0.00545805838476845,"Rb1",0.0103756125276906,0.0424665786577834
0.352953246579463,0.708935327353701,0.0424589104817843,0.00546650169837368,"Gm8730",0.0103892017119257,0.0424589104817843
0.0837830314921796,0.117862725936687,0.0424537360294838,0.00547220586822804,"Zfp30",0.0103975798926502,0.0424537360294838
0.108174898998102,0.161721268667718,0.0423961695162267,0.00553602877696779,"Ston1",0.0105163576956415,0.0423961695162267
0.118133877283884,0.161177008801897,-0.0423617797412051,0.00557447572209554,"Rpa1",0.0105868859630993,0.0423617797412051
0.725383158612597,0.788007845426654,-0.0423570957624183,0.00557973089216024,"Sec61g",0.0105943588922607,0.0423570957624183
0.240672281438813,0.312390452548282,0.0423556056267861,0.00558140368018452,"Mafg",0.010595027946487,0.0423556056267861
0.0886779812358049,0.130270844005682,-0.0423516997912375,0.00558579041784529,"Eml2",0.0106008472830631,0.0423516997912375
0.196105000105504,0.271086430950981,-0.0423372292263041,0.00560206977276046,"Atf2",0.0106292286253559,0.0423372292263041
0.196217940028819,0.319292682761067,-0.0423238967140085,0.00561710668341439,"Fnbp4",0.0106552397228645,0.0423238967140085
0.353729098566131,0.410975160502676,0.0423154383350155,0.00562666522482996,"Sept9",0.0106694570149648,0.0423154383350155
0.180113976840672,0.230130096320862,0.0423149115805604,0.00562726097798242,"Tmem184c",0.0106694570149648,0.0423149115805604
0.0929059929070745,0.132852393494047,-0.0423073765017749,0.0056357892936199,"Ezh1",0.0106831025967413,0.0423073765017749
0.182724961017242,0.228025948032645,0.0423035950903092,0.0056400735429638,"Hgsnat",0.0106886986558199,0.0423035950903092
0.191126669997792,0.248794485825723,0.0423009018509058,0.00564312670981789,"Malsu1",0.0106919595559808,0.0423009018509058
0.103805874124868,0.140109627682003,-0.0422974286961105,0.00564706622114797,"Trrap",0.0106968978655551,0.0422974286961105
0.212171740469159,0.279314272416506,0.0422834557009166,0.00566294050657687,"Tssc4",0.010724435833083,0.0422834557009166
0.0802549974774329,0.113945924034622,0.0422766855923897,0.00567064627794684,"Gas2",0.0107343626192745,0.0422766855923897
0.0867863546524669,0.106294194269822,0.0422764998540629,0.00567085781942978,"Kctd13",0.0107343626192745,0.0422764998540629
0.470725496751645,0.539653446380577,-0.0422666177723528,0.00568212300628133,"Arl8a",0.0107513738604528,0.0422666177723528
0.262276694544877,0.354479326831709,0.0422662659039321,0.00568252449428968,"Camta1",0.0107513738604528,0.0422662659039321
0.103454583923187,0.137636660310536,0.0422614991020788,0.0056879660193652,"Blzf1",0.0107591323289454,0.0422614991020788
0.126606278848403,0.275070829958245,0.0422549781599846,0.00569541758646009,"Rab1",0.0107706883605364,0.0422549781599846
0.239776427613943,0.297116554657653,0.0422429208369838,0.00570921883612942,"Cops3",0.010794244095453,0.0422429208369838
0.0762280594455217,0.107143060152911,0.0422332930687374,0.00572026077185794,"Galk2",0.0108125730113988,0.0422332930687374
0.1164555392807,0.163273299097944,-0.0422204188582732,0.0057350560860913,"Dzip3",0.0108379863482799,0.0422204188582732
0.0698843965608735,0.101364941059478,-0.0422134932367456,0.00574302941905901,"Hpcal1",0.0108504987187496,0.0422134932367456
0.0837452634606315,0.108174427831604,0.0421417715446546,0.00582619071947494,"Dcxr",0.0110050269145638,0.0421417715446546
0.178323264691153,0.254631688077687,-0.0421300136271027,0.00583992709283256,"Hip1",0.0110283772635652,0.0421300136271027
0.177928774958832,0.239356137557327,0.0421214933567517,0.00584989926340334,"Thumpd3",0.0110446098093055,0.0421214933567517
0.0726009154161368,0.104047492406824,-0.0421038845276302,0.00587055737466599,"2310022B05Rik",0.0110803311833189,0.0421038845276302
0.139936070741562,0.180686949078033,-0.0421030132109154,0.0058715812800937,"Prpf8",0.0110803311833189,0.0421030132109154
0.0629008922457353,0.0841090946161988,0.0420806163072347,0.00589795571563831,"Asb6",0.0111274856953402,0.0420806163072347
0.120771851055084,0.1482185767897,0.0420762849941797,0.00590306853948257,"Gnpnat1",0.0111345138600865,0.0420762849941797
0.344536127397856,0.393517482037419,0.0420572775579229,0.00592555278534315,"Atp6ap2",0.0111742974264615,0.0420572775579229
0.114864715701813,0.214925087898556,-0.0420527377378405,0.00593093442364693,"Pdzrn3",0.0111818180957103,0.0420527377378405
0.0816207451288528,0.105997520456527,-0.0420491795933278,0.00593515543193711,"Upf1",0.0111871475653896,0.0420491795933278
0.162633634986571,0.231745345030006,-0.0420319734510654,0.00595560519863483,"Pou2f1",0.0112230568609314,0.0420319734510654
0.239746123246254,0.312452422609179,0.0420242187355823,0.0059648425303169,"Copz2",0.0112378249502848,0.0420242187355823
0.0768207267745356,0.109355757927051,-0.0420088875798787,0.00598314282257656,"Cep97",0.0112696568094728,0.0420088875798787
0.137536901665302,0.186157796733835,-0.0419984675574186,0.00599560970839141,"Klhl7",0.0112904886881325,0.0419984675574186
0.0698173745984055,0.09083313747063,-0.0419937526575144,0.00600125846720349,"Rasl11b",0.0112984744112719,0.0419937526575144
0.510179150955749,0.573543180870742,0.041980057595084,0.00601769324087532,"Sdha",0.0113267582840215,0.041980057595084
0.504511876834996,0.559868374825118,0.0419696971299007,0.00603015324740892,"Eci2",0.0113475491691391,0.0419696971299007
0.199254410173076,0.258817580343529,0.0419641519376954,0.006036831710515,"Usp5",0.0113574531407204,0.0419641519376954
0.0589748044355358,0.0647944132052959,0.0419598584622072,0.0060420072180801,"1700096K18Rik",0.0113645255316162,0.0419598584622072
0.125746990727193,0.175730527624853,-0.0419534070778362,0.00604979145864446,"Ttc23",0.0113765002728294,0.0419534070778362
0.0960293293878775,0.140860987452002,-0.0419095935859729,0.00610289618962074,"Stk4",0.0114736736235981,0.0419095935859729
0.206198361779404,0.276321857144871,0.0419071476802013,0.00610587311432363,"Dkc1",0.0114765813701881,0.0419071476802013
0.253045704516255,0.385903568730257,0.0418936717694525,0.00612229817325913,"Med13l",0.0115047589091876,0.0418936717694525
0.077856916622943,0.0995247658419798,0.041879372820085,0.0061397698772766,"E130215H24Rik",0.0115348896032001,0.041879372820085
0.067398871418134,0.103683704386166,-0.041857890398026,0.00616610335909294,"Fggy",0.0115816510658618,0.041857890398026
0.248289150903746,0.325145764841834,0.0418561654204057,0.00616822226631991,"Asf1a",0.0115829196033117,0.0418561654204057
0.835824412597339,1.00738667910558,0.0418435836406661,0.00618369715722343,"Chd4",0.0116084397093015,0.0418435836406661
0.0872628577144899,0.126509059851453,-0.0418427645107905,0.00618470585210167,"Acss2",0.0116084397093015,0.0418427645107905
0.101247837056937,0.139190715908415,0.0418328258281511,0.00619695637407998,"Ptrh2",0.0116287132707245,0.0418328258281511
0.0684695322665673,0.0989851837629598,-0.0418287912053089,0.00620193572120917,"Ak1",0.0116353360362362,0.0418287912053089
0.251490225488978,0.298967792791971,0.0418262757555957,0.00620504199649575,"Prdx3",0.011638442491791,0.0418262757555957
0.312397937023478,0.401710472105876,-0.0418156642289742,0.00621816136403159,"Hectd1",0.0116603240909066,0.0418156642289742
0.0631782568957507,0.0965543812398641,-0.0418115011526151,0.00622331512220582,"Rad51d",0.0116672618085466,0.0418115011526151
0.14438428322857,0.187653529835039,0.0417997624248399,0.00623786800925477,"Mrpl16",0.0116918133394675,0.0417997624248399
0.293704551764845,0.349394837690152,0.0417948769698063,0.00624393368881818,"Hras",0.011700449303848,0.0417948769698063
0.165256238050758,0.23083796983399,0.0417919761551397,0.00624753779116953,"Grsf1",0.0117044695858847,0.0417919761551397
0.281513896224951,0.363240019035863,0.0417352870846678,0.00631834765262535,"Ubqln1",0.0118343654445999,0.0417352870846678
0.777077144570239,1.15377376621879,0.0417290687551614,0.00632615870118482,"Junb",0.011846230436011,0.0417290687551614
0.31441853627849,0.475546192343501,-0.0416993932622015,0.00636355485635198,"Plk2",0.0119134774072255,0.0416993932622015
0.422408968373822,0.495802466949859,0.0416932799583299,0.00637128331490866,"Ppp2r1a",0.0119251638252454,0.0416932799583299
0.177831338793173,0.235896334021446,0.0416906886827868,0.00637456176106092,"2410002F23Rik",0.0119285176237763,0.0416906886827868
0.540734489770528,0.624110920921648,0.0416175958708013,0.00646766513684793,"Use1",0.0120976933573971,0.0416175958708013
0.176358306108175,0.355808234723013,0.0416173470844663,0.00646798411057246,"Vimp",0.0120976933573971,0.0416173470844663
0.109586127563988,0.147842951085798,-0.0416143791300995,0.00647179047291156,"Tbc1d9b",0.0121019917862136,0.0416143791300995
0.172564152374945,0.216973379372023,-0.0415970510006049,0.00649405381031744,"Smad2",0.0121407939827556,0.0415970510006049
0.386964841702903,0.484759231915514,0.04159248110409,0.00649993671924828,"Fyttd1",0.012148961620137,0.04159248110409
0.113496846961582,0.155784232814834,-0.0415671650815867,0.00653261337296105,"Tshz1",0.0122071936899486,0.0415671650815867
0.137911484661093,0.272937804796829,0.04153039292391,0.00658034012782711,"Tceb1",0.0122935155263527,0.04153039292391
0.218399614580206,0.293286332844439,0.0415256154168389,0.00658656382973453,"Fbxl5",0.012302278438033,0.0415256154168389
0.236712160879759,0.324559620688941,-0.0415235136092083,0.00658930354930056,"Gls",0.0123045314590616,0.0415235136092083
0.166399499467069,0.243572682888644,-0.0415168571017474,0.00659798711000556,"Ubr1",0.0123178800769392,0.0415168571017474
0.130394947555849,0.178755489335624,-0.0414665187608782,0.00666398831616972,"Yap1",0.012438204756675,0.0414665187608782
0.266125796006227,0.350782324907118,-0.0414626499335056,0.00666908540708926,"Rab12",0.0124448235596475,0.0414626499335056
1.61589898022573,1.25676432759061,0.041461331078321,0.00667082376901129,"Calm2",0.012445173197523,0.041461331078321
0.165332190170652,0.330624547687135,0.0414480981733937,0.00668828840351547,"Gm10320",0.0124748549860084,0.0414480981733937
0.155622281049861,0.228622516290598,-0.0414289850495713,0.00671358621927773,"Cmip",0.0125191298683441,0.0414289850495713
0.204801656218154,0.268810678243535,-0.0414268843481772,0.00671637191086417,"Nbeal1",0.0125214145475776,0.0414268843481772
0.326310503929155,0.387025175820975,0.0414207857425832,0.00672446501632774,"Tsnax",0.0125335905437895,0.0414207857425832
0.10292010638421,0.133858559409874,-0.041389983942787,0.00676547434058867,"Ide",0.0126070984925415,0.041389983942787
0.0853518088408145,0.115858587622407,0.0413860884612091,0.00677067673398896,"Abt1",0.0126138635044178,0.0413860884612091
0.216180604024009,0.451193771816555,-0.0413838046603764,0.00677372840789184,"Npr3",0.0126166194858227,0.0413838046603764
0.178908535019195,0.225798672983772,0.0413182804900014,0.00686181150377816,"Rnf2",0.0127777153646591,0.0413182804900014
0.0914661314054954,0.125971152419976,0.0413142809639674,0.00686722116791305,"Guf1",0.0127848219608664,0.0413142809639674
0.437396748168595,0.480915979704744,0.0413017934335467,0.00688413616447511,"Phlda3",0.0128116483214032,0.0413017934335467
0.200622951980525,0.263386151106811,-0.0413012862405538,0.00688482397331636,"Ago2",0.0128116483214032,0.0413012862405538
0.103376784825959,0.140793945523314,0.0412949112101671,0.00689347447224639,"Fam118b",0.0128247714271517,0.0412949112101671
0.0834661394855948,0.102455148791156,-0.0412910192317483,0.00689876042962546,"Pikfyve",0.0128316304328499,0.0412910192317483
0.143164367510508,0.177808382572274,0.0412796836725549,0.00691417676063045,"Rab10os",0.0128546544278922,0.0412796836725549
0.0651652937677756,0.0814787753446946,0.0412795615357138,0.0069143430347436,"Dynlt1c",0.0128546544278922,0.0412795615357138
0.517302106308364,0.55926684396772,0.0412383457840115,0.00697065864008372,"Pcnp",0.0129563504581959,0.0412383457840115
0.445887501840327,0.512124161710765,-0.0412261001883636,0.00698746971998403,"Sdcbp",0.0129845894009152,0.0412261001883636
0.163306185586749,0.240922398699345,0.0412170312871399,0.00699994320028711,"Eml4",0.0130047567119944,0.0412170312871399
0.086630328673576,0.114911471483063,-0.0412137929273565,0.00700440212217787,"Setd1b",0.0130100283861933,0.0412137929273565
0.0911221150126278,0.134572874106785,-0.0411968742128235,0.00702773911437041,"Samhd1",0.0130503537731331,0.0411968742128235
0.0757060033348131,0.110300486661737,-0.0411590431126911,0.0070801745207026,"Cep290",0.0131446830990554,0.0411590431126911
0.141006744759014,0.181150659176817,0.0411530013384087,0.00708858110068829,"Mpg",0.0131572460679905,0.0411530013384087
0.100967396272492,0.138642772479568,0.0411352525239904,0.00711332880319407,"Anapc7",0.013200127270312,0.0411352525239904
0.128045639910464,0.173927113711604,-0.0411289213507069,0.00712217529262245,"Tank",0.0132134877567636,0.0411289213507069
0.158284346443155,0.194014343921056,0.041119827266326,0.00713489964910078,"Lyrm2",0.0132340348553825,0.041119827266326
0.702724856134093,0.813373394855831,0.0411008470165159,0.00716152237698804,"Ttc3",0.0132803456327599,0.0411008470165159
0.461190778506876,0.623522279126281,-0.0410895624212424,0.00717739298301411,"Ddhd1",0.013306700853906,0.0410895624212424
0.0792150241200297,0.109861244625709,-0.0410869127728445,0.00718112400894266,"Wdr44",0.0133105426305742,0.0410869127728445
0.167200395793391,0.226093049012855,0.0410834265916472,0.00718603562550205,"Celsr2",0.0133165704062421,0.0410834265916472
0.235579438388513,0.266562806132789,0.0410791961128282,0.00719199991738674,"Aph1a",0.0133245456793145,0.0410791961128282
0.0656090652117369,0.0936994020399691,-0.0410741405075097,0.00719913332966817,"Dnal1",0.0133346827879172,0.0410741405075097
0.0781979672708351,0.101898936115891,0.0410537950366452,0.00722790482236913,"Gstm7",0.0133848853668797,0.0410537950366452
0.0611227410483803,0.0832798299789277,-0.0410525964997632,0.00722960294315837,"Errfi1",0.0133849409358336,0.0410525964997632
0.195849090743075,0.240485747395301,0.0410446668958173,0.00724084684960835,"Coq10b",0.0134026655412359,0.0410446668958173
0.0933709198513421,0.119537622325398,0.0410306821128946,0.00726071502910755,"Haus7",0.013436341649806,0.0410306821128946
0.0789280961570456,0.109635404174919,-0.0410035729028362,0.00729936841794187,"Arsb",0.0135047572482282,0.0410035729028362
0.175018876698946,0.19938868789749,0.0409930334038632,0.00731444581341657,"Nsrp1",0.0135295327816631,0.0409930334038632
0.171245773819324,0.214590380828764,0.0409902452644105,0.00731843908612004,"Smim8",0.0135337993148254,0.0409902452644105
0.0765341728699182,0.0934693620078474,0.0409438091699273,0.00738523460628177,"Ccdc184",0.0136541756868214,0.0409438091699273
0.062009614025464,0.0847082011855522,-0.0409406480932189,0.00738980143653119,"Slitrk5",0.0136594717177439,0.0409406480932189
0.096104712686311,0.129927507015056,0.040929525380786,0.00740589063728888,"Mrpl37",0.0136860586074634,0.040929525380786
0.268788938436464,0.318194984576834,0.0409092341563819,0.00743532319084251,"Yaf2",0.013737286042671,0.0409092341563819
0.191251467509148,0.240698617694936,0.0408846260761824,0.00747115806087156,"Slc35a2",0.0138003159024939,0.0408846260761824
0.110803975788596,0.149126100343672,0.040847768514097,0.00752512057434466,"Acd",0.0138940127128736,0.040847768514097
0.514629500541432,0.60696030255116,0.040845462726292,0.0075285080208415,"Pja2",0.0138940127128736,0.040845462726292
0.100266653071908,0.128836998213486,0.0408452651569852,0.00752879833464293,"E2f4",0.0138940127128736,0.0408452651569852
0.156105509988287,0.296870544094878,0.0408452575716092,0.00752880948100379,"Hn1",0.0138940127128736,0.0408452575716092
0.161635549106948,0.209875640958142,0.0408416056768251,0.00753417749055108,"Trap1",0.013900722047409,0.0408416056768251
0.308206420166084,0.369026224785129,0.0408371333519793,0.00754075614340032,"Pdcl3",0.0139096614470446,0.0408371333519793
0.0996125718706427,0.150298170191833,0.0408317826761763,0.00754863358806266,"Klhdc3",0.0139209919353286,0.0408317826761763
0.0607411424829976,0.0825001024251309,-0.0408242556003202,0.00755972768802482,"Parp6",0.0139382479247958,0.0408242556003202
0.154403171283113,0.221832752128174,-0.0408119677273524,0.00757787009400528,"Osbpl8",0.013968488314794,0.0408119677273524
0.491816038885095,0.5709980892198,-0.0408098798852396,0.00758095655973763,"Rnf13",0.013970968175318,0.0408098798852396
0.215186937376931,0.292840922248017,-0.0407811769230229,0.00762350262690139,"Spata6",0.0140461504198064,0.0407811769230229
0.336539894872406,0.415165408610119,-0.0407786454487194,0.00762726525009137,"Dync1h1",0.0140479843616993,0.0407786454487194
0.0775895740045352,0.109686168721276,-0.0407781515899038,0.00762799948453688,"St3gal2",0.0140479843616993,0.0407781515899038
0.115432382636745,0.153035443630145,0.0407445577362049,0.00767809338733781,"Dexi",0.0141369943414407,0.0407445577362049
0.108829730016738,0.143050232450302,0.0407430528562947,0.00768034428985216,"Xab2",0.0141378946046739,0.0407430528562947
0.124275583693649,0.165358344756094,-0.0407103486198204,0.00772940743921816,"Rab33b",0.0142249461679556,0.0407103486198204
0.122571907539711,0.152627556396054,-0.0406973712328011,0.00774895389855577,"Zfp532",0.0142576487232312,0.0406973712328011
0.230576935567512,0.452818236482605,-0.0406802560106916,0.00777480044076071,"Dab2",0.0143019254325227,0.0406802560106916
0.0937074954222722,0.127503659679541,0.0406772610573876,0.00777933119775504,"Nagpa",0.0143069799520482,0.0406772610573876
0.141686675971498,0.182274117336705,0.0406621322488364,0.00780225418207863,"Lzic",0.0143458495776808,0.0406621322488364
0.116643533034808,0.157267578853669,-0.0406528881704546,0.00781629045338408,"Mospd2",0.014368365314537,0.0406528881704546
0.0573807656800179,0.0695447040527069,0.0406476272385642,0.00782428878172747,"Fkrp",0.0143797739772289,0.0406476272385642
0.0974123615613911,0.141161653259248,0.0406401192092957,0.00783571612409692,"AU022252",0.0143957311475815,0.0406401192092957
0.137942982010494,0.202010929324078,0.0406395654619993,0.00783655952799549,"Ahsa2",0.0143957311475815,0.0406395654619993
0.123170321253574,0.177420386324716,0.0406246816016768,0.00785925938497081,"3110009E18Rik",0.0144341261856273,0.0406246816016768
0.0841845372211097,0.115933287881854,0.0406223589966961,0.00786280697114062,"Trmu",0.0144373371021584,0.0406223589966961
0.0721031909676026,0.111876026978513,-0.0406198103673279,0.00786670144079403,"Tmtc3",0.0144392797829343,0.0406198103673279
0.123968289308381,0.174530272234649,0.0406193114574304,0.00786746400934558,"Mfsd1",0.0144392797829343,0.0406193114574304
0.0776608527529254,0.0989138973597588,-0.0406129351612703,0.00787721581403869,"Rbm4",0.0144538714136397,0.0406129351612703
0.121822999988943,0.185106163660126,-0.0405845572227815,0.00792074798085698,"Tfcp2",0.0145304256512109,0.0405845572227815
0.21238040088525,0.271588724849849,-0.0405830053118343,0.00792313483441984,"Zfp266",0.0145314820368879,0.0405830053118343
0.126516393343759,0.17352055750519,0.0405543574659869,0.00796731130471333,"Gpr180",0.0146091649700685,0.0405543574659869
0.0805797422379858,0.115054998038611,0.0405412014597797,0.00798767233270983,"Dolk",0.0146431534835878,0.0405412014597797
0.783326506166324,0.766724059306211,-0.0405049825615669,0.0080439677225393,"Mpc1",0.0147429869816481,0.0405049825615669
0.0848590967406552,0.118167229747062,0.0405034598619509,0.00804634222876408,"Trmt10c",0.0147439712362647,0.0405034598619509
0.260436123084173,0.313355921961385,0.0404870378595535,0.00807199068481551,"Lsm6",0.0147875920673424,0.0404870378595535
0.0664450526342304,0.0839736368920639,-0.0404776171910882,0.00808673721672667,"Togaram1",0.0148112256167576,0.0404776171910882
0.0984723532542065,0.12618191515308,0.0404746860898192,0.00809133029635328,"Serhl",0.0148162561154584,0.0404746860898192
0.0987613584155267,0.188137431955497,0.0404508519738286,0.00812876547072432,"Selt",0.0148814086555081,0.0404508519738286
0.0638230905000113,0.089593968384543,-0.0404456836662748,0.00813690351666435,"Arhgap29",0.014890813956496,0.0404456836662748
0.220814088763887,0.284934675667071,-0.0404452323192339,0.00813761455623567,"Acbd5",0.014890813956496,0.0404452323192339
0.0951929991744972,0.129492335110351,0.0404295391042832,0.00816237180854198,"Gtf2h2",0.0149327112156272,0.0404295391042832
0.118019127900897,0.133158443527263,0.0404110484335315,0.00819162872561151,"Zpr1",0.0149828194425135,0.0404110484335315
0.380671340150185,0.482512967197508,-0.0403830418243483,0.00823612094577303,"Brd4",0.0150607644641939,0.0403830418243483
0.238231107158253,0.300846552317333,0.0403569234696401,0.00827780809061931,"Dbnl",0.0151335457095305,0.0403569234696401
1.09272151982465,1.03144022856869,0.0403464988239457,0.0082944993493957,"Mif",0.0151606065557064,0.0403464988239457
0.156506221424188,0.20079757183592,0.0403447479364437,0.00829730570613007,"Rnf138",0.0151622821648799,0.0403447479364437
0.118717547484024,0.162015651994178,0.040342526913876,0.00830086682638511,"Zfp386",0.0151653359323575,0.040342526913876
0.116713343058324,0.161556246899264,-0.040331969619563,0.00831781277025208,"Dnajc12",0.0151928362550655,0.040331969619563
0.178935052130374,0.235268348451077,0.04031206707456,0.00834984331807737,"Sde2",0.015247870456134,0.04031206707456
0.208625794937229,0.278513925311956,0.0402925586791507,0.00838134653292765,"Serf1",0.0153019168555658,0.0402925586791507
0.0897592451006196,0.1275211455819,-0.0402879108971097,0.00838886768223017,"Exoc1",0.0153121643044165,0.0402879108971097
0.344357907021583,0.466833861379436,0.0402700147372555,0.00841788405179636,"Phf14",0.0153616333026186,0.0402700147372555
0.0805132927296086,0.11077905776154,-0.0402633974366448,0.00842863587490737,"Cplx2",0.0153777567667705,0.0402633974366448
0.123980270346499,0.1695184664914,-0.0402590583178012,0.00843569276025559,"Atp6v0a1",0.015387133145781,0.0402590583178012
0.112162240340535,0.182665831212048,-0.0402566297851638,0.00843964468670284,"Fam193b",0.0153891327579756,0.0402566297851638
0.0681922229700555,0.101269804264641,-0.0402548547178633,0.00844253428261113,"Yipf2",0.0153891327579756,0.0402548547178633
0.0827405409428765,0.135412089635722,0.040254849565049,0.00844254267205991,"Fgf1",0.0153891327579756,0.040254849565049
0.141122126715418,0.19405852456366,0.0402029492596417,0.0085274221510739,"Adsl",0.0155403214490613,0.0402029492596417
0.314197367951602,0.426467021485564,-0.0401732000839614,0.00857641809973127,"Pdgfc",0.0156260624051416,0.0401732000839614
0.148245633330778,0.196060601256223,-0.0401453174833955,0.0086225681017502,"Pank2",0.0157043280663629,0.0401453174833955
0.40766842367266,0.476339510432801,-0.0401448831055614,0.00862328881610107,"Psme2",0.0157043280663629,0.0401448831055614
0.0752696394722601,0.104397298950323,-0.0401399995636745,0.00863139523392261,"C2cd5",0.0157155242471057,0.0401399995636745
0.10378668686893,0.176909087541303,-0.0401236683586037,0.00865855364275347,"Isg15",0.0157613961954296,0.0401236683586037
0.108253132039543,0.154099224009217,0.0401204684071513,0.00866388402362452,"Zcchc10",0.0157675222058433,0.0401204684071513
0.135815706050003,0.196704280138826,-0.0401090926011659,0.00868285723815855,"Med15",0.0157984685893388,0.0401090926011659
0.0809152643352405,0.11354255802413,-0.0401050547703739,0.00868960068274775,"Snx14",0.0158071539057737,0.0401050547703739
0.31067481034237,0.382669383517034,0.0400938299252475,0.00870837150655047,"Spag7",0.0158377091950501,0.0400938299252475
0.112015138562631,0.162789433450132,-0.0400828197732982,0.00872681849110051,"Otud4",0.0158676618111467,0.0400828197732982
0.0979362259290377,0.132577535581261,-0.0400711373889801,0.00874642993132332,"Tmem43",0.0158997176640096,0.0400711373889801
0.11158394521622,0.149997863166649,-0.0400694853808121,0.00874920636363114,"Ube4a",0.0159011623695982,0.0400694853808121
0.106019601934696,0.132707705179202,0.0400646662360488,0.00875731011345092,"Fkbp14",0.0159122863112161,0.0400646662360488
0.169398538927926,0.232026881400068,-0.0400342521655438,0.00880860848933667,"Ubr2",0.0160018733344889,0.0400342521655438
0.108131974451941,0.192757244553809,0.0399928601224311,0.00887885416812902,"AI314180",0.0161258320156332,0.0399928601224311
0.0713874877841124,0.0969273238985685,0.0399877167253455,0.0088876177824955,"Ppox",0.016136861611206,0.0399877167253455
0.102969677501463,0.131688406699495,0.0399857620202265,0.0088909503458949,"Coq10a",0.016136861611206,0.0399857620202265
0.1254202416978,0.16485364351979,0.0399857562019551,0.00889096026709142,"Pigq",0.016136861611206,0.0399857562019551
0.101883271052045,0.133234742430709,0.0399665011296191,0.00892384782060537,"Rnaseh2a",0.0161928889444906,0.0399665011296191
0.194077884557459,0.247477244874315,0.039960134393397,0.00893474603979292,"Szrd1",0.0162089989200313,0.039960134393397
0.1297375913802,0.15416936421084,-0.0399449173720814,0.00896084183245975,"Ift22",0.0162526661084216,0.0399449173720814
0.10801994816964,0.147215664168894,0.0399414878778252,0.00896673248728643,"Epb41l3",0.0162596749102794,0.0399414878778252
0.117067110639395,0.154308030241498,0.0399170827935409,0.00900875169623986,"Ccdc43",0.0163321788546382,0.0399170827935409
0.095591196499899,0.140378333598988,-0.0399124986782505,0.00901666393043137,"Slc7a2",0.016342830670382,0.0399124986782505
0.105718646120961,0.227440174049763,0.0399112451844058,0.00901882855452385,"Taf9",0.0163430624032293,0.0399112451844058
0.0884033181410778,0.133554563751812,-0.039909582729279,0.00902170011817322,"Ints8",0.0163445747907478,0.039909582729279
0.130004605992807,0.203215058622193,0.0398831507646262,0.00906746589777454,"Palmd",0.0164237802175492,0.0398831507646262
0.659105433121424,0.684309075895194,0.0398705202604217,0.00908940813321859,"Acaa2",0.016459808364014,0.0398705202604217
0.265340238757581,0.38691466409807,-0.0398642576703055,0.00910030532748613,"St3gal5",0.0164731247375931,0.0398642576703055
0.192463093313938,0.247661135408017,0.0398639346910192,0.00910086764229188,"Itgb1bp1",0.0164731247375931,0.0398639346910192
0.173503935343338,0.31705206210324,0.0398469850130763,0.00913042099233707,"Orc5",0.0165174676886856,0.0398469850130763
0.280494720423499,0.365465322179409,0.0398468364388957,0.00913068042351616,"Kxd1",0.0165174676886856,0.0398468364388957
0.15107625389714,0.197234747838157,0.0398463435004257,0.00913154120974693,"Hspbp1",0.0165174676886856,0.0398463435004257
2.9166715152725,4.57802655239271,-0.0398288497023114,0.00916213641068291,"mt-Co3",0.016569074275258,0.0398288497023114
0.118798011294827,0.154852188024922,-0.03981123195795,0.00919304079248658,"Hk1",0.016621216610841,0.03981123195795
0.0861108558778786,0.13661376743805,-0.0398008034585841,0.00921137786168815,"Atp8a2",0.0166506185992759,0.0398008034585841
0.128666586463141,0.165299965293229,0.0397938733862407,0.0092235814733608,"Thap7",0.0166689229149205,0.0397938733862407
0.141040764547453,0.175258287481493,0.0397754582062219,0.00925608007103848,"1500011B03Rik",0.0167238879734323,0.0397754582062219
0.0955253266216218,0.131074171044085,-0.0397696694982896,0.00926631690239352,"Abhd6",0.0167386147737068,0.0397696694982896
0.159040000200392,0.217449436319503,0.0397472817888884,0.00930600276188281,"Cpsf2",0.0168065195051424,0.0397472817888884
0.151222815695396,0.215529861454636,-0.0397294420137591,0.00933773512819932,"Kdm4c",0.0168600330037514,0.0397294420137591
0.263013720260748,0.318463735571159,0.0397258171378014,0.00934419463326527,"Dynlt1f",0.0168679005033342,0.0397258171378014
0.724749441006883,0.78124037156641,-0.039695314411457,0.0093987083479503,"Metrn",0.0169624911794767,0.039695314411457
0.189309013408596,0.253181249745843,0.0396814213815239,0.00942363149342005,"Ankrd46",0.0170036472010799,0.0396814213815239
0.11119081766618,0.137392528408559,0.0396517416437871,0.00947707242968427,"4930453N24Rik",0.0170962295808873,0.0396517416437871
0.107227501639093,0.132151552386759,0.0396413382689433,0.00949586846129,"Itfg2",0.0171262864763747,0.0396413382689433
0.173621227129363,0.247945880876209,-0.0396335763988896,0.00950991366210687,"Fktn",0.0171477634212911,0.0396335763988896
0.271825013028724,0.385094856328742,-0.0396196662813751,0.00953513053387549,"Gigyf2",0.0171893703446005,0.0396196662813751
0.247126263572955,0.357372111892556,-0.0396097464788311,0.009553149980308,"Cd2ap",0.0172179863975722,0.0396097464788311
0.114595479138134,0.147569444667931,0.0396049698110468,0.00956183768004691,"Nt5m",0.0172274734802947,0.0396049698110468
0.331788345550926,0.403525829542031,-0.0396044916498298,0.00956270773694325,"Dpm1",0.0172274734802947,0.0396044916498298
0.455422824580619,0.526701034869234,0.0395847659287124,0.00959866200177104,"Psmd11",0.0172883645122808,0.0395847659287124
0.247027297989794,0.345716421812857,-0.0395805939397584,0.00960628174510282,"Usp32",0.0172956326227177,0.0395805939397584
0.403102586497037,0.497812517776747,0.0395801962878604,0.00960700830003148,"Ubap2l",0.0172956326227177,0.0395801962878604
0.229354496592832,0.30335620413639,-0.0395732235827284,0.00961975618091626,"Abi1",0.0173146979801866,0.0395732235827284
0.0646273178407973,0.090701240261453,-0.039561653043292,0.0096409433413122,"Osbp",0.0173489413255638,0.039561653043292
0.316116732674772,0.537909698765949,-0.0395564291976515,0.00965052249961167,"Mllt3",0.0173622853221713,0.0395564291976515
0.363413748755186,0.424011865994857,-0.0394807898000602,0.00979017893001834,"Tmem205",0.0176095933051933,0.0394807898000602
0.277080379357248,0.362992386969387,-0.0394358718011034,0.00987396250557822,"Cdc42se2",0.0177538595161519,0.0394358718011034
0.114898530390773,0.137619333058948,-0.0394354192078643,0.00987480994773003,"Lix1l",0.0177538595161519,0.0394354192078643
0.0608631805819887,0.077046540517086,-0.0394190788384287,0.00990544931449744,"Zfp710",0.0178049563843027,0.0394190788384287
0.119923332033122,0.145393205026737,-0.0394047513208774,0.00993238407307083,"Etfrf1",0.0178493728560628,0.0394047513208774
0.537707108359667,0.594654398344142,-0.0393997243838812,0.00994184981780484,"Hsd17b10",0.0178623831030152,0.0393997243838812
0.23825170434728,0.312086674605232,-0.0393844058777338,0.00997074419041107,"Rspry1",0.0179102868555761,0.0393844058777338
0.343259557869064,0.458515121421739,-0.0393810910043922,0.0099770066684351,"Spire1",0.017917524956921,0.0393810910043922
0.0994976237424669,0.14870816395549,0.0393552982473356,0.0100258542632898,"Trmt10a",0.0180012205434409,0.0393552982473356
0.194911729046269,0.238702797503473,0.0393491624164068,0.0100375059078053,"Prpf31",0.0180181090389776,0.0393491624164068
0.250495309763379,0.305291770373757,0.0393410193680994,0.01005298777611,"Setd3",0.0180418639936271,0.0393410193680994
0.110393869061208,0.145134993931634,0.0393152005765297,0.0101022160836785,"Pmf1",0.0181261587333265,0.0393152005765297
0.0657236328268658,0.097747720543425,0.0393105368690515,0.0101111311515168,"Nipsnap1",0.0181380988955446,0.0393105368690515
0.393118049269808,0.477273810153854,0.0392983162372938,0.0101345251402904,"Abcd3",0.0181760012797698,0.0392983162372938
0.100316747723823,0.136975418452322,-0.0392879559894611,0.0101543955119884,"Fbrsl1",0.0182075686230603,0.0392879559894611
0.17180500035041,0.208695881198171,-0.0392795842063162,0.0101704774433765,"Tbc1d10a",0.0182323304302174,0.0392795842063162
0.159216730183099,0.222546333437316,-0.039272429124449,0.010184240091561,"Ppp1r1b",0.0182529243901464,0.039272429124449
0.0648262354554486,0.0831199008750462,-0.0392697620562382,0.0101893743796773,"Adgra3",0.0182580482408509,0.0392697620562382
0.0907660911643886,0.130546463475941,-0.0392573202537548,0.0102133561482708,"Nfatc3",0.0182969345241627,0.0392573202537548
0.119710573364892,0.173441201734541,0.0392413072694343,0.0102442953438807,"Rexo4",0.018348264696272,0.0392413072694343
0.539583661171146,0.596626219881067,0.0392295263089357,0.0102671109331115,"Dnaja2",0.0183850252459912,0.0392295263089357
0.24864527738426,0.31456216631061,0.0391948860162638,0.0103344591769262,"Hif1a",0.0185014949655635,0.0391948860162638
0.0903682188531304,0.139220081878714,-0.039187525144765,0.0103488208370019,"Agrn",0.0185230734767128,0.039187525144765
0.167721257290318,0.227210242668842,0.0391824425633799,0.0103587477270734,"Nosip",0.0185367064589734,0.0391824425633799
0.158855393685698,0.203126291001624,-0.0391722030259758,0.0103787724965892,"Ankrd13c",0.0185683992224373,0.0391722030259758
0.135472566167211,0.190417948084538,-0.0391551634387306,0.0104121720011111,"Trip4",0.0186240009221835,0.0391551634387306
0.10490884531558,0.134208522156147,0.0391346887799739,0.0104524310609724,"Arl6",0.0186918446251934,0.0391346887799739
0.279878704735089,0.365868012517646,0.0391302908825376,0.0104610966315751,"Ppid",0.0187031727655434,0.0391302908825376
0.122300709315899,0.160824591433483,-0.0391169458357246,0.010487430693327,"Scaf1",0.0187460779423605,0.0391169458357246
0.137989087943686,0.185012577066554,0.0391041717341782,0.0105126933043312,"Ranbp3",0.0187870492369607,0.0391041717341782
0.0815973007519243,0.109009965828715,-0.0390893638311675,0.0105420457608498,"Usp36",0.0188353095491113,0.0390893638311675
0.0942858366540252,0.178228415683982,0.0390469871734738,0.0106264485131483,"Oraov1",0.0189818839869772,0.0390469871734738
0.144930071300602,0.188502636161383,0.0390431059257545,0.0106342088506373,"Ppil3",0.0189915183212807,0.0390431059257545
1.2052207804307,1.4342738461875,-0.0390378095670012,0.0106448067517181,"S100a4",0.0190062148143715,0.0390378095670012
0.268704999170768,0.380584488558386,-0.039032350414914,0.0106557402241836,"Gbf1",0.0190215037950721,0.039032350414914
0.0745989657502806,0.117317264133341,-0.039011092082186,0.0106984111422694,"Ric8b",0.0190934277147619,0.039011092082186
0.153564927293499,0.191130306816011,0.0390001641715014,0.0107204053086822,"Yars",0.0191284261055962,0.0390001641715014
0.230776827327888,0.288031973835701,-0.0389833269689047,0.0107543715362463,"Bpgm",0.0191847659419386,0.0389833269689047
0.0769241545679446,0.101577245286826,0.0389710303528019,0.0107792382917405,"Ppwd1",0.0192248517565961,0.0389710303528019
0.0673639402934779,0.0967224288863781,-0.0389560001793584,0.0108097023566532,"Extl3",0.0192749003799523,0.0389560001793584
0.140120150126301,0.191563725127807,-0.0389530076473095,0.010815776926459,"Tnks",0.0192814472468135,0.0389530076473095
0.219060118385818,0.291053990560759,0.0389456505913945,0.0108307239831753,"Exosc8",0.0193038048069743,0.0389456505913945
0.16936891200907,0.234165937771578,-0.0389135416032243,0.0108961736993572,"Cspp1",0.0194161442957233,0.0389135416032243
0.172311534734555,0.251749171544818,0.0389036681004695,0.0109163699817415,"Scyl1",0.0194478136619657,0.0389036681004695
0.123860995704542,0.164508047299581,0.0389011827704729,0.0109214589687281,"Cmas",0.0194525608801497,0.0389011827704729
0.155746786198399,0.226654811507761,0.0388722608230108,0.0109808349963233,"Mgat3",0.0195539769219926,0.0388722608230108
0.417818261857557,0.488974655794542,-0.0388589726095944,0.0110082113688742,"Stx7",0.0195983776400813,0.0388589726095944
0.190347380067607,0.250646314097912,0.038857652342464,0.0110109346907659,"Nob1",0.0195988775418602,0.038857652342464
0.16345160032781,0.227509073047239,-0.0388518916387069,0.011022824327432,"Gatad2a",0.0196156891557583,0.0388518916387069
0.236733947941331,0.311851767878477,-0.0388142868470605,0.0111007181930353,"Kpna4",0.0197499252285844,0.0388142868470605
0.0635600829573353,0.0933454582801505,-0.0387905387995086,0.0111501609073921,"Dcaf5",0.019833493930595,0.0387905387995086
0.123249910111522,0.169114497324721,-0.0387702593587584,0.0111925367654976,"Cyp4f13",0.0199044581131101,0.0387702593587584
0.192775213151505,0.25065892107775,-0.0387662534217757,0.0112009244509628,"Sfxn3",0.0199149607344396,0.0387662534217757
0.0707747035923206,0.0926062626204656,0.0387535209901288,0.0112276208578774,"Ppcs",0.0199541398241375,0.0387535209901288
0.102137412727192,0.135133145255801,0.0387533718673665,0.0112279338616626,"Usp39",0.0199541398241375,0.0387533718673665
0.230081419952004,0.296496875383077,0.0387514516239074,0.0112319650818459,"Nol12",0.0199568839275313,0.0387514516239074
0.176941603818248,0.345731774043838,0.0387294539222382,0.0112782372151413,"Fam195b",0.0200346635851879,0.0387294539222382
0.104407664094855,0.143833783295592,0.0387270532480676,0.0112832972563774,"Thoc6",0.0200392158444383,0.0387270532480676
0.0735533721888522,0.114218686359994,-0.0386915705706467,0.0113583215202438,"Gm12216",0.0201679955473414,0.0386915705706467
0.260982561295692,0.361228209109013,-0.0386893671668099,0.0113629949440443,"Pcna",0.0201718299626132,0.0386893671668099
0.0549053916208857,0.0687523555700211,0.0386839231515685,0.011374549028525,"Ermard",0.0201878746748252,0.0386839231515685
0.222204831986176,0.282336768610888,0.0386814836773454,0.0113797298189655,"Dap",0.0201926032877884,0.0386814836773454
0.306062481562333,0.386498706205953,0.0386734546663456,0.011396796081087,"Fbxw2",0.0202184151568964,0.0386734546663456
1.55525369211591,1.25972457379593,0.0386642324206075,0.0114164266758799,"Hnrnpa2b1",0.0202487638477587,0.0386642324206075
0.182858057663117,0.25945769871645,-0.0386607303619948,0.0114238890610098,"Cdk17",0.0202575217294017,0.0386607303619948
1.88599659215714,1.33763335753085,0.0386370824030939,0.0114743928641398,"Sat1",0.0203425824882584,0.0386370824030939
0.100977253974152,0.137110461766952,0.0386337323694433,0.011481563365138,"Rpap3",0.0203507984187912,0.0386337323694433
0.368482862778896,0.436775442379062,0.0386257394559545,0.0114986876702999,"Tmem160",0.0203766497054961,0.0386257394559545
0.0979750116089614,0.126585665106911,0.0386154041977173,0.0115208638894836,"Plrg1",0.020411440019699,0.0386154041977173
0.208569327607343,0.300481438721003,-0.0386091686677439,0.0115342617227414,"Fer",0.020430665797633,0.0386091686677439
0.216830640207662,0.290034899889397,0.0385906893815262,0.0115740480435535,"Shroom2",0.0204966147652777,0.0385906893815262
0.193415898870883,0.250674912196019,0.038575681197397,0.0116064505375071,"Mrps9",0.020549461410626,0.038575681197397
0.214633830222936,0.290458427427108,0.0385628491728277,0.011634218507853,"Tmem123",0.0205940810295638,0.0385628491728277
0.122442629977261,0.178405868397973,0.0385604880122033,0.0116393343752792,"Arrb2",0.0205985926394443,0.0385604880122033
0.150558357191117,0.199468310304062,0.0385522571332413,0.0116571836174014,"Sirt7",0.020625632049841,0.0385522571332413
0.387529537991823,0.48101497755931,0.0385412887745862,0.0116810070045559,"Hcfc1r1",0.0206631430160475,0.0385412887745862
0.0825199529435253,0.120127497207854,-0.0385401263276806,0.0116835343798364,"Camsap1",0.0206631430160475,0.0385401263276806
0.124298747789503,0.181332787407611,-0.0385309951124732,0.0117034042079993,"Chchd10",0.0206937230861583,0.0385309951124732
0.0766795793208456,0.104199489917635,0.0385241463232099,0.0117183270621299,"Necap1",0.0207135913079108,0.0385241463232099
0.179459635152913,0.243917610670904,0.0385234690662948,0.0117198036562705,"Cdadc1",0.0207135913079108,0.0385234690662948
0.128616098475559,0.196474036655442,0.0385210046563882,0.0117251780958369,"Kmt2d",0.0207185265450331,0.0385210046563882
0.242125657894797,0.326600941035872,-0.03849425510045,0.0117836548702674,"Txndc16",0.0208172713956464,0.03849425510045
0.0842057683452086,0.137843960261569,-0.0384819518824155,0.0118106374441756,"Chp2",0.0208603466546477,0.0384819518824155
0.176029053412975,0.245507678137635,0.0384669983322778,0.0118435062816332,"Psmd5",0.0209137971839404,0.0384669983322778
0.160041119850325,0.336704588985431,0.0384551232049488,0.0118696662951622,"Gm7808",0.0209553800555295,0.0384551232049488
0.0606853028424727,0.0790383582983832,0.0384453150833776,0.0118913114600799,"Nup43",0.0209844242736482,0.0384453150833776
0.934504303487403,0.872395344106444,0.0384452984930619,0.0118913481022281,"Tomm7",0.0209844242736482,0.0384452984930619
0.253495476744976,0.343478753697525,-0.0384324008744115,0.0119198646877097,"Tspan14",0.0210301218676742,0.0384324008744115
0.0995653859585421,0.145114769548604,-0.0384174826343548,0.0119529244463231,"Pld1",0.0210838130923932,0.0384174826343548
0.14501367119231,0.209730997209949,0.0383890653056663,0.0120161239357593,"Bri3bp",0.0211906326286885,0.0383890653056663
0.0844802218423959,0.121834908418801,0.0383800532584536,0.0120362282743482,"Tmem150a",0.0212193935339456,0.0383800532584536
0.190752484037982,0.264055797583473,0.0383793843172684,0.0120377217555484,"Slain2",0.0212193935339456,0.0383793843172684
1.09764159447901,1.11636907173543,-0.0383640664956902,0.0120719653558296,"Selenok",0.0212750823666103,0.0383640664956902
0.532372598551257,0.569659872437389,0.0383604853647448,0.0120799835539443,"Nudc",0.0212845384358475,0.0383604853647448
0.187752235237933,0.232360612570956,-0.0383479752619879,0.0121080308807261,"Gemin7",0.0213265985337108,0.0383479752619879
0.0626080718015224,0.086319686304741,0.0383474675594626,0.0121091703538866,"Mtmr14",0.0213265985337108,0.0383474675594626
0.0997488149325822,0.135903081023812,0.0383393096828778,0.012127492693302,"Zfp322a",0.0213541806826981,0.0383393096828778
0.250799097105374,0.347697305338616,-0.0383083543553892,0.0121972410193907,"Elf2",0.0214722821280366,0.0383083543553892
0.22569619047118,0.317952993036683,-0.038289311645926,0.0122403242312984,"Ccdc34",0.021543400226352,0.038289311645926
0.189928418318103,0.230561969061327,-0.0382868499528714,0.0122459035198892,"Larp1",0.0215484933867524,0.0382868499528714
0.364098927751494,0.412025037118919,0.0382834292170031,0.0122536601645513,"Trappc3",0.02155741485647,0.0382834292170031
0.125924208589807,0.164612362663734,0.0382538048842385,0.0123210166566113,"Gaa",0.0216700511759145,0.0382538048842385
0.13889028834901,0.18656688759594,0.0382528969514042,0.0123230861809195,"Pgs1",0.0216700511759145,0.0382528969514042
0.116261216740658,0.164220987968018,-0.0382243878987254,0.0123882259358269,"Rptor",0.0217798257907701,0.0382243878987254
0.204683009152803,0.273014331160135,0.0381966239989798,0.0124519559426529,"Aup1",0.0218870743666696,0.0381966239989798
0.10747653758836,0.142247450867607,-0.038188803582439,0.0124699594512785,"Zfp800",0.0219139191057948,0.038188803582439
0.0725587276461922,0.0892743925480913,-0.0381684993619293,0.0125168097515994,"Rida",0.0219914345186848,0.0381684993619293
0.061628136043943,0.0867908063183715,-0.0381668322545932,0.0125206633757557,"Hoxb2",0.0219933894323694,0.0381668322545932
0.199997603553007,0.286333804157783,-0.0381609065456974,0.0125343695290111,"Arid2",0.0220126463341618,0.0381609065456974
0.0816858819450734,0.100476617077213,0.0381235701849857,0.0126210343089132,"Rcc1l",0.0221599954693041,0.0381235701849857
0.0783295010899734,0.107148368041036,-0.0381211087913206,0.012626766258054,"Pxmp2",0.0221652094628364,0.0381211087913206
0.077831050837655,0.10977035478058,-0.0380791598332482,0.0127248093448878,"Unc93b1",0.0223324300488581,0.0380791598332482
0.535668384626111,0.566166079985394,0.0380775978293681,0.01272847303111,"Arl6ip5",0.0223339749839551,0.0380775978293681
0.609728406310403,0.652569730971962,0.0380664532773866,0.0127546397158253,"Ddrgk1",0.022374995426275,0.0380664532773866
0.304483507455694,0.374094156406994,0.038064284317588,0.0127597378214065,"Naa50",0.0223790461811948,0.038064284317588
0.10529812274391,0.14112247149636,-0.0380574863020251,0.0127757281308664,"Cavin1",0.0224021946070962,0.0380574863020251
0.197627509023869,0.264869897952498,0.0380365437386721,0.0128251007668695,"Sike1",0.0224838559216432,0.0380365437386721
0.149377214129676,0.187980081498127,0.0380226751918796,0.0128578890459334,"Apmap",0.022536413653248,0.0380226751918796
0.217091307086653,0.286247307921228,-0.0379836329411972,0.0129505919736254,"Hoxb3os",0.0226939397240381,0.0379836329411972
0.141988822325033,0.155627258641814,0.0379469576673508,0.0130382125790131,"Cebpzos",0.0228424929550221,0.0379469576673508
0.0782683913062135,0.1045469438876,0.0379122182070095,0.0131216913071425,"Mtfr1",0.0229837264895244,0.0379122182070095
0.0636378673788919,0.0860173676535928,-0.0379090435325945,0.0131293435427821,"Wdr41",0.0229921109967881,0.0379090435325945
0.103579944579231,0.136847722420064,-0.0378976684086361,0.0131567945435267,"Nsd2",0.0230351558841934,0.0378976684086361
0.081676224919229,0.111919249876665,-0.037896456655897,0.0131597217919895,"Mex3c",0.0230352547248961,0.037896456655897
0.138263015740204,0.191154270597955,-0.0378821484761215,0.0131943298232361,"Mpp5",0.0230907966197703,0.0378821484761215
0.110178435609038,0.161980193054379,-0.0378747018243477,0.0132123732839968,"Pcbp3",0.0231173317119036,0.0378747018243477
0.424558373679512,0.543044097501645,0.0378685931566634,0.0132271910482867,"Eif4g1",0.0231382125510034,0.0378685931566634
0.286044963352832,0.367055135918055,0.0378543530355116,0.0132617902772989,"Idi1",0.0231936802931662,0.0378543530355116
0.0823031282146877,0.10144241514361,0.0378334723808949,0.0133126686371023,"Selenoi",0.023277588394881,0.0378334723808949
0.640173148361468,0.6367255609998,0.0378274253771455,0.0133274350996268,"Psenen",0.0232983309889772,0.0378274253771455
0.0871237742625593,0.115279938620849,0.0378184973194951,0.0133492634016495,"Kti12",0.0233314069995285,0.0378184973194951
0.127480875618161,0.179832837230644,-0.0378114308774942,0.0133665626095519,"Urgcp",0.0233565545250532,0.0378114308774942
0.571174037869658,0.617525917858786,0.0377894330258736,0.0134205419569749,"Mbd3",0.0234457715355469,0.0377894330258736
0.0869124244270482,0.128069953304494,-0.0377871117702917,0.0134262491791724,"Ppp1r12c",0.0234506363547409,0.0377871117702917
0.0728556461970211,0.117836216229854,-0.037784399226848,0.0134329211692537,"Cystm1",0.0234571837784748,0.037784399226848
0.274616714142653,0.346273886914792,0.0377622017856504,0.0134876299284197,"Frmd8",0.0235475941134985,0.0377622017856504
0.382698421969507,0.462440856641036,0.0377313565997066,0.01356397902592,"Sypl",0.023675738025665,0.0377313565997066
0.316936728268015,0.397303653099801,0.0377186715168223,0.0135954881932459,"Stt3a",0.0237255757421933,0.0377186715168223
0.0935513225615053,0.128428272013694,-0.0377022414437879,0.0136363958186084,"Efhd2",0.0237917895300094,0.0377022414437879
0.301568027646105,0.383137467585058,-0.0376840725084904,0.0136817593867638,"Epdr1",0.0238657472433463,0.0376840725084904
0.702626346497741,0.741268701352679,0.0376537956453433,0.0137576496838224,"Cetn3",0.0239929104679398,0.0376537956453433
0.091285320075109,0.13543441724469,0.0376375210302093,0.0137985960964018,"Sgsm3",0.0240590906296236,0.0376375210302093
0.101202000071738,0.149372119922685,0.0376335167357913,0.0138086872493946,"Rhpn1",0.0240714548097203,0.0376335167357913
0.585402188796372,0.643461700655577,0.0376074467530317,0.0138745451724225,"Comt",0.0241786466279152,0.0376074467530317
0.195229208089571,0.257728845950388,-0.0376057932259712,0.0138787316420312,"Mcmbp",0.0241786466279152,0.0376057932259712
0.133014030028895,0.187202086370676,-0.0376056011021197,0.0138792181415974,"Stard8",0.0241786466279152,0.0376056011021197
0.293859722786885,0.344637256927551,0.0375924237212948,0.0139126220889102,"4933434E20Rik",0.0242315779555927,0.0375924237212948
0.307057450766568,0.380275685267448,0.0375375639209446,0.0140524524844561,"Pink1",0.0244698087533151,0.0375375639209446
0.106130134053545,0.143289093032443,0.0375175325281293,0.0141038180499653,"Pdcd7",0.0245507619008541,0.0375175325281293
0.258853298611942,0.363377858848865,-0.0375170484635072,0.0141050613612833,"Asxl2",0.0245507619008541,0.0375170484635072
0.14619012678461,0.173673201435629,0.0375153563489956,0.0141094082869075,"Ldah",0.0245530019722718,0.0375153563489956
0.090196587292671,0.124176063729581,-0.0375096336535188,0.0141241182556727,"Hoxa9",0.0245732707900081,0.0375096336535188
0.125323121218861,0.136614435396984,0.0375054668357736,0.0141348374103818,"Washc3",0.0245865890702154,0.0375054668357736
0.229114160196205,0.323894722341835,-0.037498863241442,0.0141518398808151,"Dnajc10",0.0246108286093759,0.037498863241442
0.323226311658311,0.39916329770691,0.037466491361298,0.0142354499726896,"Erp44",0.0247508668647587,0.037466491361298
0.0810101891484516,0.0910964290913445,0.0374435424297283,0.0142949860747187,"Eloa",0.0248489965908888,0.0374435424297283
0.187796099900885,0.252472335199715,0.0374385655596434,0.0143079264364262,"Angel2",0.0248622906183275,0.0374385655596434
0.359032863764153,0.495307844987834,-0.0374382179019747,0.0143088307671282,"Rbm26",0.0248622906183275,0.0374382179019747
1.34783679969747,1.3607158272983,0.0374317248074794,0.0143257299351806,"Hsp90b1",0.0248862647759016,0.0374317248074794
0.372693654364802,0.484097386457867,0.0374059503179548,0.0143929852857533,"Ggnbp2",0.0249976869984598,0.0374059503179548
0.166478515861787,0.213234111212038,0.0373937112757984,0.0144250189238264,"Nsdhl",0.0250479012864712,0.0373937112757984
0.169440173939824,0.201962124319641,0.0373839455395132,0.0144506241674683,"Nudt19",0.0250869338640774,0.0373839455395132
0.0720715325533163,0.0895428301941403,-0.0373643607554203,0.0145020952126996,"Retreg3",0.0251708440377896,0.0373643607554203
0.168666588735555,0.205501527780725,0.0373464841046854,0.0145492180936897,"Apoo",0.0252471725743438,0.0373464841046854
0.149088418230068,0.195116820855833,0.0373101778864592,0.0146453368999733,"Ncln",0.025408472061705,0.0373101778864592
0.0609850810534036,0.0871104281217066,-0.0373076282319916,0.01465210795677,"S100pbp",0.0254147242207355,0.0373076282319916
0.181378090809799,0.235219499243336,0.0372937921222668,0.0146889003097544,"Spcs3",0.0254730356787268,0.0372937921222668
0.400206553491343,0.443677025357061,0.0372895356982797,0.0147002351604542,"Clptm1",0.0254871838650572,0.0372895356982797
0.393999446257147,0.472507404350494,0.03728451631877,0.0147136116628153,"Nfe2l2",0.0255048649778418,0.03728451631877
0.0762662864933158,0.105140649742322,0.037279494844969,0.0147270044766254,"Abca2",0.0255225667214778,0.037279494844969
0.0725125300727417,0.0982712567057942,-0.037267973739257,0.0147577731111357,"Fam20b",0.0255703674030994,0.037267973739257
0.434737009447197,0.510936232350944,0.0372587917015906,0.0147823354961493,"Vamp8",0.0256073963776127,0.0372587917015906
0.363436039334569,0.43362742384626,0.0372374469562734,0.0148395729172162,"Slc50a1",0.0257010000189386,0.0372374469562734
0.623165563982699,0.668666314945605,0.0372155753482168,0.0148984255792752,"Atxn10",0.0257973601312266,0.0372155753482168
0.38497148891421,0.428263167557439,0.0371931248404501,0.0149590496736862,"Trappc6b",0.025896745325061,0.0371931248404501
0.0759350778393394,0.10332521945705,-0.037170135556594,0.0150213536783054,"Ubxn2b",0.0259989952361351,0.037170135556594
0.31336229297161,0.37335290460908,0.0371617570478932,0.0150441172958115,"Znhit1",0.0260327792067266,0.0371617570478932
0.110724190339907,0.14937708317645,0.037142263579362,0.0150971967914814,"Ctu2",0.0261183121344365,0.037142263579362
0.106331669979209,0.143937039019945,0.0371400954831416,0.015103110558986,"Txndc11",0.0261183121344365,0.0371400954831416
0.127826112271146,0.198626184764522,-0.0371400219725034,0.0151033111046592,"Mapk8ip3",0.0261183121344365,0.0371400219725034
0.237515759092668,0.306722412609633,-0.0371120332648013,0.015179838183414,"Riok3",0.026244994954474,0.0371120332648013
0.0965343703459813,0.153692699298112,-0.0370995868940115,0.0152139787102665,"Lrrn3",0.0262983552716886,0.0370995868940115
0.0744230592922225,0.106984447519114,-0.0370895102259105,0.015241668609042,"Tmem216",0.0263405446734768,0.0370895102259105
0.192879971378509,0.248936952043901,0.0370692911635619,0.0152973628441751,"Mbtps1",0.0264311023819252,0.0370692911635619
0.703386196836685,0.700796105705392,0.037056414883384,0.0153329243639017,"Rheb",0.0264868428624214,0.037056414883384
0.186479413955105,0.24265973171083,0.0370474229239319,0.0153578013459001,"Creb3",0.0265241063279169,0.0370474229239319
0.309672078698474,0.38319108976749,0.0370421034324929,0.0153725348632794,"Igbp1",0.0265438389806227,0.0370421034324929
0.070988656529675,0.111369272226741,-0.0369872673050342,0.0155251421917546,"Rfxank",0.026801579377504,0.0369872673050342
0.118825366848203,0.149279354942315,0.036962411274788,0.015594753643691,"Mplkip",0.0269159611178698,0.036962411274788
0.0740398719300009,0.0999814342997843,0.0369047538002181,0.0157572863225066,"Dhx16",0.0271906377315684,0.0369047538002181
0.0937854895126907,0.130657054151647,0.0368869705080951,0.0158077159147869,"Zfyve27",0.0272717937003332,0.0368869705080951
0.225386405379549,0.243415613446192,0.0368834501747477,0.0158177156313866,"Akr1b3",0.0272831793263642,0.0368834501747477
0.07762609444691,0.107978640113723,-0.0368779436588562,0.0158333683711923,"Wipf2",0.027304308577358,0.0368779436588562
0.0662527045770191,0.087649588374409,-0.0368731515315141,0.0158470014813616,"Net1",0.027321946688106,0.0368731515315141
0.0588066732263166,0.0781414721151065,0.0368520078225098,0.0159072764529382,"Cldn1",0.0274199755657092,0.0368520078225098
0.0967844290325204,0.134431133379885,-0.0368317024087222,0.0159653512779991,"2610037D02Rik",0.0275141706732527,0.0368317024087222
0.248074194320982,0.342463875891413,-0.0368054813131271,0.0160406209911692,"Brwd1",0.0276379520792659,0.0368054813131271
0.12369236772636,0.16446450190274,0.0368026205213642,0.0160488519568697,"Ecd",0.027646197531542,0.0368026205213642
0.595110099324598,0.643480239657938,-0.0367990312563503,0.0160591841087627,"Pkig",0.0276580582289573,0.0367990312563503
0.127834232106977,0.17186137610851,-0.0367886192083754,0.0160891895823279,"Ints6",0.0276947559254027,0.0367886192083754
0.996680915544603,1.0087302208684,0.0367882819629901,0.016090162280296,"Gapdh",0.0276947559254027,0.0367882819629901
0.096441276328274,0.134022846019847,-0.0367880447553,0.0160908464761001,"Mob1b",0.0276947559254027,0.0367880447553
0.51745678727053,0.620088065755097,0.0367860225470133,0.0160966803200947,"Hspa4",0.0276988554339352,0.0367860225470133
0.118447893819797,0.16363549985316,-0.0367746564630066,0.0161295047901212,"Inf2",0.0277493881723697,0.0367746564630066
0.0668618362693905,0.0889920762815991,-0.0367559664751452,0.0161836080704004,"Fbxo42",0.0278364997120886,0.0367559664751452
0.158573881052443,0.205275557831836,0.0367513383685109,0.016197029994623,"Eif2b2",0.0278524495243481,0.0367513383685109
0.28188289956708,0.332697906183705,0.0367503756229756,0.0161998232714522,"Lamtor3",0.0278524495243481,0.0367503756229756
0.306859363446994,0.431218720115492,-0.0367276413254999,0.0162659068868034,"Lrrtm1",0.0279600764480957,0.0367276413254999
0.0778261996654736,0.120780660306144,-0.0367165891020446,0.0162981187330269,"Noc3l",0.0280094462869582,0.0367165891020446
0.198441834981173,0.254567849296695,-0.0366801278503432,0.0164047831886243,"Rasa3",0.0281867195515034,0.0366801278503432
0.0894278762874334,0.141789528212095,-0.0366569254983167,0.0164729785490458,"Ppcdc",0.0282978334141604,0.0366569254983167
0.235879205371861,0.318775116910362,0.0366423623925589,0.016515908848658,"Usp1",0.0283655078342534,0.0366423623925589
0.0984816713300443,0.124559489584829,0.0366264249562354,0.0165630030575909,"Tada1",0.0284403031316306,0.0366264249562354
0.118394986059538,0.163894371213579,-0.0366251186538815,0.0165668683285107,"Gtf2a1",0.028440853972608,0.0366251186538815
0.162265942726403,0.218631264907163,0.0365998730424219,0.0166417242874819,"Ccdc13",0.0285632504134236,0.0365998730424219
0.0727609989359612,0.106763388945145,0.0365781880386596,0.0167062595353301,"Flcn",0.0286678841983509,0.0365781880386596
0.0851482713493943,0.118438436249792,0.0365677314102171,0.016737457209503,"Map2k3",0.0287152783085423,0.0365677314102171
0.0795750662745307,0.104640688446719,0.0365642216243448,0.0167479402194959,"Cnot11",0.0287271210605462,0.0365642216243448
0.282073357464251,0.375793730534209,-0.0365513825748982,0.016786336934203,"Zfp516",0.0287868278606635,0.0365513825748982
0.115295127591855,0.151743438811049,0.0365431193882574,0.0168110898227593,"Katna1",0.0288231163969703,0.0365431193882574
0.0649726107406504,0.100622472151212,-0.0365402619637596,0.0168196568652106,"Arfgef2",0.0288316442397885,0.0365402619637596
0.088094090611006,0.124300581089919,-0.0365341855985171,0.016837887573605,"Rprd1b",0.0288567300065371,0.0365341855985171
0.0817989242066113,0.120746539863378,0.0365141302417561,0.0168981820820852,"Rrp1b",0.0289538785023813,0.0365141302417561
0.0685764518600732,0.0888739442234077,0.036510002349301,0.0169106156765358,"Sp2",0.0289689966243644,0.036510002349301
0.222637725603384,0.292938501852203,0.0364963388507263,0.0169518286738566,"Zkscan1",0.0290333987788742,0.0364963388507263
0.0741396175798739,0.106445364578131,-0.0364809973905231,0.0169982078692116,"Dcp1b",0.0291066197060507,0.0364809973905231
0.340033194317513,0.444065322792183,0.0364594557669406,0.0170635188182477,"Cops2",0.0292122199696222,0.0364594557669406
0.139735736951494,0.18670229433207,0.0364235120122873,0.0171729849510028,"Hgs",0.0293933513751805,0.0364235120122873
0.133143308296786,0.178944922023753,0.0364164299399635,0.0171946257652821,"Prmt7",0.0294181466042883,0.0364164299399635
0.302557550246852,0.409311245353109,0.0364163716328216,0.01719480403466,"2210016L21Rik",0.0294181466042883,0.0364163716328216
0.211376560322337,0.430757601718507,0.0364060866151279,0.0172262750141141,"Fam134b",0.0294657068243981,0.0364060866151279
0.210488900880237,0.257692016974415,-0.036401185189362,0.0172412905790528,"Tbx2",0.0294851056279454,0.036401185189362
0.143659313029761,0.206607251258279,0.0363833890278951,0.0172959058135093,"Elp2",0.0295690093807019,0.0363833890278951
0.143907081688631,0.197212835677841,-0.0363827977245226,0.0172977230848722,"Cpeb2",0.0295690093807019,0.0363827977245226
0.156065786330956,0.167751492592011,0.0363758100020105,0.0173192113552173,"Nifk",0.0295994359774789,0.0363758100020105
0.159600493302465,0.213949271884202,-0.0363648615004705,0.0173529266618083,"Snx18",0.0296507418088479,0.0363648615004705
0.153914920198085,0.215858215202849,-0.0363631700724327,0.0173581404489819,"Pias2",0.0296533359511668,0.0363631700724327
0.139895710578202,0.198820951740619,0.0363471384597816,0.0174076257493082,"Rbm34",0.0297315429996698,0.0363471384597816
0.207299768880384,0.275734152737225,-0.0363259616585206,0.0174731824058801,"Mxra7",0.0298371601670104,0.0363259616585206
0.171610163361124,0.224481376775342,-0.0363209042438286,0.0174888705287447,"Plin2",0.0298575951324782,0.0363209042438286
0.447631937762101,0.596172044655682,0.0363044267783051,0.0175400693634568,"Mical3",0.0299386336039944,0.0363044267783051
0.062588092847365,0.0934272883110528,-0.0362815714969659,0.0176113028010302,"Lemd3",0.0300538268131575,0.0362815714969659
0.0880081405489696,0.121671401556372,0.0362784107641984,0.0176211738347161,"Nup93",0.0300642778757733,0.0362784107641984
0.0987891607005571,0.136072604625392,-0.0362456981633499,0.0177236210266104,"Nek4",0.0302326392681807,0.0362456981633499
0.145565238258505,0.22052671671465,-0.0362428802877429,0.0177324702267335,"Uimc1",0.0302413052283336,0.0362428802877429
0.209658383885216,0.265573577289121,0.0362379227795948,0.0177480480811759,"Dlst",0.0302550757469247,0.0362379227795948
0.0737135183824684,0.116160951930858,-0.0362379107376748,0.0177480859347925,"Cep78",0.0302550757469247,0.0362379107376748
0.109949330038491,0.166592825409237,0.0362170630731994,0.0178137264380796,"Carns1",0.0303605227143481,0.0362170630731994
0.142669846404803,0.174265734155212,0.0361822429137728,0.0179238346776741,"D030056L22Rik",0.0305416966348815,0.0361822429137728
0.315068704716094,0.384087767999566,0.0361698084819657,0.017963298988563,"Mat2b",0.0306024439669277,0.0361698084819657
0.512972504766815,0.570456706166353,0.0361685596527744,0.0179672667152497,"Ctnnbip1",0.030602706033361,0.0361685596527744
0.304262458407511,0.418452194191129,-0.0361665016344942,0.0179738070373225,"Trpm7",0.030607348825865,0.0361665016344942
0.0762018713481697,0.119616982067721,-0.0361598764541573,0.0179948758272104,"Cnn2",0.0306367247268272,0.0361598764541573
0.143423327329281,0.218232216155394,0.0361581258699183,0.0180004464850398,"Nes",0.0306397078056765,0.0361581258699183
0.0965237701875784,0.139524712304072,0.0361471596234894,0.0180353773221282,"Sh2b1",0.0306926548531828,0.0361471596234894
0.129347094104839,0.167373940002505,0.0361260296508039,0.0181028501070821,"Pdhx",0.0308009476800735,0.0361260296508039
0.0854806982638615,0.129733915354389,0.0360840049032047,0.0182377017345421,"Surf6",0.0310238114729628,0.0360840049032047
0.407322966706986,0.495325750378505,0.0360692987753207,0.0182850989099831,"Stx6",0.0310978452000221,0.0360692987753207
0.243266439843107,0.579968318260984,0.0360212279336855,0.0184407819526559,"Gm10288",0.0313553859526728,0.0360212279336855
0.0700811069295265,0.0961654512393873,0.0360201320197497,0.0184443446780428,"Prmt6",0.0313553859526728,0.0360201320197497
0.339479563687728,0.422110903091486,0.0360182061982042,0.018450606823268,"Yipf3",0.0313593876614918,0.0360182061982042
0.223016820297627,0.287147499052941,0.0360016426155509,0.0185045430502014,"Gtf3a",0.0314379929128083,0.0360016426155509
0.240641862869028,0.298944476842444,0.0360015972410963,0.0185046909929204,"Chmp1a",0.0314379929128083,0.0360015972410963
0.237879543410551,0.295525535885067,0.0359987351908885,0.0185140247554154,"Mrpl35",0.0314471919215608,0.0359987351908885
0.126047618828927,0.176432253308897,-0.0359843196620776,0.0185610995423021,"Rxrb",0.0315204788841126,0.0359843196620776
0.0564496386290732,0.0715786464517099,-0.0359772669042467,0.018584168871703,"Fam8a1",0.0315529773649058,0.0359772669042467
0.15543458404178,0.2080329241436,0.0359632071216387,0.018630232783321,"Arfip2",0.0316244949975391,0.0359632071216387
0.124224521089741,0.166446227176525,-0.0359584046752348,0.0186459898506038,"Sap30l",0.0316445479190451,0.0359584046752348
0.144739643857481,0.189217941871866,-0.0359498389608487,0.0186741233252918,"Cnpy3",0.0316855922102224,0.0359498389608487
0.269902847272889,0.334569875952487,0.0359351100950449,0.0187225860347383,"Atp6v1c1",0.0317611057807062,0.0359351100950449
0.211734235114823,0.282114227940364,0.0359300199714146,0.0187393597335198,"Gtf3c6",0.0317813356858991,0.0359300199714146
0.0869952483223908,0.112969831275128,0.0359290878668933,0.0187424327599295,"Mospd1",0.0317813356858991,0.0359290878668933
0.178207362685765,0.232877101394825,-0.0358979792164415,0.0188452469961561,"Itpkb",0.031948924972989,0.0358979792164415
0.216903937941315,0.292040011197895,-0.0358796583888949,0.0189060278514105,"Ryk",0.0320451980312036,0.0358796583888949
0.360414647167991,0.412201592724601,0.0358446976063488,0.0190224888030862,"Cdc26",0.0322357867277643,0.0358446976063488
0.142341685972202,0.205278676615379,-0.0358431316520111,0.0190277199318493,"Arih2",0.0322378430602109,0.0358431316520111
0.412707756527679,0.484238385379831,0.0358387568836443,0.0190423406716893,"Rab11a",0.032255803578137,0.0358387568836443
0.0946052515414934,0.125175578084619,0.0358326930968922,0.0190626224494363,"Cdpf1",0.0322833437176608,0.0358326930968922
0.298280341941911,0.398803007639368,0.0358101723830385,0.0191381136923673,"Cdc5l",0.0324043520294482,0.0358101723830385
0.080102208846415,0.112729927398377,0.0358041731761568,0.019158267528719,"Abcb8",0.0324316326266754,0.0358041731761568
0.226370367522532,0.30207410408212,0.0357504558110238,0.0193395545604886,"Chd1",0.0327316148056023,0.0357504558110238
0.52371950866018,0.575305837388145,0.0357460905014676,0.0193543523648626,"Tmco1",0.0327497518717119,0.0357460905014676
0.639539916688489,0.732085588896411,0.0357368101975469,0.0193858441974124,"Prpf40a",0.0327961235167693,0.0357368101975469
0.457630364730377,0.494191011565976,0.0357334824781235,0.0193971473951963,"Rab5c",0.0328083285621954,0.0357334824781235
0.299001110679921,0.358473898052086,-0.0357103347460994,0.0194759322412467,"Ggh",0.0329346428458933,0.0357103347460994
0.0984722137162092,0.139338755529653,-0.0356913116014983,0.0195408878434896,"Agap3",0.033037522978542,0.0356913116014983
0.0705096914862214,0.0950050773731184,-0.0356892985777094,0.019547772482966,"Rpa2",0.0330422006326773,0.0356892985777094
0.192666299397403,0.249754806517824,-0.0356749468601575,0.0195969174658155,"Uhrf2",0.0331182952286654,0.0356749468601575
0.13951575839426,0.198293416786087,0.0356707618902025,0.0196112684749889,"Ddx19a",0.0331355692236914,0.0356707618902025
0.0782382326352785,0.108210992419166,0.0356663255847184,0.0196264913769896,"Fxn",0.0331543088018873,0.0356663255847184
0.115227645740151,0.133310537921909,0.0356590686603578,0.019651415296783,"Rtl8b",0.0331894246140574,0.0356590686603578
0.131720008670366,0.188313873945379,0.0356503259525087,0.0196814788385332,"Mtap",0.0332332041667489,0.0356503259525087
0.236994213435317,0.304870177625544,0.0356450566414661,0.0196996178002568,"Fam92a",0.0332568342582075,0.0356450566414661
0.0859515796577512,0.117092189978862,-0.0356108102558789,0.0198178628533204,"Fam126b",0.0334494176556674,0.0356108102558789
0.103123546039179,0.146414855518426,-0.0356044492818043,0.0198398939513341,"Bhlhe40",0.033478594404567,0.0356044492818043
0.502843892289841,0.563306242954826,0.03560341046763,0.0198434938918396,"Kdelr1",0.033478594404567,0.03560341046763
0.233061204694725,0.286161130469904,-0.035598269815381,0.0198613168681056,"Armcx3",0.0334995725385939,0.035598269815381
0.0693800224006665,0.110790678411866,-0.0355974161501037,0.0198642779335281,"Tnk2",0.0334995725385939,0.0355974161501037
0.2662507783129,0.355809271914993,0.0355929530155474,0.0198797652555117,"Map7d1",0.0335186460202198,0.0355929530155474
0.420850711815556,0.510517114905166,0.035582566898633,0.0199158464524924,"Commd6",0.0335724268770586,0.035582566898633
0.301775885419547,0.420654976802801,-0.0355752635977184,0.0199412522073646,"Arhgef9",0.0336081931762012,0.0355752635977184
0.104991256530704,0.134053926365215,0.0355542570430663,0.0200144847488813,"Akr1e1",0.0337245328905971,0.0355542570430663
0.393525064709506,0.45134113313986,0.0355524951128746,0.020020637800139,"Usf2",0.0337278181205786,0.0355524951128746
0.0609601072789701,0.0874837692912429,-0.0355208985658572,0.0201312604777034,"Tmem184b",0.0339070600489278,0.0355208985658572
0.102049949749369,0.148183226488857,-0.03549121606396,0.0202356672541546,"Sgpl1",0.0340757595062616,0.03549121606396
0.231238936049042,0.274292354563348,0.0354856384297232,0.0202553389392481,"Wdr45b",0.0341017288393888,0.0354856384297232
0.0906280522862818,0.120755518598632,0.0354843322273556,0.0202599481768748,"Atp13a1",0.0341023335790315,0.0354843322273556
0.684446953673603,0.712071710762393,0.0354584254393097,0.0203515554632425,"Ndfip2",0.0342493458550876,0.0354584254393097
0.370479372155004,0.464369451178936,-0.035452099558506,0.0203739787848125,"Serpinb6a",0.0342798921722238,0.035452099558506
0.120723258160179,0.26682642901468,0.0354445346071801,0.0204008225180907,"Cldn25",0.0343178616111447,0.0354445346071801
0.480768307781321,0.548523356486849,0.0354418571758307,0.0204103305937086,"Pnkd",0.0343266595438939,0.0354418571758307
0.441002137693234,0.592543785209788,0.0354347129291642,0.0204357201056078,"Col4a2",0.0343621580317262,0.0354347129291642
0.129676062015449,0.186542315092955,-0.0354251378768998,0.0204697914960011,"Aida",0.0344122369503274,0.0354251378768998
1.25763267670925,1.15842017597289,-0.0354195294635941,0.0204897711869186,"Dag1",0.0344386099714777,0.0354195294635941
0.0711632416040694,0.106313911405009,-0.0354031105749742,0.0205483604284358,"Kmt2b",0.0345281357024016,0.0354031105749742
0.217458583620317,0.260069083218228,-0.0354021921391676,0.0205516420880695,"Tcaf1",0.0345281357024016,0.0354021921391676
0.541487759865597,0.592424698709658,0.0353817065177925,0.0206249580242056,"Tsn",0.0346440576064948,0.0353817065177925
0.123179106325846,0.254986518940499,0.0353798173327802,0.020631730690605,"Gm8444",0.0346481806323597,0.0353798173327802
0.0815057924360212,0.106894291940189,-0.0353655050643557,0.0206831027038962,"Elmo2",0.0347235734612584,0.0353655050643557
0.32163929631163,0.396207950370991,0.035364899346599,0.0206852793051863,"Eif2a",0.0347235734612584,0.035364899346599
0.405286140904094,0.486480835580697,0.0353554976869511,0.0207190890689106,"Hdac1",0.034773053898544,0.0353554976869511
0.29644149969054,0.332062494480108,0.0353450433845279,0.020756740832766,"Snhg8",0.0348289603601243,0.0353450433845279
0.133440481482109,0.178414667188317,-0.0353279743821202,0.0208183439703916,"Mob1a",0.0349249696800256,0.0353279743821202
0.121055957933221,0.183726878091785,0.0353267790741137,0.0208226638770242,"Parp2",0.0349249696800256,0.0353267790741137
0.0767936321453424,0.114101486712318,0.0353161842605886,0.0208609882518992,"Dvl2",0.0349819372483258,0.0353161842605886
0.0732203291432848,0.0945558483500581,-0.0353093187653818,0.0208858554523145,"Eefsec",0.0350163192957316,0.0353093187653818
0.122515881344363,0.163458409036291,0.0352947108103818,0.0209388522174504,"Patz1",0.0350978379345775,0.0352947108103818
0.107338901000854,0.186736103437858,-0.0352926936323957,0.0209461796133053,"Osbpl11",0.0351027872216294,0.0352926936323957
0.108673908661577,0.143041328701612,-0.0352777217942459,0.0210006346437856,"Fxyd5",0.0351866970937014,0.0352777217942459
0.659571220959145,0.755486145163573,0.0352707753533899,0.021025941841541,"Nap1l1",0.0352217447466648,0.0352707753533899
0.0857670993257955,0.105280505958032,-0.0352455816340624,0.0211179503422134,"Gnb5",0.0353684895733501,0.0352455816340624
0.179904547738934,0.243628581925077,0.035219010890609,0.021215367520403,"Trip6",0.0355242297545312,0.035219010890609
0.133312965420727,0.191079672733455,-0.0351659437025956,0.0214111012396176,"Rin2",0.035844497464363,0.0351659437025956
0.129565094947948,0.172751168872587,-0.0351543027242862,0.0214542476106276,"Zfp280c",0.0359092371355186,0.0351543027242862
0.159311246565588,0.231605454692986,-0.0351495591095108,0.0214718511370071,"Dmtf1",0.0359312061571105,0.0351495591095108
0.130349666189886,0.177352113284444,0.0351448352819274,0.0214893937253527,"Sgk3",0.0359530640642682,0.0351448352819274
0.11717007098537,0.157471268465181,0.035139319181185,0.0215098943169909,"Fam216a",0.0359798607462028,0.035139319181185
0.112448260956898,0.158848907340002,-0.0351349796459688,0.021526034162932,"Pggt1b",0.035999353506329,0.0351349796459688
0.13473429680798,0.147643343266218,0.0351283011418038,0.0215508938274651,"2310009A05Rik",0.0360334178102896,0.0351283011418038
0.154383604990154,0.209700259311555,-0.0351228004382325,0.0215713880783189,"Fbxl20",0.0360601704042564,0.0351228004382325
0.115394587490015,0.155652519862692,-0.0351177236577969,0.0215903179455774,"Ngly1",0.0360842972704255,0.0351177236577969
0.535843760453377,0.610799883272464,0.0351057935233186,0.0216348589264599,"Cd151",0.0361512095014398,0.0351057935233186
0.278177692920215,0.33432387290746,0.0350987015204069,0.0216613746910032,"Nradd",0.0361879805372912,0.0350987015204069
0.0936181638414255,0.120735302138023,0.0350657288246089,0.0217850255451743,"Mynn",0.0363800049478305,0.0350657288246089
0.09771317447967,0.139530915330701,0.035065633391298,0.0217853843188342,"Vrk1",0.0363800049478305,0.035065633391298
0.122212358984462,0.161915487575278,-0.035064402188228,0.0217900133861494,"Tnfrsf1a",0.0363801638390476,0.035064402188228
0.703518103704611,0.887081753826274,0.0350382963878073,0.0218883673848278,"H1f0",0.0365367713534134,0.0350382963878073
0.115720743760439,0.154018412332869,-0.0350311843002232,0.0219152291207927,"Ube4b",0.0365669593564764,0.0350311843002232
0.481309314518592,0.56780955386616,0.0350310949574531,0.021915566742933,"Ccdc47",0.0365669593564764,0.0350310949574531
0.152820890978232,0.311811214553001,0.0350152087117202,0.0219756720864886,"Carkd",0.0366596242873149,0.0350152087117202
0.311656659089756,0.408768706587871,0.0350053118459506,0.0220131891442778,"Ten1",0.0367145769473467,0.0350053118459506
0.145625076159685,0.19290653647785,0.0350009336681222,0.0220298037115942,"Casp6",0.0367346519081113,0.0350009336681222
0.0740719887881596,0.1099690691223,-0.0349783885442775,0.0221155320422968,"Zfp160",0.0368699416387679,0.0349783885442775
0.160674520411393,0.243969925183047,-0.0349727089048365,0.0221371746842667,"Cntln",0.0368920446425988,0.0349727089048365
0.0647389885903764,0.0879353989711862,0.0349724962405816,0.0221379854130251,"Osgepl1",0.0368920446425988,0.0349724962405816
0.0770789433785664,0.106815555884659,-0.034960819275748,0.0221825405339568,"Rfwd3",0.0369586181986025,0.034960819275748
0.183806164808408,0.239341604916371,0.0349543371235914,0.0222073077428423,"Usp4",0.0369873905433434,0.0349543371235914
0.0614903441759259,0.0768396632421557,-0.0349538868988363,0.0222090288681242,"Furin",0.0369873905433434,0.0349538868988363
0.0885043265097823,0.118794780343352,-0.034949383119499,0.0222262523598391,"Rnf157",0.037008393636719,0.034949383119499
0.112159633163186,0.234996747730406,0.0349334294215763,0.0222873564336713,"Rpl36-ps3",0.0371024373493317,0.0349334294215763
0.367763747247037,0.461755764559643,0.0349072836440345,0.0223878128378968,"Fam32a",0.0372619394754789,0.0349072836440345
0.0617605630411435,0.0879118267152468,-0.0349017870641417,0.0224089815969236,"Casp7",0.0372883616036243,0.0349017870641417
0.412826395013627,0.835105588047346,0.034900748830956,0.0224129820556182,"Tceb2",0.0372883616036243,0.034900748830956
0.136000009863671,0.193173152984318,0.0348874968770366,0.0224640982450992,"Vps53",0.037365655953291,0.0348874968770366
0.094421128148628,0.126991682597852,0.0348583085824717,0.0225770424138442,"Fam98c",0.0375457385137173,0.0348583085824717
0.321229201017339,0.411834533577316,-0.0348380855753373,0.0226555844241172,"Cltc",0.0376685473309399,0.0348380855753373
0.207583921044744,0.270271992070789,0.0348304215489307,0.0226854118943839,"Abracl",0.0377103262980188,0.0348304215489307
0.166079342531793,0.220977670613893,0.0348163439993842,0.0227402889119255,"Atg5",0.0377937196001015,0.0348163439993842
0.110829515741478,0.169420551062276,-0.0347623213860198,0.0229519511906896,"Naa16",0.0381375970913426,0.0347623213860198
0.168437859933628,0.198931717753046,0.0347580881528652,0.0229686091744916,"Dapk3",0.0381573747445384,0.0347580881528652
0.163913417299978,0.20241071241288,0.0347520258418347,0.0229924829518348,"Ube2f",0.0381891292083466,0.0347520258418347
0.105621171902378,0.139771360005714,0.0347486332727075,0.0230058525109921,"Pgam5",0.03820342726577,0.0347486332727075
0.11471255140692,0.153287010307281,-0.0347395894584005,0.0230415256862668,"Ccl27a",0.0382547490392313,0.0347395894584005
0.122199640538391,0.170539021414174,-0.0347005993438598,0.0231958719237028,"Rnf111",0.0385030360603623,0.0347005993438598
0.069641550552128,0.0963366455861603,0.034685938436292,0.0232541403124175,"Stat6",0.0385917728783533,0.034685938436292
0.130054579345478,0.180616707704368,-0.0346739448976505,0.0233019019237092,"Mthfd1l",0.0386630399164274,0.0346739448976505
0.95877017907893,0.95619722643473,-0.0346630691521713,0.0233452857486177,"Fermt2",0.0387270152670887,0.0346630691521713
0.104539544127077,0.152425706332894,-0.0346606378333309,0.0233549939665596,"Ift122",0.0387351119445379,0.0346606378333309
0.121763304391122,0.170740549622288,-0.0346568752418737,0.0233700248410038,"Senp1",0.0387520312717946,0.0346568752418737
0.0888477515887659,0.100834819578109,0.0346485705954208,0.0234032301190824,"Abraxas2",0.0387990740651896,0.0346485705954208
0.597102752855665,0.7600102123476,0.0346354436823499,0.0234558002326598,"Matr3",0.0388781948082755,0.0346354436823499
0.136739056327887,0.176750460567533,-0.0346227708305171,0.0235066491104795,"1110032A03Rik",0.0389544304961766,0.0346227708305171
0.115290113136996,0.155572998016827,0.0346098261044142,0.0235586875690615,"Skiv2l",0.0390326056275345,0.0346098261044142
0.0997950496338241,0.142516014339136,-0.0346061355606014,0.0235735420384158,"Prkd3",0.0390491538638003,0.0346061355606014
0.155063385986701,0.209084643850315,-0.0345869249587874,0.0236509961598376,"Tle1",0.0391693690787486,0.0345869249587874
0.564263762562683,0.628138632332125,0.0345793391499917,0.0236816416813395,"Nisch",0.0392120290654289,0.0345793391499917
0.0623107297493619,0.0732392835499783,0.0345575355676748,0.0237699166898927,"Tmem185a",0.0393500745862799,0.0345575355676748
0.149034493535353,0.232294779678191,-0.0345396241209576,0.0238426471680841,"Tesk2",0.0394623351643372,0.0345396241209576
0.0595550091077969,0.0807082553420476,0.0345252439216911,0.0239011783814603,"Amer1",0.039551052863031,0.0345252439216911
0.16584608174958,0.207281315102838,-0.0345220232664531,0.0239143043619815,"Fat1",0.0395646140619669,0.0345220232664531
0.0697204216787791,0.0911229639124011,0.0345037873171177,0.0239887440462574,"Noc4l",0.039679588172989,0.0345037873171177
0.807635331337486,0.894091761407114,0.0344894658179831,0.0240473455713611,"Tcf25",0.0397683225194974,0.0344894658179831
0.689623167805636,0.758340296912986,-0.034479831196175,0.0240868388500159,"Fkbp2",0.0398254265263812,0.034479831196175
0.132114624048956,0.203994665238813,-0.0344769998987504,0.0240984553040775,"Snapc3",0.0398364246724181,0.0344769998987504
0.273357098240199,0.399657051510133,0.0344685256376322,0.0241332531438479,"Kank4",0.0398848382319633,0.0344685256376322
0.345380148596435,0.410891827144324,0.0344674474181773,0.0241376837555351,"Guk1",0.0398848382319633,0.0344674474181773
0.0663402942072595,0.0850887206645097,-0.0344633979702021,0.0241543300146235,"Gpatch2l",0.0399041268349473,0.0344633979702021
0.150477476445635,0.204427896755288,0.0344584256077947,0.0241747837504506,"Lypla2",0.0399260927162029,0.0344584256077947
0.398704718185289,0.485363502633791,0.0344577466420383,0.0241775778300137,"Pja1",0.0399260927162029,0.0344577466420383
0.182764855179176,0.357613487162166,0.0344395551199362,0.0242525438471389,"2810428I15Rik",0.0400416485245767,0.0344395551199362
0.0874702404642417,0.125834715913152,0.0344350239833489,0.0242712476541427,"Trub1",0.0400642853686157,0.0344350239833489
0.262727768944305,0.328953840356805,0.0344293751699206,0.0242945825553866,"Ppil2",0.040094555825673,0.0344293751699206
0.0726485247524949,0.0956154404602586,0.0344011255398759,0.0244115719597347,"AI987944",0.040279344726488,0.0344011255398759
0.0754568283975596,0.0932580555417452,0.0343891407363879,0.0244613515510966,"Yod1",0.0403531835620886,0.0343891407363879
0.094700348203025,0.124011766823949,-0.0343777127315871,0.0245089003229333,"Gpkow",0.04042331268062,0.0343777127315871
0.0780309257847102,0.104734972082295,0.0343708922230058,0.0245373167082098,"Nfkbil1",0.0404618638032626,0.0343708922230058
0.0634651102699992,0.0796139895907869,0.0343689852229481,0.0245452669737726,"Atpaf1",0.040466657529803,0.0343689852229481
0.179938497065882,0.218946743417951,0.0343642235192117,0.0245651282141483,"Tmem41b",0.04049108233162,0.0343642235192117
0.273908836476479,0.366958594433218,0.0343273338050466,0.0247194687402156,"Smarca4",0.0407371158700945,0.0343273338050466
0.319781462095136,0.37727394784751,0.034322073284038,0.024741546164582,"Trim35",0.0407651265758944,0.034322073284038
0.0771005746299066,0.116258918997842,-0.0343160197852583,0.0247669726945906,"Cc2d2a",0.0407986427635793,0.0343160197852583
0.114766504077973,0.15116181002827,0.034314323142852,0.0247741031650738,"Inip",0.0408020122735124,0.034314323142852
0.111068889301706,0.147603638317459,0.0342642774959616,0.0249852307158519,"H2afx",0.0411412869411032,0.0342642774959616
0.0985729787551394,0.122945887131479,0.0342593193575143,0.0250062321553799,"Tom1",0.0411674203559229,0.0342593193575143
0.249739217075638,0.319042828235798,0.0342516940697593,0.0250385607935251,"Zfp637",0.0412121870373837,0.0342516940697593
0.102903577985184,0.140627811169191,-0.0342381741211568,0.0250959697303828,"Arsk",0.0412982077761672,0.0342381741211568
0.163199211353129,0.238522497607436,-0.0342347092519963,0.0251107007187324,"2610507B11Rik",0.0413139763311686,0.0342347092519963
0.189817047528914,0.296172186895923,-0.0342120944403859,0.0252070321570108,"Adcy2",0.04146396597537,0.0342120944403859
0.101469522106324,0.145136491248729,0.0341906668664708,0.0252986012236098,"Haus2",0.0416060619426614,0.0341906668664708
0.330288324234262,0.460966781264064,-0.0341515110549866,0.0254666741161217,"Akap8l",0.0418721746635979,0.0341515110549866
0.965777658696914,0.887507096681802,-0.0341505415110284,0.02547084802256,"Rabac1",0.0418721746635979,0.0341505415110284
0.172108228956786,0.216019673013785,0.0341475708637882,0.0254836404032889,"Ipo5",0.0418846232273639,0.0341475708637882
0.259168000707163,0.288445886410045,0.0341310977885097,0.0255546786466298,"Erg28",0.041992779328396,0.0341310977885097
0.102711025491497,0.152530187845706,-0.0341067268539899,0.0256600895787026,"Klhl2",0.0421573625674672,0.0341067268539899
0.101652635079534,0.144076275488505,-0.0341044370690673,0.0256700128168659,"Agtpbp1",0.042165032311675,0.0341044370690673
0.55062905546152,0.630848255850627,0.0340898758309904,0.0257331945128345,"Dynlt3",0.0422601622535784,0.0340898758309904
0.126941190969419,0.179042607182348,0.0340778163722058,0.0257856226466822,"Ldb1",0.0423334165375254,0.0340778163722058
0.0730574016353761,0.0991496587756385,0.0340771890474575,0.0257883524470868,"Tceanc2",0.0423334165375254,0.0340771890474575
0.249215263231336,0.326416713640653,-0.0340554040684382,0.0258833047790969,"Csnk1e",0.0424805967575114,0.0340554040684382
0.139197952042532,0.194221877408666,-0.0340373770843216,0.0259621058132648,"Clip2",0.0426012141197621,0.0340373770843216
0.517366978394645,0.575344073504833,0.0340330493035128,0.0259810545998485,"Trmt112",0.0426152901548589,0.0340330493035128
0.18405573441968,0.246198536352004,0.0340329919010141,0.0259813060116612,"Fopnl",0.0426152901548589,0.0340329919010141
0.0712847529848197,0.0975716496977615,-0.0340298652832354,0.0259950031678273,"Zfp362",0.0426290425952679,0.0340298652832354
0.533688427209105,0.537970303928459,0.0340245136047353,0.0260184624022129,"Pgam1",0.0426587949152751,0.0340245136047353
0.092020360986408,0.143748157553458,-0.0340124655180836,0.0260713424999211,"Rnf168",0.0427367624554375,0.0340124655180836
0.0958615981155319,0.132982833030354,-0.0340101392571861,0.0260815633510683,"Usf1",0.0427447843809174,0.0340101392571861
0.105747407898016,0.150999067877774,-0.0339808011135607,0.0262107633256488,"Mamld1",0.0429477567745571,0.0339808011135607
0.192730347365963,0.257915476180566,0.0339767198377022,0.0262287802789224,"Naa35",0.0429685040747394,0.0339767198377022
0.0672503304876323,0.095115075852884,-0.0339240684294489,0.0264621730868734,"Klhl26",0.0433420038475346,0.0339240684294489
0.0889507709303789,0.121398167937242,-0.0338661860215735,0.026720821516275,"Vcpip1",0.0437567085401205,0.0338661860215735
0.238952757289835,0.32697530878294,0.0338578205304365,0.0267583827681198,"Slu7",0.0438092763377664,0.0338578205304365
0.22629226541845,0.280773893286643,0.0338461895841546,0.0268106817257317,"Tor1aip2",0.0438859465865506,0.0338461895841546
0.219072626393417,0.272144014679093,0.0338330408221069,0.0268699118296462,"Pdzd11",0.0439739287214116,0.0338330408221069
0.257590233016844,0.322352156577857,-0.0338271118295537,0.0268966565790416,"Cetn2",0.0440087219392802,0.0338271118295537
0.145812443376172,0.196983232774687,-0.0338181997280297,0.0269369008845419,"Gfpt1",0.0440655846478214,0.0338181997280297
0.212073176087795,0.27095264627705,0.0338115566556863,0.0269669327491679,"Abce1",0.0441057212350843,0.0338115566556863
0.315948019725239,0.386313972713748,0.0337880075171861,0.0270736260954955,"Ndn",0.0442711994681589,0.0337880075171861
0.0680096752707383,0.0818875295763156,-0.0337851598048989,0.0270865527897404,"Bclaf3",0.0442833128738542,0.0337851598048989
0.167136393190573,0.211920163992148,0.0337729015403384,0.0271422578677857,"Cdipt",0.0443653446997581,0.0337729015403384
0.187501934162921,0.237837244814698,0.0337683396463189,0.027163013647043,"Ddx54",0.0443853854942341,0.0337683396463189
0.0705854947349102,0.0996024565942655,-0.0337677754088947,0.0271655817749481,"Hsf2",0.0443853854942341,0.0337677754088947
0.0968522050376994,0.14540243997736,-0.0337578934641201,0.027210593441747,"Uhrf1bp1l",0.044449878211844,0.0337578934641201
0.726284012879099,0.731327393185404,0.033749690382061,0.0272480068478034,"Atp6v1f",0.0445019350593882,0.033749690382061
0.409703137040255,0.542258395931931,-0.0337386823595435,0.0272982830211887,"Zfand3",0.0445749741477449,0.0337386823595435
0.0682233159073287,0.101127064881258,-0.0337224412876898,0.0273726058465808,"Fam160b1",0.0446872409588941,0.0337224412876898
0.281848724082661,0.392408275477895,0.0337196935774226,0.0273851972371868,"Grb14",0.0446987027321373,0.0337196935774226
0.630613430738903,0.710298015706741,-0.0337045145984859,0.0274548450122475,"Retreg1",0.0447962576091696,0.0337045145984859
0.4473282998622,0.533469743108189,0.0337042346497776,0.0274561309723201,"Rpn1",0.0447962576091696,0.0337042346497776
0.106904676688848,0.146588387729585,0.0336981678407885,0.0274840119622161,"Ltbr",0.04483263101948,0.0336981678407885
0.163746757051994,0.210929458287876,0.033651306667733,0.0277001937660664,"Commd9",0.0451760883696985,0.033651306667733
0.0938599622455145,0.128529739003952,0.0336350891487533,0.027775349731431,"Ostm1",0.0452843644218855,0.0336350891487533
0.538253052187743,0.63949349264135,-0.0336345456248598,0.0277778715957777,"Hsd17b11",0.0452843644218855,0.0336345456248598
0.150983111397645,0.220878353280898,-0.033630175776083,0.027798154171721,"Prpf39",0.0453082244716411,0.033630175776083
0.560784212606621,0.606198305486342,0.0336266533199803,0.0278145128804149,"Lamtor2",0.045318855994257,0.0336266533199803
0.138002440786511,0.190796799940745,-0.0336263390474042,0.0278159728030553,"Dpp8",0.045318855994257,0.0336263390474042
0.0806749467074029,0.106652182016697,0.0336174818410197,0.0278571452625737,"Chst12",0.0453767222060275,0.0336174818410197
0.0837277894685656,0.123198716699276,-0.0336127811765078,0.0278790174884108,"Synj1",0.0454031330073084,0.0336127811765078
0.408707026158099,0.485066935536133,0.0335972012338347,0.0279516169286149,"Timm10b",0.0455121295120143,0.0335972012338347
0.123456711035403,0.164286084697968,-0.0335601289563448,0.0281250217369333,"Aldh6a1",0.0457801655623179,0.0335601289563448
0.0510892299083706,0.0546103533348517,0.0335595698346733,0.0281276440954919,"Plpp5",0.0457801655623179,0.0335595698346733
0.130189834950098,0.184867867224289,0.0335540519816606,0.0281535348945026,"Wdr75",0.0458106543187642,0.0335540519816606
0.756179352560182,0.825686625964058,-0.0335531444853372,0.0281577950025106,"Luc7l2",0.0458106543187642,0.0335531444853372
0.098969063480563,0.140723543221208,-0.0335377915916389,0.0282299511194763,"Tsc1",0.0459187366273419,0.0335377915916389
0.377696773899092,0.453726644057681,-0.0335291829543519,0.0282704799737296,"Vamp2",0.0459753407598716,0.0335291829543519
1.01354900914851,1.06723530463967,-0.0335215829776249,0.0283063017701759,"Map4k4",0.0460241029226874,0.0335215829776249
0.131203856372623,0.207836249486668,-0.0335203884340323,0.0283119356962095,"Phf10",0.0460241029226874,0.0335203884340323
0.635676003834844,0.67254979919773,0.0335154308345547,0.0283353279611306,"Pfdn1",0.0460527995868163,0.0335154308345547
0.386032391349651,0.467006433636657,0.0335051543872258,0.0283838700494031,"Srpr",0.0461223518178232,0.0335051543872258
0.0743353259315682,0.0978522366009345,-0.0334942552841621,0.0284354315718772,"Sft2d2",0.046196781318636,0.0334942552841621
0.22470815758298,0.295733137577405,0.0334758682009055,0.0285226000886893,"Kif2a",0.0463290168242192,0.0334758682009055
0.0941249502818239,0.127958338244296,0.0334499680555208,0.0286457763911301,"Mettl6",0.0465196741069476,0.0334499680555208
0.660127247723457,0.825712009356326,-0.033417454331317,0.0288010537055714,"Sh3bp5",0.0467623745312636,0.033417454331317
0.151874533527655,0.206160108731597,-0.0333661165284328,0.0290477049935723,"Gid4",0.0471533046466567,0.0333661165284328
0.129044002482091,0.174936322221906,0.0333031173331768,0.0293528648670485,"Ilvbl",0.0476390347275884,0.0333031173331768
0.0640115509378173,0.0853861697134362,0.0332952800161745,0.0293910199583432,"Smyd5",0.0476913132751762,0.0332952800161745
0.0994140293094557,0.145476108571073,0.0332741119654443,0.0294942874624512,"Rab32",0.0478492039221004,0.0332741119654443
0.287242456154475,0.353362737902322,-0.0332704329121629,0.0295122673671762,"Dhrs1",0.0478686948361071,0.0332704329121629
0.0893182273496638,0.101577407644288,0.0332679152239363,0.0295245769943937,"Selenoh",0.047878982579429,0.0332679152239363
0.0646274542576983,0.0966113896180082,-0.033256099303986,0.0295824070693251,"Cnksr3",0.0479627826580003,0.033256099303986
0.200953702041159,0.269937400840102,-0.0332549153200136,0.0295882071481931,"Zranb1",0.0479627826580003,0.0332549153200136
0.117288234487384,0.165896771562651,-0.0331963607566699,0.0298762755719134,"Orc3",0.0484199626719921,0.0331963607566699
0.391585419067286,0.482199241311423,0.0331858950623189,0.0299280163038198,"Tpd52l2",0.0484940231869649,0.0331858950623189
0.116112585816406,0.15694304409986,0.0331782666817289,0.0299657783077077,"Znhit6",0.0485454078621132,0.0331782666817289
0.169368520050451,0.246457508627175,-0.0331633418923843,0.0300397774105398,"Lurap1l",0.0486554650670511,0.0331633418923843
0.103336530911662,0.129901411545928,0.0331540790316094,0.0300857828306339,"Bloc1s5",0.0487197139820712,0.0331540790316094
0.0739599857425785,0.101096451874756,-0.0331529110576819,0.0300915880477498,"Slc39a9",0.0487197139820712,0.0331529110576819
0.0823895304351161,0.098936549930081,0.0331374244074759,0.0301686528498383,"P3h3",0.0488285202590571,0.0331374244074759
0.162830835602896,0.230481847621756,-0.0331369607850895,0.0301709625429219,"Susd6",0.0488285202590571,0.0331369607850895
0.0823663173347388,0.115314029590293,0.0331336093480237,0.0301876633883789,"Ctxn1",0.048845696920418,0.0331336093480237
0.104554597598906,0.125724317625627,0.0331275200212888,0.0302180279793007,"Sgf29",0.0488849710697396,0.0331275200212888
0.0607142143466922,0.0823807484629756,-0.0330799764474377,0.0304560086252513,"Prr12",0.0492600308826882,0.0330799764474377
0.524301440773102,0.646500709972779,-0.0330708468077983,0.0305018910104298,"Nipbl",0.0493242993687402,0.0330708468077983
0.2321139820983,0.32588825475558,-0.0330484010253426,0.0306149480918676,"Ptpn11",0.0494971475899952,0.0330484010253426
1.23407504322076,1.09594099126067,-0.0330459099569478,0.030627517496268,"App",0.0495074940350634,0.0330459099569478
1.43721563604501,1.20965156141566,-0.0330418917273194,0.030647801970164,"Calm1",0.0495303047348633,0.0330418917273194
0.0706370865542398,0.0929238903706156,-0.0330366816102514,0.0306741203963299,"Fam149b",0.0495628558316856,0.0330366816102514
0.232464778331649,0.289966989033648,0.0330260385608975,0.0307279430796096,"Pde6d",0.0496271432482239,0.0330260385608975
0.234841819034781,0.30630868213267,0.0330256864252805,0.0307297252398798,"Mpdu1",0.0496271432482239,0.0330256864252805
0.155473151238851,0.216735798791866,0.0330251457122533,0.0307324619641606,"Map2k7",0.0496271432482239,0.0330251457122533
0.122919230339479,0.270443610737284,0.0330198024733306,0.0307595170822438,"Mir682",0.0496608380418358,0.0330198024733306
0.214988109197312,0.267420715804936,0.0330084603409894,0.0308170149421409,"Cbr1",0.0497356117781403,0.0330084603409894
0.659779086519004,0.780960376445076,0.0330082212395987,0.0308182280360062,"Top1",0.0497356117781403,0.0330082212395987
0.111279916972679,0.161870075058616,-0.0329917589251856,0.0309018490920175,"Slc17a5",0.0498605343081335,0.0329917589251856
0.375050962609143,0.458556434338508,0.0329850361723095,0.0309360535652591,"Sdf2",0.0499056883409006,0.0329850361723095
0.159326037532543,0.219239406580149,0.0329695339311028,0.0310150507642093,"Phactr2",0.0500230688104554,0.0329695339311028
0.0683328365419869,0.0910659597486465,0.0329679801494497,0.0310229781479685,"Lrfn4",0.0500257991678657,0.0329679801494497
0.0706928969749527,0.0953574113526508,-0.0329639121688202,0.0310437411931125,"Ctbs",0.0500410581781729,0.0329639121688202
0.584507197964263,0.683141170434867,-0.0329625674518573,0.031050607273835,"Ypel3",0.0500410581781729,0.0329625674518573
0.430242298614077,0.545668237666837,-0.0329624611441171,0.0310511501332406,"Arhgef40",0.0500410581781729,0.0329624611441171
0.0636631886546609,0.0866709366527754,0.0329563307658875,0.0310824686252569,"Syde1",0.050081471535956,0.0329563307658875
0.0707072525496006,0.101109738635352,-0.0329448985727218,0.0311409450943908,"Abca3",0.0501656180360152,0.0329448985727218
0.273008922469247,0.323189799990707,0.0329134014413175,0.0313025435735381,"Rad23a",0.0504158188747632,0.0329134014413175
0.118736258843581,0.15670053982783,0.032870086025885,0.0315259509989815,"Edem2",0.0507654486887072,0.032870086025885
0.545391548886775,0.702809421610907,-0.0328674422806775,0.031539630770529,"Nid1",0.0507772867782353,0.0328674422806775
0.116823245527577,0.154049684393261,0.0328640383227155,0.0315572516751197,"Pycrl",0.0507954638798716,0.0328640383227155
0.144187462736747,0.186706139139955,0.0328611554520791,0.0315721817235313,"Psme3",0.0508093032791046,0.0328611554520791
0.14170892949818,0.211013555478009,-0.0328543868809575,0.0316072591615368,"Timmdc1",0.0508555539426853,0.0328543868809575
0.192964615205504,0.275282959305894,-0.0328374553852848,0.0316951512896443,"Kdm5c",0.0509867469823789,0.0328374553852848
0.163514395205429,0.222695820801518,0.0328310535081606,0.0317284382537624,"Atg4b",0.0510300638501082,0.0328310535081606
0.0814555318335233,0.107640973502203,0.0328117109586579,0.0318291931673744,"Fzr1",0.0511818529008041,0.0328117109586579
0.224575593842988,0.27974791995229,0.0327932287127707,0.0319257228518869,"Asb8",0.0513267882515609,0.0327932287127707
0.108359309899227,0.137375667246275,0.0327886600328242,0.0319496229399758,"Brms1",0.051354922770506,0.0327886600328242
0.121153297111662,0.258980967133899,0.0327787682889871,0.0320014220564604,"0610009D07Rik",0.0514278811498174,0.0327787682889871
0.16259534764724,0.231899187503709,0.0327647244453696,0.0320750876619209,"Chd3",0.0515359438124256,0.0327647244453696
0.120232599960323,0.14730423998561,-0.0327457984636774,0.0321745918388201,"Rflna",0.0516854704533919,0.0327457984636774
0.376149064670201,0.441978030892861,0.0327433629452808,0.03218741586783,"Cbfb",0.0516957215619432,0.0327433629452808
0.400814216518911,0.443542475868546,0.0327381274737079,0.032214997651956,"Snx17",0.051729666031478,0.0327381274737079
0.100715572320558,0.138231839008326,0.0327256042559877,0.0322810552677753,"Slc20a2",0.0518253676407821,0.0327256042559877
0.304629152154219,0.376057548132296,-0.0327165908469364,0.0323286710764195,"Krit1",0.0518914296293638,0.0327165908469364
0.175108145939257,0.244621505443294,0.0327070246869266,0.0323792727336818,"Cdk7",0.0519532105442889,0.0327070246869266
0.114627696287047,0.157444251001183,-0.0327068664333105,0.0323801104102678,"Nfix",0.0519532105442889,0.0327068664333105
0.0975851977909909,0.13447619736295,-0.0326815410700978,0.0325144033518669,"Zcchc14",0.0521582511985965,0.0326815410700978
0.253684486943385,0.330875766757259,0.0326587798258981,0.0326355061756884,"Rbm22",0.0523420550776982,0.0326587798258981
0.235844163831935,0.33799192767498,0.0326370911133268,0.0327512616128437,"Gpx7",0.0525172108675975,0.0326370911133268
0.123951020033394,0.164098493871912,-0.0326264010815237,0.0328084448671792,"Zfx",0.0525946673864029,0.0326264010815237
0.167626287498342,0.231013479351733,-0.0326256109026687,0.0328126750917663,"Efcab14",0.0525946673864029,0.0326256109026687
0.170266517158216,0.224945179257783,0.0326172600780346,0.0328574097987279,"Mettl1",0.0526558530507275,0.0326172600780346
0.936167344119221,1.17042254144648,-0.0326121427698021,0.0328848486001115,"mt-Nd3",0.0526893021500189,0.0326121427698021
0.267726509034616,0.33412043751677,0.0325900133401162,0.0330037315955592,"Araf",0.0528692238616026,0.0325900133401162
0.162738636567696,0.209246456849976,0.0325430495143778,0.0332572480063214,"Tbc1d17",0.0532550576283654,0.0325430495143778
0.216065742641307,0.269952724689124,-0.0325429359354675,0.0332578631325697,"Vti1b",0.0532550576283654,0.0325429359354675
0.178232959753255,0.230296904664464,0.0325363954102111,0.0332933020518244,"Ttc33",0.0533011683287788,0.0325363954102111
0.385084591021048,0.460187997143872,0.0325151716247124,0.0334085227163681,"Sugt1",0.0534749623531095,0.0325151716247124
0.0858693703921955,0.0989070001958976,0.0325032116835481,0.0334736015064704,"Borcs6",0.0535684440542318,0.0325032116835481
0.0807818076965991,0.106297613966593,-0.0324894952665863,0.0335483714130081,"D430042O09Rik",0.053677394260813,0.0324894952665863
0.173583765032173,0.234188846067007,-0.0324776434223169,0.0336130922658394,"Ormdl3",0.0537702257458323,0.0324776434223169
0.0623710772301384,0.0818391827927255,-0.0324731305572265,0.0336377642830579,"Snx32",0.0537989676315041,0.0324731305572265
0.0730644429266042,0.103947913636682,0.032470670397783,0.0336512205946652,"Ttc13",0.0538097636611387,0.032470670397783
1.75852091108943,1.35899434994124,-0.0324610376986191,0.0337039527791092,"Timp3",0.0538833467024452,0.0324610376986191
0.174662549160959,0.223990062429269,0.032458832697905,0.0337160335227947,"Ring1",0.0538919229057578,0.032458832697905
0.41170230021307,0.535772689043984,-0.0324354318762692,0.0338444700646763,"Thoc2",0.054086442501287,0.0324354318762692
0.103776499272955,0.16926623580682,0.0324307093580023,0.0338704404866518,"Mkks",0.0541171673566098,0.0324307093580023
0.944492004393084,1.20658656922215,-0.0324219149234379,0.0339188488882711,"Sh3d19",0.054183723567487,0.0324219149234379
0.129346695364004,0.180018929748848,0.0324169638813149,0.0339461275886638,"Aldh9a1",0.0542165063239328,0.0324169638813149
0.218825831977403,0.265868349688095,0.0323689579814005,0.0342115987979721,"Hnrnpul1",0.0546296256228713,0.0323689579814005
0.172493539334776,0.236679371452901,0.0323283361971748,0.034437619544558,"Abhd11",0.0549795979358404,0.0323283361971748
0.172857833390287,0.2083664345705,0.032309899852665,0.0345406198974557,"Snx15",0.0551330682429251,0.032309899852665
0.10182491843146,0.209869562800739,0.0323067718142767,0.0345581217321327,"Atxn1",0.0551368135040268,0.0323067718142767
0.517845089751648,0.56597584559133,0.0323059394839829,0.0345627800179269,"Aurkaip1",0.0551368135040268,0.0323059394839829
0.289504205097293,0.390169381007293,0.0323057964212075,0.0345635807484116,"Frg1",0.0551368135040268,0.0323057964212075
0.102856874705036,0.139508532422357,-0.0322962901818974,0.0346168232205624,"Flii",0.0552107711233935,0.0322962901818974
0.154912846092645,0.214766299514587,-0.0322930077557619,0.034635223665845,"Slc30a5",0.0552291404401312,0.0322930077557619
0.1246522300908,0.16659340012845,-0.032274574157597,0.0347387129369109,"Gm26917",0.0553831576804636,0.032274574157597
0.54724506866622,0.564206482383645,0.0322451916709564,0.0349042168271712,"Higd1a",0.0556359626184389,0.0322451916709564
0.0635246406004524,0.0814825506896278,0.0322394992671183,0.0349363583597521,"Gemin8",0.0556761349510726,0.0322394992671183
0.18488041080004,0.232988789815899,-0.0322252440682766,0.0350169596358643,"Spin1",0.0557935035977314,0.0322252440682766
0.0627511184634768,0.0856374645097302,-0.0322065500357979,0.0351228992928303,"Lmbrd2",0.0559511899792874,0.0322065500357979
0.111183413524321,0.154067714701854,-0.0322022828119668,0.0351471200847915,"Shprh",0.0559786604923316,0.0322022828119668
0.132899733369854,0.192317140482742,-0.0321965910571283,0.0351794487064893,"Stat1",0.056019030843594,0.0321965910571283
0.808550414527756,0.844017575084607,0.0321792052327516,0.0352783556830836,"Sf3b1",0.056165382143068,0.0321792052327516
0.314912097425994,0.347679111945555,-0.0321770208216046,0.0352907994354326,"Fmc1",0.0561740477424938,0.0321770208216046
0.0868873347586453,0.119488081958511,0.0321555538390837,0.0354132879475554,"Trub2",0.0563578386535471,0.0321555538390837
0.327238895014489,0.4267063164268,0.0321488896340218,0.0354513869391497,"Zfp326",0.0564072831250719,0.0321488896340218
0.213844690129142,0.287893072344803,0.0321397704621104,0.0355035775246557,"Gtf2f2",0.0564791249123389,0.0321397704621104
0.128521050795954,0.210391363946602,-0.0321241978274,0.0355928538886126,"Ror1",0.0566013634696893,0.0321241978274
0.0610023087021761,0.0717083311201266,0.0321239064011967,0.0355945264292189,"Tmem185b",0.0566013634696893,0.0321239064011967
0.284164215004216,0.35497951608171,0.032111702581569,0.0356646262563425,"Snapc5",0.0567015972024752,0.032111702581569
0.0791602242806467,0.110579035887252,-0.0320887262635641,0.0357969237571575,"Lin52",0.0569006569388732,0.0320887262635641
0.0583718287181448,0.0789670337612649,0.0320840718462291,0.0358237747668096,"Glrx",0.0569320595620678,0.0320840718462291
0.236111699054433,0.325066720691808,-0.0320819425507324,0.0358360642475851,"Casc4",0.0569403127767569,0.0320819425507324
0.517942660304274,0.60463456895983,-0.0320732682667225,0.0358861660552758,"Mrps28",0.0570086312467893,0.0320732682667225
0.0774372713543989,0.110353090984106,0.032069326830148,0.0359089511265134,"Rft1",0.0570335359934963,0.032069326830148
0.377825351620006,0.425583047785661,0.0320452455694276,0.0360484306252296,"Iscu",0.0572437378461987,0.0320452455694276
0.176723713737112,0.22827246412171,-0.0320343815644649,0.0361115063071351,"Impact",0.0573325537412846,0.0320343815644649
0.158298031549751,0.196936740809737,-0.0320261364556097,0.0361594396114436,"3830406C13Rik",0.0573972984059789,0.0320261364556097
0.0951100091155271,0.121541487591586,0.0319801431128416,0.0364278198606212,"Taf9b",0.0578118723420934,0.0319801431128416
0.0817841961471948,0.111482377184657,-0.0319704231615975,0.0364847543805196,"Dcp2",0.0578907789498297,0.0319704231615975
0.0725481892538182,0.1082780660856,-0.0319675135194815,0.0365018123150863,"Oxsr1",0.0579063942301803,0.0319675135194815
0.0633445394680872,0.0899565054570505,-0.0319654399796579,0.0365139726998095,"Fut10",0.0579142354108068,0.0319654399796579
0.103585799525157,0.152193929300116,-0.0319590602821263,0.0365514084187563,"AW549877",0.0579621543778856,0.0319590602821263
0.0956178203721039,0.136272213958725,0.0319466162790246,0.0366245232297243,"Arfgap3",0.0580666220895689,0.0319466162790246
0.122580987129401,0.155656900345582,-0.0319436474331039,0.0366419850922967,"Arhgef17",0.0580828305769634,0.0319436474331039
0.0853326969213587,0.11064166893018,0.0319175862993908,0.0367955733979379,"Gcat",0.058314770085928,0.0319175862993908
0.114819290158749,0.154519078512233,0.031907545258401,0.0368548952347801,"2700097O09Rik",0.0583972510592172,0.031907545258401
0.138410475876006,0.183088920551638,0.0319009479856139,0.0368939158159541,"Ddx49",0.0584475381060644,0.0319009479856139
0.264725637989909,0.368757057415537,0.0318938810531394,0.0369357532835798,"Nasp",0.0585022669458043,0.0318938810531394
0.0870962251346734,0.099080333755341,0.0318916239796585,0.0369491240575856,"Timm29",0.0585105411224124,0.0318916239796585
0.137755146283928,0.190852782722493,0.0318905376100505,0.0369555611176951,"Stk10",0.0585105411224124,0.0318905376100505
0.387019243317938,0.44606914034186,0.0318840631571687,0.0369939439611505,"Sdhd",0.0585597566273962,0.0318840631571687
0.130815004073179,0.179378313999279,-0.031880157738985,0.0370171130642771,"Tmem243",0.0585753918870811,0.031880157738985
0.567264911763831,0.633662690851669,-0.0318799372881991,0.0370184212686177,"Smim14",0.0585753918870811,0.0318799372881991
0.102759416855374,0.140495595770151,-0.0318705221925464,0.0370743292982894,"Capn7",0.0586522906722149,0.0318705221925464
0.0643527905835924,0.0730467684053218,0.0318418423371739,0.0372450770115967,"Gm42788",0.0589108018807515,0.0318418423371739
0.264913554870359,0.336051516146606,0.0318013538104197,0.0374872674707692,"Ift43",0.0592821904188908,0.0318013538104197
0.0882012396653377,0.117774237226013,0.0317784328007412,0.0376249671852968,"Nrarp",0.0594882239792752,0.0317784328007412
0.15033427072815,0.190416237841787,0.0317713884273139,0.0376673731292519,"Enoph1",0.0595377385303647,0.0317713884273139
0.0662957359271581,0.0990598909101163,-0.0317707656758974,0.0376711239430037,"Capn1",0.0595377385303647,0.0317707656758974
0.150671938271757,0.228796975316682,-0.0317681652146785,0.0376867898786283,"Casc3",0.0595507684100263,0.0317681652146785
0.060285509227431,0.0768078669485411,0.0317588309812504,0.0377430676659475,"Ap5s1",0.0596279533277344,0.0317588309812504
0.62146432803286,0.647208050233217,0.0317470302452583,0.0378143187252342,"Ergic3",0.0597287585534014,0.0317470302452583
0.134358683940475,0.187275558517935,-0.03173428159133,0.0378914216683155,"Wwp2",0.0598387654923369,0.03173428159133
0.0594737767751632,0.0836676528121898,-0.0317274919444031,0.0379325394907806,"Cramp1l",0.0598919120177142,0.0317274919444031
0.164293318390262,0.222372131627656,0.0317258947821986,0.0379422173491289,"Phf23",0.0598954066514677,0.0317258947821986
0.158043269203483,0.183028574181185,0.0317110434835058,0.0380323079958339,"Hacd3",0.0600258141932673,0.0317110434835058
0.157180430888975,0.221656081256569,-0.0317087113710972,0.0380464715161807,"Slc39a10",0.0600363593797117,0.0317087113710972
0.0793623952939755,0.0995420068670418,0.0317039342588966,0.0380754981514039,"Selenoo",0.0600696248153776,0.0317039342588966
0.0892127775631695,0.12534367250384,0.0317027782506097,0.0380825251041657,"Snx11",0.0600696248153776,0.0317027782506097
0.403820741021154,0.515151942391501,-0.0316991532049778,0.0381045675836296,"Bloc1s1",0.060092580638963,0.0316991532049778
0.0687072150615144,0.0929198704767025,-0.0316965775351031,0.0381202358106938,"Bcl9l",0.0601054769394787,0.0316965775351031
0.102115200067844,0.157204280854366,-0.0316516407302666,0.0383944763385026,"Nicn1",0.0605259878467868,0.0316516407302666
0.181577642719855,0.254062250904532,-0.0316501338188655,0.0384037017008844,"Slc25a36",0.0605286392551358,0.0316501338188655
0.0668950742609638,0.106925071458066,-0.0316088921918886,0.0386569165024108,"Srpk3",0.0609157694452758,0.0316088921918886
0.141281904452043,0.186031317293661,0.031600570318011,0.0387081826300344,"Fbxo8",0.0609845783277824,0.031600570318011
0.126511112690557,0.166862642866185,0.0315876314418492,0.0387880060618971,"Tmem183a",0.0610983432745706,0.0315876314418492
0.172431696708592,0.23858143656147,-0.0315829572172508,0.0388168769748653,"Stk38",0.0611318195969223,0.0315829572172508
1.55164825625902,1.07128754855708,0.0315758589589146,0.0388607551261151,"Lamp1",0.0611889127025014,0.0315758589589146
0.287888464772827,0.346089102011374,0.0315696475745809,0.0388991855818715,"U2af2",0.0612374073197836,0.0315696475745809
0.540556451623224,0.643515593793368,-0.0315631883651831,0.0389391835823705,"Tra2a",0.0612883501500472,0.0315631883651831
0.433500125932618,0.491205523744306,0.0315191670988227,0.0392127119651834,"Actr3",0.0617067661911417,0.0315191670988227
0.0744130732328306,0.0899010015181187,0.0315056149301347,0.0392972467134269,"Zfp672",0.0618276681624584,0.0315056149301347
0.19453616730136,0.267230023035982,0.0314928990264976,0.0393767056764103,"Chordc1",0.0619405383939456,0.0314928990264976
0.150276949751408,0.187341612263897,-0.0314796381982952,0.0394597149617908,"Eif2s3x",0.0620589480308524,0.0314796381982952
0.266579535821502,0.34212485430752,0.0314687627700378,0.0395279030609765,"Bola1",0.0621540063024252,0.0314687627700378
0.183633645540678,0.253737309434929,0.0314550074124831,0.0396142912783356,"Lonp1",0.0622776397369445,0.0314550074124831
0.0841796817959588,0.12035675364197,-0.0314486984811623,0.0396539670165994,"Cog3",0.0623278024174718,0.0314486984811623
0.100347638709721,0.132139208917827,0.031414369990981,0.0398704440158081,"Grhpr",0.0626557858955825,0.031414369990981
0.0697919942162037,0.0994277387310624,0.0314049010500622,0.0399303316600873,"Hebp1",0.0627376113648993,0.0314049010500622
0.14355853526457,0.188529436229167,0.0313888451544843,0.0400320537802367,"Tdrkh",0.0628851212867304,0.0313888451544843
0.312955427482352,0.405375772374818,-0.031373595828911,0.0401288692600327,"Zfp148",0.0630248672817581,0.031373595828911
0.192195239222645,0.251945138359193,0.0313648815131246,0.0401842841187904,"Hmgb2",0.0630995490742024,0.0313648815131246
0.0794798083610753,0.104377933656691,-0.0313547091871342,0.0402490526104962,"Nploc4",0.0631888863523031,0.0313547091871342
0.173798426664363,0.217380173709329,-0.0313523713345673,0.0402639505156803,"Ctdsp1",0.0631999098078675,0.0313523713345673
0.0684780644288937,0.0844912516181431,0.0313405912804202,0.0403390897509788,"Cep295",0.0633054676631829,0.0313405912804202
0.0954450952799448,0.121977064846493,-0.0313299303371797,0.0404071931517855,"Vkorc1l1",0.063399944827909,0.0313299303371797
0.191724865260904,0.375087097948016,-0.0313226241436682,0.0404539222634303,"Tubb3",0.0634608547882237,0.0313226241436682
0.153665770064428,0.200164440971074,0.0313154984172194,0.0404995412514012,"Pmpca",0.0635199998047778,0.0313154984172194
0.156658274287311,0.204508820173365,-0.0312716544387364,0.0407811914033119,"C330007P06Rik",0.0639492436623362,0.0312716544387364
0.321596356510959,0.399431028592123,-0.0312692108402364,0.0407969375827791,"Scarb2",0.0639614355537748,0.0312692108402364
0.0633195071411317,0.0850565028753335,0.0312349641044463,0.0410181608799144,"Ntpcr",0.0642957067592173,0.0312349641044463
0.476869275545849,0.569454980752316,0.0312324625257563,0.0410343600460146,"Chchd1",0.0643085361346135,0.0312324625257563
0.119832310510745,0.182163403284266,-0.0312255833015088,0.0410789349345832,"Tmem98",0.0643658218932036,0.0312255833015088
0.0786213813224045,0.110402465252908,0.0312113997929362,0.041170968396346,"Abhd13",0.0644974327239907,0.0312113997929362
0.298390834694495,0.355453372947957,-0.031206296189662,0.0412041271716656,"Tvp23b",0.064536778533173,0.031206296189662
0.130686537405907,0.204907138424283,-0.0312005709974984,0.0412413514014877,"Bcor",0.0645824753406592,0.0312005709974984
0.0812902651257846,0.114331944085175,-0.0311837211291335,0.0413510716579544,"Fdxr",0.0647416583382294,0.0311837211291335
0.102987783559961,0.14012081752835,-0.0311781556038403,0.0413873666013489,"Emc1",0.0647858426861536,0.0311781556038403
1.0614769122018,0.931147710471795,0.0311706694797039,0.0414362290463831,"Edf1",0.0648417312186927,0.0311706694797039
0.487221862124502,0.608324460001465,0.0311702096442606,0.0414392320151366,"Fdps",0.0648417312186927,0.0311702096442606
0.831319986836179,0.879235083893564,0.0311565679473248,0.0415284033558026,"Anp32b",0.0649685920309924,0.0311565679473248
0.190705007685286,0.260636938853673,-0.0311441982143645,0.0416094006391577,"Lonp2",0.0650826180757508,0.0311441982143645
0.144296421560323,0.194542166714246,0.0311128510457024,0.0418152615517779,"Bcap29",0.0653918648784771,0.0311128510457024
0.234951706936991,0.284174171474392,0.0310918467762035,0.041953680961442,"Tm2d3",0.0655955448235796,0.0310918467762035
0.597394586431435,0.648170561509871,0.0310855600124863,0.0419951864169267,"Hmgn3",0.0656476477322073,0.0310855600124863
1.23822917204932,1.24101870816451,0.0310771644981984,0.0420506680895037,"Rpl27",0.0657215739677012,0.0310771644981984
0.290801905661048,0.363266733723133,0.0310491675195288,0.0422361341996733,"Sf1",0.0659985863326541,0.0310491675195288
0.23163809379611,0.338687412628787,-0.0310421196671819,0.0422829315752531,"Htatsf1",0.066058847928316,0.0310421196671819
0.0900750947513159,0.110824069473838,-0.0310146822227845,0.0424655326389148,"6430590A07Rik",0.0663312115815948,0.0310146822227845
0.126401718772593,0.157993176893459,-0.0309982252600488,0.0425753762005939,"Dnttip1",0.0664898440314452,0.0309982252600488
0.102624119196286,0.137405189035252,-0.0309953897031892,0.0425943266319649,"Stam",0.0665064948229006,0.0309953897031892
0.198552168856854,0.219022981572704,0.0309760567351817,0.042723721751568,"Pum3",0.0666955531779341,0.0309760567351817
0.0772129532602099,0.104715634578273,0.0309738221757009,0.0427386990057472,"Atpaf2",0.0667059561995945,0.0309738221757009
0.443126546008257,0.91726711927264,0.0309659942202632,0.0427912013022635,"Sep15",0.0667749123394326,0.0309659942202632
0.169853436811898,0.219636864366342,0.0309633421999135,0.0428090008276909,"Ufsp2",0.0667896991330725,0.0309633421999135
0.059760836967911,0.0719849114906977,0.0309562573139821,0.0428565830410118,"Dnaja4",0.0668509374652175,0.0309562573139821
0.264416139724078,0.316333340772315,-0.0309536650236292,0.0428740040716245,"Tmx2",0.0668651134442595,0.0309536650236292
0.117424627360407,0.158316627195681,0.0309498769629293,0.0428994718278579,"Dnajc25",0.0668918309262985,0.0309498769629293
1.03939763730065,0.918493191039556,0.0309454324342301,0.0429293694247223,"Rab14",0.0669226267428848,0.0309454324342301
0.345486044439615,0.399993991921949,0.0309444615709543,0.0429359026012426,"Ccdc12",0.0669226267428848,0.0309444615709543
0.223880878614109,0.279160705052907,0.0309387631785896,0.0429742654171132,"Mea1",0.0669694126445749,0.0309387631785896
0.115018599910687,0.162103255275785,0.0309358515806532,0.0429938781046573,"Mrpl1",0.0669869665848097,0.0309358515806532
0.347605389812382,0.417390084983607,0.0309322547390999,0.0430181170737492,"Dld",0.0670117203261043,0.0309322547390999
0.410671975826934,0.494341190321048,0.0309266790646044,0.0430557141392286,"Zc3h15",0.0670572690708793,0.0309266790646044
0.105899393624653,0.135570573245125,0.0309077046757288,0.0431838674978981,"Tubb4a",0.0672438099753802,0.0309077046757288
0.192093963143766,0.245514920796235,0.0308714240014968,0.0434298050253525,"Trnau1ap",0.0676136506642275,0.0308714240014968
0.20324756022366,0.277133961211246,-0.030862007738074,0.0434938284922817,"Sgms1",0.0677001900721762,0.030862007738074
0.10555090640549,0.13948456362401,-0.0308529196261954,0.0435556963418309,"Naf1",0.067783341242601,0.0308529196261954
0.0988701058290442,0.132756877135874,-0.0308481067138665,0.0435884906079713,"Ascc1",0.0678212233155636,0.0308481067138665
0.258008100647061,0.323084864085395,0.0308434638231768,0.0436201461334259,"Mcl1",0.067847686984895,0.0308434638231768
0.291598053911788,0.366854628180317,0.0308429250011375,0.0436238211132458,"Eif4b",0.067847686984895,0.0308429250011375
0.114474053595011,0.15998536165738,-0.0308418922657156,0.0436308655087311,"Pick1",0.067847686984895,0.0308418922657156
0.0660245454236445,0.0999277892374228,0.0308335331578648,0.0436879192068114,"Wdr92",0.0679154478327713,0.0308335331578648
0.0639011676673577,0.0845685544156903,-0.0308322356140363,0.0436967810209274,"Zfp654",0.0679154478327713,0.0308322356140363
0.636454311451904,0.726428481354432,0.0308317888473813,0.0436998326471334,"Sh3bgrl",0.0679154478327713,0.0308317888473813
0.499279045507999,0.619623821679412,-0.0307991784944254,0.0439230630521713,"Prdx4",0.0682480869898891,0.0307991784944254
0.327523923174543,0.393034999328625,0.0307980393167517,0.0439308785272654,"Mettl23",0.0682480869898891,0.0307980393167517
0.549986487337144,0.868826954029245,0.0307794549913698,0.0440585445363087,"Egr1",0.0684331709948395,0.0307794549913698
0.559720331304163,0.600430406767358,-0.0307725273604144,0.0441062143036183,"Arl3",0.0684939546298109,0.0307725273604144
0.069062216183481,0.0947268507948751,0.0307574939080223,0.0442098108083492,"Dhodh",0.0686415483603317,0.0307574939080223
0.196831078950633,0.252584498104278,0.030748760173455,0.0442700897716269,"Pithd1",0.0687218418122527,0.030748760173455
0.0625205047608843,0.0901829271107009,-0.0307322488239641,0.0443842381662167,"Wdr34",0.0688682171277489,0.0307322488239641
0.527804570213898,0.615134910142418,0.0307315217180343,0.0443892705910574,"Csde1",0.0688682171277489,0.0307315217180343
0.13791058183244,0.18158985141357,-0.0307313972683133,0.0443901319771582,"Wls",0.0688682171277489,0.0307313972683133
0.109829361725118,0.15203633157793,0.0307295086577738,0.0444032058374103,"Abhd5",0.0688744216407851,0.0307295086577738
0.468305068007512,0.583938027704282,0.0307283398797951,0.0444112983012739,"Syncrip",0.0688744216407851,0.0307283398797951
0.188110379424343,0.238925790164773,-0.0307189765452496,0.0444761737051969,"Ttc19",0.0689617039247342,0.0307189765452496
0.184566551988708,0.256103654437818,-0.0307123538010532,0.044522108726283,"Bdp1",0.0690195904983954,0.0307123538010532
0.122340353266298,0.170052132339352,-0.0306942153563358,0.0446481209771755,"Scpep1",0.0691887209755946,0.0306942153563358
0.218878817286135,0.283363915953655,0.0306941674361319,0.0446484542885878,"Msrb1",0.0691887209755946,0.0306941674361319
0.426219741116536,0.465101512173014,0.0306770240580139,0.0447678306533026,"Supt4a",0.0693603153431357,0.0306770240580139
0.261017187581385,0.322914778166103,0.0306738127527365,0.0447902221886036,"Znrd1",0.0693816105871343,0.0306738127527365
0.217278070037701,0.290922666455247,0.0306674224504677,0.0448348080749459,"Ganab",0.0694372707958629,0.0306674224504677
0.0842480163512932,0.118762803016313,-0.0306561244462074,0.0449137271329397,"Wdr37",0.0695424936243393,0.0306561244462074
0.165167531597374,0.217445622325564,-0.0306552152999495,0.0449200828084435,"Mga",0.0695424936243393,0.0306552152999495
0.200045042349711,0.27498597905411,0.0306457269160738,0.0449864596282725,"Cdc16",0.0696318194554897,0.0306457269160738
0.17714227442797,0.215038618843807,0.03063693668102,0.0450480262457532,"Api5",0.069713666845887,0.03063693668102
0.0941892425227099,0.124276633816112,-0.0306326718006192,0.0450779229551954,"Scamp1",0.0697464816414362,0.0306326718006192
0.0710069411631755,0.0924876900479642,0.0306285001685943,0.0451071821730484,"Hint3",0.0697782976203085,0.0306285001685943
0.223986885254577,0.282193617223247,0.0306235460471087,0.045141950448126,"Ubac2",0.069818621895868,0.0306235460471087
0.113069178174939,0.154659152602907,-0.0306167199565525,0.0451898932949362,"Dusp12",0.0698793031024413,0.0306167199565525
0.170306534837389,0.228107435120834,-0.0306152368529979,0.0452003155017458,"E2f5",0.0698819521360324,0.0306152368529979
0.39428961387565,0.485171978191456,0.0306093472407061,0.0452417235439733,"Zranb2",0.0699324965742327,0.0306093472407061
0.178843531432864,0.231477329954983,0.0306046020080011,0.0452751090564438,"Sap30bp",0.0699706230872314,0.0306046020080011
0.0901258481259273,0.111460341608001,0.0306004754154075,0.0453041589452128,"Ankrd39",0.0699914830990221,0.0306004754154075
0.16573296917436,0.213494706366484,0.0306002065458883,0.0453060522453042,"Sec23b",0.0699914830990221,0.0306002065458883
0.253290197440042,0.320704074899839,0.0305984831263061,0.0453181896426209,"Sh3gl1",0.0699967572073898,0.0305984831263061
0.0785309051831792,0.133177444339574,-0.0305972423187934,0.0453269298805742,"4921511C10Rik",0.069996783172003,0.0305972423187934
0.192942021557936,0.25250325907651,0.0305458729047639,0.0456900242547389,"Zfp422",0.0705439204579613,0.0305458729047639
0.07290635319327,0.102823432569227,-0.030540784876575,0.0457261209288218,"N4bp1",0.0705825200633432,0.030540784876575
0.216213813488258,0.277510091568904,0.0305398695254919,0.045732617374043,"Wdr70",0.0705825200633432,0.0305398695254919
0.265953328431588,0.329399127307063,0.0305177438087799,0.0458898850292514,"Auh",0.070811622591291,0.0305177438087799
0.13796616059292,0.18775075274406,0.0305154231132902,0.0459064066858719,"Ubald1",0.0708234968751079,0.0305154231132902
0.205672223935845,0.262166969118116,0.030496844749254,0.0460388516993943,"Ccm2",0.0710141764774971,0.030496844749254
0.114562665866653,0.162808903300216,-0.0304707773597398,0.0462252281745355,"Gpatch2",0.071287955193633,0.0304707773597398
0.0692631380859455,0.0970175620636491,-0.0304408634156358,0.0464398888879559,"Wdr47",0.0716052398994923,0.0304408634156358
0.114526434974518,0.1752111751586,-0.0304097160240336,0.046664291584971,"Dhdds",0.0719374208795019,0.0304097160240336
0.136114316041889,0.183863072315526,-0.0304026194520664,0.0467155465407079,"Esrra",0.072002601890634,0.0304026194520664
0.0882634021444448,0.115937784240743,0.0303878073801084,0.0468226792544367,"Slc25a19",0.0721538656304207,0.0303878073801084
0.154430635088245,0.215920329377149,-0.0303719976686246,0.0469372556225565,"Itgb3bp",0.0723165397687007,0.0303719976686246
0.0625613377215155,0.0858187747734138,0.0303511425473283,0.0470887577628034,"Gtf2e1",0.0725360323073017,0.0303511425473283
0.73367826321758,0.885636615571889,-0.030346350319592,0.0471236289674412,"Prrc2c",0.0725758155153068,0.030346350319592
0.147234187887729,0.2206905686695,-0.0303211696175852,0.0473072162803454,"Erc1",0.0728445794345599,0.0303211696175852
0.145854610587606,0.180848213948356,0.0302893336976662,0.0475401857161616,"Ndufaf7",0.0731892651931083,0.0302893336976662
0.0742329695261304,0.10053117425709,-0.0302533133016078,0.0478049382891223,"Trmt11",0.0735827402324798,0.0302533133016078
0.43341545694371,0.498065960367253,0.0302283704799688,0.0479889948778763,"2610001J05Rik",0.0738518785769236,0.0302283704799688
0.108559364130755,0.227186178922355,0.0302214480213688,0.0480401820764546,"Gm10704",0.0739164757394959,0.0302214480213688
0.180687917621709,0.246389747155414,-0.0302176063945528,0.0480686082562838,"Tpp2",0.0739460338666451,0.0302176063945528
1.0553274686448,0.960617310547406,0.0302124885211933,0.0481064999896525,"Tmem256",0.073990139144522,0.0302124885211933
0.0750876945224742,0.0861876859667906,0.0301880638895386,0.0482876809124656,"Utp4",0.0742545710313575,0.0301880638895386
0.219578215501756,0.334679535072479,0.0301830418878804,0.0483250048497268,"Btg2",0.0742871106741719,0.0301830418878804
0.203011017412382,0.26177185602931,-0.0301827254246693,0.0483273576419712,"Dtx3",0.0742871106741719,0.0301827254246693
0.139472103550444,0.187766210903389,-0.0301710987223009,0.0484138647750639,"Zfp740",0.0744058323989873,0.0301710987223009
0.120747766010665,0.168527963811968,0.030157897608139,0.0485122437116416,"Hspb11",0.074542750582576,0.030157897608139
0.132587581761036,0.192430573480184,-0.0301456050655084,0.0486040025253209,"Pogz",0.0746694459626986,0.0301456050655084
0.140376673926888,0.204080368669146,-0.0301412441206749,0.0486365901893491,"Mcm7",0.0747048541080634,0.0301412441206749
0.468932200202327,0.583726795241922,0.0301400293689803,0.0486456708268483,"Abcf1",0.0747048541080634,0.0301400293689803
0.0807374461391678,0.113319382832114,-0.0301316787116112,0.0487081330485096,"Cthrc1",0.0747809775110427,0.0301316787116112
0.134297696887388,0.169673282802459,0.0301309109067497,0.0487138795426496,"Med7",0.0747809775110427,0.0301309109067497
0.470525235040555,0.584522961485745,-0.0301184958539291,0.0488068767345992,"Dpysl2",0.0749094068321392,0.0301184958539291
0.070119662430131,0.0955567116241201,-0.0300962108514473,0.0489741803162463,"Ncapd3",0.075151811600222,0.0300962108514473
0.108948272822342,0.154459634312901,0.0300728517252615,0.0491500641099142,"Btrc",0.075407287651616,0.0300728517252615
0.26126239191507,0.316914303521263,0.030049196923032,0.0493287139059419,"Tex264",0.0756669088857347,0.030049196923032
0.242462420181449,0.306736258565429,0.0300394225084814,0.0494026927472812,"Eif1a",0.0757523559252274,0.0300394225084814
0.11349909032847,0.144765541355427,0.0300393423369386,0.0494032999198299,"Nol4l",0.0757523559252274,0.0300393423369386
0.0952628418514904,0.127036610824561,0.0300334150893486,0.0494482067774768,"Nat9",0.0758067273944352,0.0300334150893486
0.201896294870599,0.264092566208873,-0.0300223885819161,0.0495318384499427,"Rsbn1",0.0759204339488712,0.0300223885819161
0.271116238990803,0.343583788956424,0.030015726463513,0.0495824254232749,"Exoc3",0.0759834571421616,0.030015726463513
0.250953137796997,0.30959887223674,0.0300105740965528,0.0496215782124042,"Usp14",0.0760289370968745,0.0300105740965528
0.144024456552311,0.183997261029162,-0.0300081579735484,0.0496399472350256,"Pdzd8",0.0760425614001232,0.0300081579735484
0.0722764492073773,0.0990661008711011,0.0299833354094361,0.0498289957559707,"Rad1",0.0763175915147756,0.0299833354094361
0.134856048027638,0.185258713958576,-0.029974572501544,0.0498958779887277,"Abi2",0.0764054436987694,0.029974572501544
0.163641772168886,0.228390752327588,0.0299725965166353,0.0499109699365316,"Eif2b4",0.0764139711449589,0.0299725965166353
0.0705598059012172,0.0999565038000969,0.0299689606273092,0.0499387497065567,"Zbtb45",0.0764419167579952,0.0299689606273092
0.531580057000417,0.64563553010665,0.0299592377428228,0.050013100427244,"Ywhah",0.0765411248957096,0.0299592377428228
0.0901529580763271,0.133715237110433,-0.0299570837695394,0.0500295843683673,"Eif4enif1",0.0765517515201715,0.0299570837695394
0.338948162837858,0.422514309743168,0.0299531779439547,0.0500594865102422,"Hsd17b4",0.0765829017651447,0.0299531779439547
0.392083030679387,0.453430827254567,0.0299513495672093,0.0500734893063387,"Nudt9",0.0765897213484677,0.0299513495672093
0.929561790731364,0.935929055507816,0.0299280155532259,0.0502524834940483,"Gnb1",0.076848852211977,0.0299280155532259
0.223693057334899,0.298784706337832,0.0299197033063282,0.050316375734309,"Tgs1",0.0769318976547438,0.0299197033063282
0.104371484620008,0.145085055986947,-0.0299113167299635,0.0503809082676676,"Bsdc1",0.0770158902533368,0.0299113167299635
3.69261479991829,1.3903572967591,-0.029886027080234,0.050575925483793,"mt-Cytb",0.0772881273081166,0.029886027080234
0.291501152317721,0.362164318039645,0.0298857248656063,0.0505782597825175,"Cryzl1",0.0772881273081166,0.0298857248656063
0.785603367843721,0.747276955475087,0.0298726346185562,0.0506794551796912,"Gabarapl2",0.0774280175860324,0.0298726346185562
0.0800041801074792,0.103477793845212,0.0298711006078708,0.0506913250863687,"Zfp64",0.0774314091934175,0.0298711006078708
0.120328491210301,0.171648004152821,-0.0298637923062094,0.0507479074197518,"Atl1",0.0775030851039377,0.0298637923062094
0.0583619178062459,0.0698860825847534,-0.0298597607136318,0.0507791434440629,"Efl1",0.0775360317783369,0.0298597607136318
0.0692925738989785,0.0961393043033053,0.0298524519718035,0.0508358112544626,"Rap2c",0.077607791001866,0.0298524519718035
0.151381417852597,0.209588897942422,-0.0298498308194073,0.0508561470689907,"Arhgap17",0.0776240677347502,0.0298498308194073
2.17408771207883,2.21514622167167,0.0298442690986614,0.0508993193981498,"Tpt1",0.0776751880659479,0.0298442690986614
0.0831925302101121,0.116126558635598,-0.029817789726272,0.0511052840353833,"Il17rc",0.0779746718197216,0.029817789726272
0.200784201186089,0.306660361569361,-0.0298093785968937,0.0511708541814404,"Asxl1",0.0780598733748817,0.0298093785968937
0.144779494432517,0.206322865358229,-0.0298001910540779,0.0512425574171633,"Opa1",0.0781542266276995,0.0298001910540779
0.439546703569365,0.495597450760964,0.0297989581346783,0.0512521860063503,"Mrpl48",0.0781542266276995,0.0297989581346783
0.261882717483162,0.351327252912629,-0.0297942666349741,0.0512888385173406,"Rb1cc1",0.078195257507722,0.0297942666349741
0.185496117744725,0.245090774790349,-0.0297865885499657,0.0513488711596153,"Lgmn",0.0782704781536007,0.0297865885499657
0.0661071447759515,0.0942727704549143,-0.0297854618570511,0.0513576853787023,"Vegfb",0.0782704781536007,0.0297854618570511
0.30150907052187,0.434469304355511,-0.0297833984619743,0.0513738307847854,"Ston2",0.0782802161445343,0.0297833984619743
0.0753528894362168,0.102739324136091,0.0297772259427981,0.0514221541301725,"Umps",0.0783389718512443,0.0297772259427981
0.393544943891259,0.490422327844342,0.0297587978096428,0.0515666504091476,"Atg3",0.0785441918912301,0.0297587978096428
0.0793757470923756,0.119303438904931,-0.0297558700171059,0.0515896386770673,"Zfyve16",0.0785642931760842,0.0297558700171059
0.390493944074505,0.439611119120242,0.0297359156259294,0.0517465438265491,"Actr10",0.0787882860842942,0.0297359156259294
0.364205763431451,0.425842143279507,0.0297213768096855,0.0518611164826828,"Idh3g",0.0789477515949623,0.0297213768096855
0.269164879849456,0.32820569671692,0.0297095778105418,0.0519542539857044,"Nmt1",0.0790745322422784,0.0297095778105418
0.0724975025788432,0.0979441695153922,-0.0297076207690957,0.0519697157573734,"1600002K03Rik",0.0790773668051793,0.0297076207690957
0.0685190774280639,0.0995388004233524,0.0297068474379003,0.0519758265865548,"Rfesd",0.0790773668051793,0.0297068474379003
0.286934068673697,0.384271808149573,0.0297049532316855,0.0519907970593384,"Brd7",0.0790851479818258,0.0297049532316855
0.326349050027933,0.401245282610463,0.029674638038683,0.0522308780387258,"Eci1",0.079435285326523,0.029674638038683
0.143201808832804,0.194296402079798,0.0296726989048571,0.0522462664831228,"Katnbl1",0.0794436312792452,0.0296726989048571
0.108409741362234,0.189690161009234,0.029665469831268,0.0523036678725623,"Igfbp6",0.0795158452083062,0.029665469831268
0.212753020776094,0.26704989294265,0.0296587471311288,0.0523570957769588,"Pld3",0.0795819921413747,0.0296587471311288
0.200783075693925,0.258184763722262,0.0296503924987133,0.0524235568460574,"Derl2",0.0796679204796903,0.0296503924987133
0.26402217375994,0.339482517114952,-0.0296207199994409,0.0526601716624941,"Mapkap1",0.080012349445153,0.0296207199994409
0.0698623620369831,0.0960814029707503,-0.0296123298712386,0.0527272379389123,"Lrrn2",0.0800990831544551,0.0296123298712386
0.476253523003497,0.557256022625045,0.0296102167700264,0.0527441402054113,"Pttg1ip",0.0801095932251032,0.0296102167700264
0.618199992856573,0.670423212180333,-0.0295961935227122,0.0528564240496435,"Tmem176b",0.0802649406840159,0.0295961935227122
0.12098281676849,0.176803990873839,-0.0295672901815657,0.0530884825079735,"Map2k6",0.0806020782675458,0.0295672901815657
0.48989921274032,0.650513888092951,0.0295544794792507,0.0531916085905771,"S100a11",0.0807433725559574,0.0295544794792507
0.160059621778582,0.22757291072727,0.029540522373949,0.0533041535734141,"Tcp11l1",0.0808989083172073,0.029540522373949
0.0714262095176441,0.103141402931492,0.0295197275552433,0.0534722041322383,"Gabpb1",0.0811386092959682,0.0295197275552433
0.885146331511507,0.847275222871087,0.0295155189379148,0.0535062692743408,"Serinc1",0.0811749488858595,0.0295155189379148
0.0801696829395212,0.141444041913435,0.0295069170339111,0.0535759506546421,"Kdelc2",0.081265298308667,0.0295069170339111
0.0751783367172327,0.107321805251533,-0.0294968391827151,0.053657684573929,"Scai",0.0813738917068996,0.0294968391827151
0.185905703350416,0.243041183244953,0.0294950050592311,0.0536725709673168,"Afg3l1",0.08138108644024,0.0294950050592311
0.323005184036911,0.404723996815245,-0.029471064185978,0.0538671999007315,"Psme1",0.0816607617614717,0.029471064185978
0.0720143880913279,0.105512408838249,-0.0294406535249924,0.054115274251397,"Mib2",0.0820213374751058,0.0294406535249924
0.196250912136682,0.272664624401101,0.0294363761292783,0.0541502433565643,"Aatf",0.0820588390355188,0.0294363761292783
0.272758298767659,0.320072631421654,0.029418202045852,0.0542990326845493,"Nsmce4a",0.0822687761066509,0.029418202045852
0.193127544043596,0.250681663566653,0.0293635939159302,0.0547481567279324,"Mrpl9",0.082933586857642,0.0293635939159302
0.112838852203596,0.157561050713674,-0.0293601134328357,0.0547768866030422,"Vps37a",0.0829614454705191,0.0293601134328357
0.086322276437077,0.116735839177378,0.0293496023880249,0.0548637270107401,"Gtf2h3",0.083077287324812,0.0293496023880249
0.0939020151979154,0.128373968263054,-0.0293263840561356,0.0550559595695367,"Tmem121",0.0833526452048986,0.0293263840561356
0.136714104746402,0.187783068838122,0.0292907953156059,0.0553517003655533,"Arfgap1",0.0837845771992454,0.0292907953156059
0.181285679434004,0.376153296856711,0.0292872647990787,0.0553811108206648,"Gm10269",0.0838132842748047,0.0292872647990787
0.123403715791035,0.155748872705727,-0.0292631226121491,0.0555825728772588,"Zfp398",0.0841023127978738,0.0292631226121491
0.175738206822676,0.23960153743002,-0.0292545429652687,0.0556543152842133,"Usp8",0.0841949897889381,0.0292545429652687
0.14691987924045,0.19374699809742,0.0292505617692243,0.0556876319539211,"Cog8",0.0842295115548093,0.0292505617692243
0.14178505128639,0.185524541303908,0.0292193860657259,0.0559491007861591,"Fntb",0.0846090434806145,0.0292193860657259
0.205740758962379,0.283360784390269,0.0292136309282814,0.0559974803791958,"Fam53b",0.0846662488341185,0.0292136309282814
0.0993208027896365,0.138354837975288,-0.0292026134397469,0.0560901941980493,"Ipo9",0.0847904518170964,0.0292026134397469
0.167784624573373,0.212032590412409,-0.0291875456434766,0.0562171988159282,"Rpe",0.0849664349781518,0.0291875456434766
0.307816938775752,0.374836425972236,0.0291840329753725,0.0562468410463773,"Mtfr1l",0.0849952264700813,0.0291840329753725
0.131208567270772,0.176815484229223,0.0291671104747075,0.0563898267176265,"Mfsd10",0.0851952494035464,0.0291671104747075
0.198228874797175,0.345934088601242,-0.0291648285562358,0.0564091307773724,"Tppp3",0.0852083707375069,0.0291648285562358
0.089825634465978,0.120858696523846,0.0291367768266506,0.0566468861229474,"Rnf170",0.0855514049031676,0.0291367768266506
0.446340099262618,0.534937929542955,0.029112363167682,0.0568544845872968,"Sdhc",0.0858487738668554,0.029112363167682
0.12770208365366,0.17419015019466,-0.0291059208684961,0.0569093712668239,"Phrf1",0.0859020865550134,0.0291059208684961
0.160418741080057,0.22365440351301,-0.0291057059696688,0.0569112029070851,"Eed",0.0859020865550134,0.0291057059696688
0.75811958992381,0.77282879419492,0.0291034707603668,0.0569302571019708,"Rab6a",0.0859146855343641,0.0291034707603668
0.0932172447653087,0.130693250960372,0.0290992612605324,0.056966155676796,"Pyroxd1",0.0859526952144812,0.0290992612605324
0.40771146032608,0.518884680634204,0.0290973607092189,0.0569823697279913,"Xrn2",0.0859609954309836,0.0290973607092189
0.410518640831252,0.545368981735747,-0.0290899491210341,0.0570456364048307,"Smc1a",0.0860402606226243,0.0290899491210341
0.255951993172525,0.330891117135226,-0.0290831964268921,0.0571033294858862,"Zzz3",0.0861110911097069,0.0290831964268921
0.258290814810945,0.305465743720318,0.0290445588382557,0.057434371715192,"Bmyc",0.0865940245476701,0.0290445588382557
0.146047879136073,0.201617379265313,-0.0290407409198672,0.0574671696121553,"Sun1",0.0866271968754339,0.0290407409198672
0.0835344876258868,0.114719889947013,-0.0290287582700535,0.0575702079018225,"Slc30a6",0.0867662186709662,0.0290287582700535
0.104220312054151,0.14368926475192,0.0290222408673524,0.0576263152058101,"Ift52",0.0868344700866517,0.0290222408673524
0.22354306767625,0.268971744745854,0.0290189837885655,0.0576543719151018,"Mtx2",0.086860435645283,0.0290189837885655
0.10704320492145,0.141062944876937,0.0289974048459167,0.0578405413494536,"Mgme1",0.0871245548691601,0.0289974048459167
0.229012861676827,0.330228622632283,0.0289903694969771,0.0579013457419853,"Sept11",0.0871997744432601,0.0289903694969771
0.399505857879887,0.552205446715577,-0.0289744662066181,0.0580389887893686,"Tpm1",0.0873906635477376,0.0289744662066181
0.0857109724270114,0.123192726356132,-0.0289721452249534,0.0580590996064398,"Taf1b",0.087404543197387,0.0289721452249534
0.538089846627164,0.661430732167909,-0.0289667632263997,0.0581057557647507,"Senp6",0.0874583725860738,0.0289667632263997
0.182474043859557,0.241684412792892,-0.0289527924103046,0.0582270131294019,"Ppm1b",0.0876244473650264,0.0289527924103046
0.154862780933493,0.208826771259477,-0.0289363271329028,0.05837019047535,"Arnt",0.0878234405351976,0.0289363271329028
0.0983345460128977,0.127030745430696,-0.0289150623555719,0.0585555353879797,"Trp53inp2",0.0880857922671821,0.0289150623555719
0.236339429691757,0.296244182166629,0.0289048579856016,0.0586446505573452,"Clip3",0.0882033132281421,0.0289048579856016
0.269170087632603,0.302106624456918,0.0288989587020119,0.0586962205751107,"Gna11",0.0882643316894093,0.0288989587020119
0.141055813616588,0.157877749654388,0.0288958158219848,0.0587237101893088,"Kif1bp",0.0882891232076099,0.0288958158219848
0.311589907667213,0.418321321535847,-0.0288903910481976,0.0587711838301175,"Nemf",0.0883439451204313,0.0288903910481976
0.117672886281961,0.150106414230988,0.0288703392488166,0.0589469390506244,"Dr1",0.0885915412890448,0.0288703392488166
0.582307401556638,0.63080220897367,-0.0288651341977671,0.0589926328749285,"Tprgl",0.0886436116457727,0.0288651341977671
0.168342009905405,0.204062840114238,0.0288634936983191,0.0590070404944273,"Fez2",0.0886486599751517,0.0288634936983191
0.378363603270878,0.400929355554663,0.0288579289593605,0.0590559343405442,"Cfap20",0.0887055067668526,0.0288579289593605
0.371044853909564,0.552198013474531,-0.0288555772301726,0.0590766076028626,"Prpf38b",0.0887199512269081,0.0288555772301726
0.197884021426842,0.268239618169947,0.0288406953257514,0.0592075687092768,"Arfrp1",0.0888999871488094,0.0288406953257514
0.113286623832858,0.168756663787383,-0.0288382887218808,0.0592287694873946,"Amotl2",0.0889151817337426,0.0288382887218808
0.55021614701986,0.591191027850056,0.0288274069129071,0.0593247105233202,"Bcas2",0.089042550923891,0.0288274069129071
0.222019543880453,0.292973307650754,0.028820942255525,0.0593817681256716,"Sec14l1",0.0891115218702803,0.028820942255525
0.486332475077755,0.613376660248804,0.0288186407085747,0.0594020927548839,"Hnrnpl",0.0891253538266994,0.0288186407085747
0.0620871836462051,0.0831903097466779,-0.0288169355740968,0.0594171542724109,"Ccdc167",0.0891312854518274,0.0288169355740968
0.0737512048507457,0.104665530545795,0.0288064161947029,0.0595101424155597,"Ndufaf1",0.0892438808496655,0.0288064161947029
0.0819035685072009,0.118356130999984,0.0288059283852207,0.059514457431027,"Yars2",0.0892438808496655,0.0288059283852207
0.350393695519752,0.439854546948651,-0.0288045732219392,0.0595264461582578,"Pcmtd1",0.0892451801146974,0.0288045732219392
0.0802268877279675,0.112424630785409,-0.0288019052995706,0.0595500543286449,"Cenpv",0.0892638961205019,0.0288019052995706
0.117476838751285,0.161778575724809,0.0287976705121854,0.0595875434711365,"Kdm4a",0.0893034084446021,0.0287976705121854
0.209552269520638,0.262399435753923,0.0287948342350387,0.0596126630176041,"Bckdha",0.089316626057593,0.0287948342350387
0.137771480130104,0.176578414831785,0.0287941611757779,0.0596186252697493,"Prmt3",0.089316626057593,0.0287941611757779
0.218211121886988,0.290993158009071,0.0287755214754694,0.0597839404449549,"Mnat1",0.0895475710528874,0.0287755214754694
0.204151881307677,0.288883000285125,-0.0287563061153064,0.0599547588255803,"Bckdhb",0.0897866712983308,0.0287563061153064
1.57281531578618,1.66069150940008,-0.0287549157602053,0.0599671343173205,"Marcks",0.0897884466807575,0.0287549157602053
0.375158035732551,0.450878497172359,0.0287495465285964,0.0600149455008719,"Mageh1",0.0898432691602604,0.0287495465285964
0.12005686762006,0.171530138476996,0.0287328530634463,0.0601637970242313,"Uvssa",0.0900493018695079,0.0287328530634463
0.371948627203871,0.449044702611935,0.0287218589850888,0.0602619955371109,"Ctsa",0.0901794577004435,0.0287218589850888
0.104090895819119,0.13874713308344,0.0287099067913221,0.0603689025422726,"Aifm1",0.0903225944432585,0.0287099067913221
0.210721117420558,0.286632158518902,-0.0287014597052699,0.0604445526772701,"Crot",0.0904189207088768,0.0287014597052699
0.0816541358571892,0.119336464865976,0.0286801188308091,0.0606360265348202,"Gm12940",0.0906884393132148,0.0286801188308091
0.294298663742804,0.382543011869195,-0.0286769036962521,0.060664916759107,"Chmp3",0.0907147394847325,0.0286769036962521
0.0627771345606561,0.0788851488421141,-0.0286518427458764,0.0608904979077427,"Fbxo44",0.0910350950646035,0.0286518427458764
0.138021605753123,0.178593814899754,0.028635691085764,0.0610362516664213,"Pold2",0.0912360065893004,0.028635691085764
0.0936673794138922,0.138011107737279,-0.0286118097538826,0.0612522878184876,"Socs7",0.0915418806957618,0.0286118097538826
0.152823954118973,0.210562203898593,0.0286079175821921,0.0612875572414717,"Jmjd8",0.0915775343213349,0.0286079175821921
0.247276325899105,0.334553675114485,0.0286032616949742,0.0613297692546518,"Uba5",0.0916235465461415,0.0286032616949742
0.267669929432107,0.349033171424766,0.0285934470964681,0.0614188309137981,"Fam192a",0.0917395195927617,0.0285934470964681
0.161923800787692,0.201628801597915,0.0285606428148804,0.0617172875067602,"Rnft1",0.0921681583759992,0.0285606428148804
0.0658000082039871,0.0937298608777031,0.0285522905725766,0.0617934684066872,"Agpat4",0.0922647544650648,0.0285522905725766
0.398219563589155,0.469683031005111,0.0285327716946036,0.0619718037227997,"Grina",0.0925138145249758,0.0285327716946036
0.254206792640611,0.355435464130659,-0.0285247959109444,0.0620447973428737,"Kdm5a",0.092605553176938,0.0285247959109444
0.19509176820877,0.239424067549176,-0.0285135825937948,0.0621475408283671,"1810026B05Rik",0.0927416528932151,0.0285135825937948
0.14826972170788,0.187571323466599,0.0284942606172487,0.0623249110970269,"Ctdnep1",0.0929890454895023,0.0284942606172487
0.246989257815815,0.327257355111146,0.0284921615728237,0.0623442049127658,"Ankra2",0.0930005391745739,0.0284921615728237
0.143325001374254,0.191433640879812,-0.0284890589725023,0.0623727321723263,"Lancl1",0.0930257998049715,0.0284890589725023
0.31493587533212,0.436602157704058,0.0284855943413969,0.0624046009262419,"Hmgcr",0.0930560337915193,0.0284855943413969
0.124971102847965,0.162824567956498,0.0284827039120029,0.0624311982948677,"Pex16",0.0930783974578258,0.0284827039120029
1.4398003002517,1.03705424875503,0.0284810198665814,0.0624466989904408,"Ppib",0.0930786335300608,0.0284810198665814
0.154388433607717,0.195238400564921,0.0284801663122248,0.062454556695644,"Akirin1",0.0930786335300608,0.0284801663122248
0.263305752125637,0.343520272588446,0.028475019296229,0.0625019567539067,"Zfp664",0.0931319779003431,0.028475019296229
0.27079331046272,0.338069862609259,0.0284736139739671,0.0625149038588094,"Pcif1",0.0931339748538965,0.0284736139739671
0.0577859583432264,0.0740920323528232,-0.0284691948375849,0.0625556314063271,"Zfp592",0.0931773503627935,0.0284691948375849
0.0780426611548136,0.104577986840233,-0.0284595279800747,0.0626447993647314,"Tmem138",0.0932928489425769,0.0284595279800747
0.179217524711311,0.24332779314028,0.0284487255440344,0.062744566282229,"Irf3",0.0934240860732242,0.0284487255440344
0.0942858144923533,0.141369029444559,-0.0284431677175937,0.0627959472577002,"Wdr48",0.0934832431903129,0.0284431677175937
0.238365831945736,0.306981587288435,0.0284263609252538,0.0629515342616661,"Pigyl",0.0936974793017268,0.0284263609252538
0.142352915745742,0.183143164339773,-0.0284154051447821,0.0630531275888499,"Ceacam1",0.0938312863080363,0.0284154051447821
0.276733457398764,0.352272210081686,0.0283980728863939,0.063214126883402,"Acbd6",0.0940534311352527,0.0283980728863939
0.119820548277647,0.168852123527261,-0.0283849962860258,0.0633358200382138,"Armc10",0.0942170226152442,0.0283849962860258
0.140952983321595,0.201086659739066,0.0283811582668372,0.0633715740360522,"Bcl2l12",0.0942503524468933,0.0283811582668372
0.35908491471785,0.461430348570102,-0.0283800697328262,0.0633817175727114,"Itpr3",0.0942503524468933,0.0283800697328262
0.113831940051718,0.159992298213664,0.0283735405858039,0.0634425877750832,"Wdr45",0.0943233878649746,0.0283735405858039
0.147817524513343,0.182470824365161,-0.0283686280208263,0.0634884186645557,"Bod1",0.0943740406380873,0.0283686280208263
0.195415351091029,0.252581586571295,0.0283591200370801,0.0635771993639333,"Capn2",0.0944885067042417,0.0283591200370801
0.0839798315287339,0.121459393058076,0.0283564905587255,0.0636017701808889,"Ogfrl1",0.0945075192465653,0.0283564905587255
0.1928479240283,0.256871604985467,0.0283481531549807,0.0636797298187208,"Clpx",0.0946058418932449,0.0283481531549807
0.0944065065045646,0.129521534073071,-0.0283349566795455,0.0638032859202296,"Epm2aip1",0.0947718560207187,0.0283349566795455
0.600361240439311,0.630555347862479,0.0283208589560104,0.0639354988437438,"Rab11b",0.0949506649495096,0.0283208589560104
0.0674811477899139,0.0863753811459299,0.0283105503148419,0.0640323196430296,"Slc11a2",0.0950768565536027,0.0283105503148419
0.0699463881054849,0.0998903702647398,-0.0283017713323885,0.0641148689784509,"Srxn1",0.0951818147424773,0.0283017713323885
0.080467155981071,0.110750129109521,0.0282970138518852,0.0641596405590786,"Zfp579",0.0952306614587581,0.0282970138518852
0.197139195566742,0.257603070803021,0.0282897721065527,0.0642278405287688,"Maea",0.0953142578884485,0.0282897721065527
0.0682376774967295,0.0961424058759558,0.0282846241255636,0.0642763586057242,"Ska2",0.0953686208306825,0.0282846241255636
0.0599350475299151,0.0795579725066068,0.0282764406235716,0.0643535477522,"Nudcd1",0.0954654958705219,0.0282764406235716
0.117820435671259,0.17297226695174,-0.0282477379803658,0.0646248842001901,"Trappc10",0.0958502903553281,0.0282477379803658
0.100115670329785,0.153963519191124,-0.0282436812570555,0.0646633098824232,"Srr",0.0958895580293039,0.0282436812570555
0.124634479093057,0.170555149266331,-0.028239393663858,0.0647039428719086,"Hsph1",0.0959320838145223,0.028239393663858
0.0562405476110958,0.0752807017163467,-0.0282013968865735,0.0650649547724695,"Foxj2",0.0964495099010337,0.0282013968865735
0.380697534865614,0.437368046661384,0.0281285725166976,0.0657615099665989,"Nudcd3",0.0974640480184686,0.0281285725166976
0.646304453748897,0.743108161560337,-0.0280992191025735,0.066044003442299,"Tm9sf3",0.0978646507148674,0.0280992191025735
0.0706194172931313,0.0876144852449936,0.0280958830877541,0.0660761719843169,"Rbm15",0.0978942400299407,0.0280958830877541
0.18215689069718,0.231367672929653,0.0280764624709462,0.066263697575594,"Med25",0.098153943021334,0.0280764624709462
0.386956169183629,0.462647094631958,0.0280735346179903,0.0662920069243837,"Unc50",0.0981777525952852,0.0280735346179903
0.149100243257227,0.200873926031544,0.0280577377755448,0.0664449181508886,"Xrcc5",0.0983860533756653,0.0280577377755448
0.288216728755734,0.362617733598697,-0.028049262435895,0.0665270778893055,"Blvrb",0.0984895337608463,0.028049262435895
0.425945096353719,0.493566169492785,0.0280157400267463,0.0668528634046801,"Med21",0.0989535834641493,0.0280157400267463
0.120270968220846,0.15648933483974,0.0280084037806553,0.0669243351180491,"Ebpl",0.0990411038338669,0.0280084037806553
0.0759884198638431,0.104416483562749,0.0279872035203369,0.0671312273527962,"Cklf",0.0993289633558614,0.0279872035203369
0.100534197767908,0.164817215357547,-0.0279769279360399,0.0672316954404809,"Vwc2",0.0994592780631302,0.0279769279360399
0.246739234861328,0.305666492269613,-0.0279642251981913,0.0673560656373575,"Pttg1",0.0996248978201211,0.0279642251981913
0.12111296807984,0.165992344800232,0.0279517740976846,0.0674781557138203,"Deaf1",0.0997870846752109,0.0279517740976846
0.173320893038305,0.21724718531112,0.0279481387030959,0.0675138371250842,"Chpf",0.0998214536745303,0.0279481387030959
0.0844761834322495,0.112265224632616,0.0279400870457278,0.0675929194213112,"Rpia",0.0999199678401991,0.0279400870457278
0.280484649850758,0.378044216471302,0.0279325618989508,0.0676668992609142,"Vps36",0.100010904341421,0.0279325618989508
0.0647164232193986,0.0933840393358282,-0.0279276008722204,0.0677157076049208,"Dennd5b",0.100064611016922,0.0279276008722204
1.10702277742152,1.05108504522537,-0.0279121093450573,0.0678683051351011,"Nedd4",0.100271640656242,0.0279121093450573
0.320057701114903,0.4113226242219,0.0279057613245709,0.0679309172045787,"Tmprss5",0.100345670038575,0.0279057613245709
0.379082884430701,0.473732798901915,0.0278853237264405,0.0681328208499115,"Cox20",0.100625391956505,0.0278853237264405
0.0559720698255793,0.0694889598090709,-0.0278835680822744,0.068150187893796,"Trappc11",0.100632518892127,0.0278835680822744
0.0940452392259905,0.132345511708598,-0.0278536276970713,0.0684469223678,"Fam45a",0.101052089251008,0.0278536276970713
0.114906331299407,0.154281409085777,0.0278130212280856,0.0688510622912964,"Zfp511",0.101630044853819,0.0278130212280856
0.382253145314597,0.470018240129602,-0.0278095030258916,0.0688861696222054,"Ccdc85b",0.101663164437847,0.0278095030258916
0.0798567165226388,0.109807407469743,-0.0278063773279717,0.0689173725762364,"Zfp62",0.101690510767142,0.0278063773279717
0.224160181454873,0.504026565631745,-0.0278030183063,0.0689509176746766,"D4Wsu53e",0.10172130233896,0.0278030183063
0.084050722532489,0.121205715265734,-0.0277948217694235,0.0690328292360874,"Nln",0.101823423123229,0.0277948217694235
0.0743038254795626,0.108739582445515,-0.0277913525450131,0.0690675227674533,"Nr1d1",0.101855872576005,0.0277913525450131
0.546504394383437,0.605787375861629,0.0277857736613832,0.0691233436992244,"Ppp2ca",0.101919461566074,0.0277857736613832
0.170548237680855,0.248299141061231,-0.0277835986693248,0.0691451161670842,"Tex2",0.101932833386861,0.0277835986693248
0.400895994382617,0.475457002539209,0.0277803470491444,0.0691776765793102,"Tspan31",0.101962100821526,0.0277803470491444
0.177235864527002,0.213245292218544,0.0277540146745481,0.0694418224159089,"Coq2",0.102332632335216,0.0277540146745481
0.204821560525338,0.263982562194553,-0.0277519229974128,0.0694628399369173,"Por",0.102344808603346,0.0277519229974128
0.48743160268449,0.490432277652464,0.027733486088746,0.0696483230261881,"Sf3b6",0.102599255362977,0.027733486088746
0.561161182905607,0.599614429860707,0.0277237435952966,0.0697465006603741,"Ube2e3",0.102725022264839,0.0277237435952966
0.0845507001851009,0.137496089335193,-0.0277088425523537,0.0698968820049314,"Fnbp1l",0.102927616297957,0.0277088425523537
0.120872651274671,0.166905441504177,-0.027701534721454,0.0699707298166524,"Akap7",0.103017456155747,0.027701534721454
0.0681635310443604,0.0985382967878357,-0.027690722866147,0.0700801042423568,"Stxbp1",0.103159559060846,0.027690722866147
0.260813229495629,0.326950154770381,0.027687141925689,0.0701163605029543,"Arl8b",0.10319399792291,0.027687141925689
0.487259156764721,0.557540079571674,-0.0276736297978955,0.0702533065219665,"Chchd3",0.1033765874807,0.0276736297978955
0.0847275783611933,0.115428450215762,0.0276648501758653,0.0703424059121217,"Kif3c",0.103488717462205,0.0276648501758653
0.0814639477610512,0.116667681298954,-0.0276577102824744,0.0704149329407115,"Isca1",0.10357642931554,0.0276577102824744
0.681711503128836,0.761841092151075,0.0276368499531439,0.070627183534778,"Spop",0.103855949995915,0.0276368499531439
0.421834644175088,0.470925164750574,0.0276364903191753,0.0706308473489168,"Ppp1r2",0.103855949995915,0.0276364903191753
0.363399709309882,0.493189070461374,-0.0276316982590417,0.070679681909711,"Ctcf",0.103908715215009,0.0276316982590417
0.0738741246555906,0.0991489676111569,-0.0276278622632524,0.0707187934288795,"Skap2",0.10394716953166,0.0276278622632524
0.118060772706493,0.174429058180322,-0.0275680296235686,0.0713311425008005,"Brms1l",0.104828037990187,0.0275680296235686
0.133342664223137,0.287350030981747,0.0275374379036549,0.0716459038122253,"Gtl3",0.105271329827741,0.0275374379036549
0.0684699216715861,0.0962737128170214,0.0275340226524706,0.0716811141624,"Zdbf2",0.105303782504412,0.0275340226524706
0.316063929282332,0.39330570159458,-0.0275259452158853,0.0717644468314142,"Tmem165",0.105406904882897,0.0275259452158853
0.110254712473249,0.16781583321888,0.027511542789564,0.0719132295103443,"Rap2b",0.105606104244327,0.027511542789564
0.354659409617498,0.471524217854437,-0.0275017415340825,0.0720146246601573,"Setd5",0.105735653846862,0.0275017415340825
0.273606179184911,0.333124894527208,0.0274982779881433,0.0720504834323031,"Ndufs1",0.10576894970011,0.0274982779881433
0.588286007008447,0.623150070348728,0.0274905363691987,0.0721306867927825,"Sec11a",0.10586731860715,0.0274905363691987
0.183658797125836,0.24160261097274,0.0274610501060342,0.072436834805264,"Ap1ar",0.106297213327988,0.0274610501060342
0.20704815179492,0.248013554453939,0.0274580787582775,0.072467744411776,"Cby1",0.106323126926328,0.0274580787582775
0.0633376628010665,0.0911582266192229,-0.0274567574304126,0.0724814930635912,"Akr1b10",0.106323857466591,0.0274567574304126
0.147245028269589,0.204178111237392,-0.027449829729228,0.0725536119687119,"Pik3ca",0.10640372617588,0.027449829729228
0.115287814237948,0.153442352295378,0.0274489800537316,0.0725624613203407,"Odf2",0.10640372617588,0.0274489800537316
0.1619087435582,0.211446458555736,0.0274203277998277,0.0728613913747654,"C1galt1c1",0.106817137830834,0.0274203277998277
0.321714469993256,0.410498487519871,0.0274194071222382,0.0728710135201876,"Maf1",0.106817137830834,0.0274194071222382
0.0690493251016988,0.103989427252976,-0.0274110147182281,0.0729587717809364,"Wdyhv1",0.10692624379365,0.0274110147182281
0.128945406724503,0.186495250609659,-0.0274022292232508,0.0730507331429976,"Cacul1",0.10704146872524,0.0274022292232508
0.569989013741706,0.663620126012405,0.0273914208786365,0.0731639985403375,"Cfdp1",0.107187862751081,0.0273914208786365
0.0590510968802746,0.0858219838593559,-0.0273857872963934,0.0732230922431533,"Scyl3",0.107254854355433,0.0273857872963934
0.367915647797889,0.446228026583002,0.0273497588148253,0.0736019381817547,"Idh3b",0.107790098917759,0.0273497588148253
0.15713902713051,0.213576158781738,0.0273433553027015,0.0736694396704799,"Slc48a1",0.107869267137944,0.0273433553027015
0.138265977477306,0.168849550825317,-0.0273321825457379,0.0737873364759563,"Zfp871",0.108022183521816,0.0273321825457379
0.108761208418768,0.151239884852216,-0.0273268796349255,0.0738433476215625,"Micu3",0.10808446211518,0.0273268796349255
0.0944866410449362,0.1344583026988,-0.0272822525803974,0.0743160916826439,"Naa60",0.108756578453681,0.0272822525803974
0.187670860744196,0.267832850487855,-0.0272786406650562,0.0743544613870174,"Ift74",0.108792888068823,0.0272786406650562
0.184599423200209,0.233453266839241,0.0272741940222409,0.0744017206997108,"Ctnnbl1",0.108842189041838,0.0272741940222409
0.0872762627778162,0.117561347067086,0.0272638647503186,0.0745115958127263,"Ppm1m",0.108979104422235,0.0272638647503186
0.26082933494758,0.324558068416663,0.0272628426067393,0.0745224758181457,"Zfp771",0.108979104422235,0.0272628426067393
0.137667716420899,0.185834705085598,-0.027261331198109,0.0745385660864845,"Btd",0.108982772280968,0.027261331198109
0.404046947604687,0.477567506459802,0.0272565719624631,0.0745892508520121,"Plin3",0.109037010172444,0.0272565719624631
0.198434883396128,0.238227828509356,-0.0272343337035786,0.0748264563514082,"Tst",0.109363840758415,0.0272343337035786
0.10763744717234,0.156220594000811,0.0272227105413409,0.0749506802647971,"Ift46",0.109525452275493,0.0272227105413409
0.153665249357298,0.225205933234169,-0.0272083240268184,0.0751046709393725,"Usp33",0.109730495196199,0.0272083240268184
0.0861702415152204,0.129947365747808,-0.0271820327636603,0.0753867550856933,"Tmem209",0.110122578337448,0.0271820327636603
0.0899044582395349,0.103572308475092,0.0271589451723373,0.0756351788066105,"CAAA01118383.1",0.110448690962911,0.0271589451723373
0.114633183280118,0.165593533055587,-0.0271587267703049,0.0756375320091224,"Pcgf3",0.110448690962911,0.0271587267703049
0.254370434741643,0.33776840248309,0.0271379024462793,0.0758621810391159,"Chchd7",0.110756575811111,0.0271379024462793
0.109114901770642,0.150295508314714,-0.0271165225169576,0.0760933897276996,"Emc9",0.111054221226129,0.0271165225169576
0.667859301492572,0.692257963662494,0.0271164908747818,0.076093732340635,"Cnpy2",0.111054221226129,0.0271164908747818
0.0972069680291867,0.117360349331986,0.0271109757069411,0.076153468309519,"Pnpla2",0.111121191073937,0.0271109757069411
0.0758465720835918,0.106564935692018,-0.027103905494494,0.0762301032257978,"2900076A07Rik",0.111212790597055,0.027103905494494
0.0569078132076643,0.0646650829770761,0.0271025722061861,0.0762445619488774,"Gm6710",0.111213663893436,0.0271025722061861
0.172720740762646,0.282442363101192,-0.0270996705311896,0.0762760366263886,"Jarid2",0.111230200204525,0.0270996705311896
0.099433197149379,0.137720048723601,0.0270989712746322,0.0762836230963983,"Polg",0.111230200204525,0.0270989712746322
0.312938089631079,0.377999958312492,0.0270861409562434,0.0764229327785504,"Drg1",0.111413083687334,0.0270861409562434
0.0707099121884245,0.101878862848293,-0.0270459925401138,0.0768601986517919,"Psen2",0.112030196908625,0.0270459925401138
0.236724962234679,0.321665310915628,-0.0270414138907079,0.0769101950487989,"Tjp1",0.112082710692256,0.0270414138907079
0.402559779782877,0.512564424160706,-0.0270272723103512,0.0770647808612558,"Pak2",0.112287597899168,0.0270272723103512
0.0861503495611532,0.115221360978103,0.0270108104074958,0.0772450495438957,"Slc2a8",0.112529825261478,0.0270108104074958
0.0839321089052751,0.11117297125642,-0.0270056857217303,0.0773012382844026,"Tmem29",0.11259123906227,0.0270056857217303
0.090869975417397,0.123516403807834,-0.0269764286755488,0.0776226600190136,"Slf2",0.113025337860084,0.0269764286755488
0.13759459236591,0.176045428154054,0.0269759936670982,0.0776274472765356,"Pih1d1",0.113025337860084,0.0269759936670982
0.219875139357588,0.273250355575197,-0.0269732949681802,0.0776571517651626,"Rab28",0.113048074340287,0.0269732949681802
0.132143743750641,0.17796040529058,-0.0269603157115191,0.0778001433236202,"Tmx4",0.113235688378148,0.0269603157115191
0.237129487735901,0.313092300270717,-0.0269570170202899,0.077836518913246,"Larp4b",0.11326808628217,0.0269570170202899
0.147137311327258,0.181212444070045,0.026951742178133,0.0778947148410357,"Traf7",0.113332219743331,0.026951742178133
0.283281906913354,0.354533617226629,0.0269323974001762,0.078108443821231,"Med31",0.113605088393458,0.0269323974001762
0.077505628225614,0.113032277605014,-0.0269322045099889,0.0781105773512848,"Hace1",0.113605088393458,0.0269322045099889
0.0735725993624764,0.102685140420344,0.0269224094771993,0.0782189811416665,"Snx8",0.113742135679727,0.0269224094771993
0.227419422686792,0.313481522701815,-0.0268912543349187,0.0785645962090015,"Hnrnpul2",0.114208616831934,0.0268912543349187
0.144825469041741,0.185987592742718,0.0268909263831224,0.0785682408913606,"Zdhhc6",0.114208616831934,0.0268909263831224
0.106721928395002,0.152097179299462,-0.0268717134321804,0.0787820036199502,"Cep120",0.114498604790161,0.0268717134321804
0.0822651905282148,0.107368865768955,0.0268606993102402,0.078904759568955,"Lin37",0.114656246066877,0.0268606993102402
0.0897126861684808,0.133680446190418,-0.0268506482658096,0.079016917405162,"Golga3",0.114798432963791,0.0268506482658096
0.115165944780326,0.143018098125351,-0.0268312481292197,0.0792337666861173,"Fam234a",0.115092640095837,0.0268312481292197
0.386618300826497,0.451670050767951,0.0268114491439174,0.0794555727512535,"Tmem33",0.115393939503359,0.0268114491439174
0.0745262810810549,0.111775478024805,-0.0267983637625666,0.0796024437775065,"Slc35a3",0.115586320823509,0.0267983637625666
0.097685754321433,0.136020622790703,-0.0267748961365376,0.079866398279614,"Tbc1d19",0.115948612230075,0.0267748961365376
0.119160256576101,0.16179209896018,0.0267662180873524,0.0799641854334648,"Gtpbp6",0.116069577409212,0.0267662180873524
0.397698345673448,0.471815135753627,0.0267385856276934,0.0802762053134803,"Snapin",0.116501405577024,0.0267385856276934
0.343756108880518,0.403705646856701,0.0267174716764036,0.0805152853808088,"Uba2",0.116822709155737,0.0267174716764036
0.0925734621870733,0.13430894243073,-0.0267164630900163,0.0805267203814035,"Rad54l2",0.116822709155737,0.0267164630900163
0.0715754002049105,0.0997637707464546,-0.0267132013928043,0.0805637093940476,"Gpr137c",0.116855242982256,0.0267132013928043
0.0768090571433145,0.110251404562813,-0.0267034162042735,0.0806747603063998,"Ccdc6",0.116995170196738,0.0267034162042735
0.13499596792875,0.17952763773306,-0.0266969467917954,0.0807482490960424,"Atg13",0.117080583799538,0.0266969467917954
0.481505928094953,0.525531779483903,0.0266591775620366,0.081178371117535,"Mrpl51",0.117662540982481,0.0266591775620366
0.0944650635835008,0.121130165781015,0.0266591275813136,0.0811789415352708,"Txnrd2",0.117662540982481,0.0266591275813136
0.116182843846524,0.169100026410221,-0.0266548223525797,0.0812280882618392,"Atp13a3",0.117712512229185,0.0266548223525797
0.211753581116029,0.283939490241061,0.0266312029696145,0.0814981471577876,"Zrsr2",0.118082544744328,0.0266312029696145
0.098580708304305,0.132503669682901,-0.0266175906404177,0.0816541181077557,"Fbxw17",0.118287171636872,0.0266175906404177
0.0765392562570714,0.118106013270517,0.0266143538468663,0.0816912411029097,"Exosc2",0.118319588196705,0.0266143538468663
0.337166907453341,0.427707246938342,0.0266103075524281,0.0817376675658219,"Twf1",0.118365465538378,0.0266103075524281
0.0921882640073615,0.118508778132946,0.0266078973498873,0.0817653319685217,"Zfand1",0.118384161623136,0.0266078973498873
0.252740776654057,0.321175536080612,0.0266041755285357,0.0818080661003557,"Smarcad1",0.11841090833583,0.0266041755285357
0.295889833590515,0.374876664155446,0.0266037181041977,0.0818133195181756,"Mphosph8",0.11841090833583,0.0266037181041977
0.139323014840235,0.184667036918498,0.0265880003682045,0.0819940005198289,"Zfp277",0.11865101175313,0.0265880003682045
0.413068390894138,0.500885459887158,0.0265787450598683,0.0821005448547145,"Hypk",0.118783767023842,0.0265787450598683
0.128678129170229,0.17126502206435,0.0265738335657471,0.0821571300700572,"Cinp",0.118844206180303,0.0265738335657471
0.267956342624635,0.343879659894196,0.026555222038276,0.0823718400165081,"Rps6kb1",0.119133317284149,0.026555222038276
0.167078604515475,0.242848538803671,-0.0265192568439078,0.0827880372009466,"Tfdp2",0.119713680032509,0.0265192568439078
0.0784993637248226,0.108895160175325,0.0265161151965223,0.0828244738052725,"Ccdc71",0.119744788795226,0.0265161151965223
0.611811152097191,0.788936033480375,0.026512212012675,0.0828697607515005,"Hmgcs1",0.119788679565851,0.026512212012675
0.0790990574560491,0.113453926264245,0.0265023312029341,0.0829844931626599,"Ino80c",0.119932920233643,0.0265023312029341
0.394023608723303,0.528647715505721,0.0264978955131928,0.0830360406260694,"Gtf2i",0.119985807668572,0.0264978955131928
0.0885713068381349,0.126453896618416,-0.0264920394582733,0.0831041339715805,"Tapt1",0.120062580300317,0.0264920394582733
0.0635314375312913,0.0793020799358615,0.0264879561093962,0.0831516413083835,"Ifrd2",0.120109589533478,0.0264879561093962
0.064382785389819,0.0934346379043478,0.0264690502611236,0.0833718863538939,"Zfp606",0.120402940093481,0.0264690502611236
0.273371057855526,0.340322973818418,0.0264679483202186,0.0833847380482895,"Wdr1",0.120402940093481,0.0264679483202186
0.0849190427685567,0.127445145884699,-0.0264478504486897,0.08361941665031,"Adamtsl5",0.120720079021606,0.0264478504486897
0.419762670110523,0.55382474107483,-0.0264381771674078,0.0837325599606844,"Tacc1",0.120861676762823,0.0264381771674078
0.109326382717215,0.159944701798094,0.0264345394549708,0.0837751404284879,"Nol8",0.120901389711904,0.0264345394549708
0.74269159559715,0.765923997428963,0.0264174497189531,0.0839754153211657,"Map1lc3a",0.121168626602595,0.0264174497189531
0.259223336213157,0.320328791160739,0.0264059439504179,0.084110469713386,"Efemp2",0.121341677270804,0.0264059439504179
0.0792728360567941,0.0945477259487492,0.0264036197414627,0.0841377725384728,"Sdhaf3",0.121345237651028,0.0264036197414627
0.194946599156105,0.247152846172918,0.0264031592171461,0.0841431832365806,"Dnpep",0.121345237651028,0.0264031592171461
0.247247689463139,0.312227587294512,0.0264017778915343,0.0841594141135746,"Rilpl2",0.121346835372385,0.0264017778915343
0.650554524300382,0.741642682536401,-0.0263850932427267,0.0843556625292373,"Kmt2e",0.12160794756281,0.0263850932427267
0.0797418162907595,0.107707093524055,0.0263370642150245,0.0849226575636415,"Sept1",0.122403341888029,0.0263370642150245
0.058149097583134,0.0778993802360066,0.0263330118048605,0.084970637929016,"Thap1",0.122450502647706,0.0263330118048605
0.0779249254887164,0.106907862726223,-0.0263031830229498,0.0853244841806579,"3110056K07Rik",0.122918377961858,0.0263031830229498
0.061926240198218,0.0836517144619603,0.0263030602680103,0.0853259428274611,"Fam219b",0.122918377961858,0.0263030602680103
0.0681224742391965,0.0946023284419332,0.0262858056149717,0.0855311734089165,"Naglu",0.12319191086576,0.0262858056149717
0.0888666147900636,0.12932287814926,-0.0262835245818265,0.0855583343366759,"Grik5",0.123208915060568,0.0262835245818265
1.05732777145376,1.09498303569338,0.0262632332510089,0.085800255999024,"Sox4",0.123535125450596,0.0262632332510089
0.0632275710640188,0.0890527503147051,-0.0262381203265303,0.0861004275233608,"Trim25",0.123945071842025,0.0262381203265303
0.109031379965919,0.136301225075535,0.0262296566957251,0.0862017830732484,"Wrb",0.12406871881251,0.0262296566957251
0.21973748667718,0.317717629100227,-0.0262219023654818,0.0862947290026841,"Adamts5",0.12418021978435,0.0262219023654818
0.316555084479011,0.391663670533918,0.0262172585442705,0.0863504300868959,"Fcf1",0.124238094139726,0.0262172585442705
0.368591164565082,0.448858519393202,0.026201998295279,0.0865336761377909,"Mfap3l",0.12447942225343,0.026201998295279
0.296466913485119,0.364977943066921,-0.0261953550289498,0.0866135469209578,"BC005624",0.124571984315068,0.0261953550289498
0.196056628845772,0.262339906034889,-0.0261875231502029,0.0867077845938066,"Rab13",0.124685172684714,0.0261875231502029
0.0831797269466691,0.119829679374022,-0.026143687586171,0.0872367682244064,"Raph1",0.125423370047059,0.026143687586171
0.203969011258846,0.256790688259801,0.0261111828941766,0.0876306956211885,"Pdlim7",0.125967162605592,0.0261111828941766
0.576562017348464,0.627827778442896,0.0260897511763896,0.0878912124195431,"Sf3b5",0.12631253637586,0.0260897511763896
0.31078163008829,0.382583392853646,0.026088828426767,0.0879024430611669,"Ergic2",0.12631253637586,0.026088828426767
0.249493780084305,0.366342304381452,0.0260505726059178,0.0883690678463835,"Usp6nl",0.126960322363363,0.0260505726059178
0.480530006458168,0.552499037543969,0.0260413656530235,0.0884816670062649,"Ccdc124",0.127099336924144,0.0260413656530235
0.10582787681842,0.147763797036984,-0.0260350481515293,0.0885589956194779,"Golga1",0.127169630659421,0.0260350481515293
0.178304682509963,0.22332806967963,0.0260347782837854,0.0885623001152597,"Exoc7",0.127169630659421,0.0260347782837854
0.144788296472475,0.202910615843891,-0.0260143737232444,0.0888124391981366,"Wdr82",0.127505996086214,0.0260143737232444
0.242051114740432,0.325533982933875,0.0260110434074107,0.0888533194409282,"Arcn1",0.127541866761003,0.0260110434074107
0.257183201542295,0.332187108921315,0.0259967104485555,0.0890294321795894,"Txnl4a",0.127753425001579,0.0259967104485555
0.0910667680819677,0.1363301771242,0.0259964571998602,0.089032546436793,"Lrrc45",0.127753425001579,0.0259964571998602
0.173593119179018,0.263010283751363,0.0259826600641029,0.0892023456072041,"Rexo1",0.127974185795138,0.0259826600641029
0.080119228711143,0.117865937955672,-0.0259784124028261,0.0892546733681176,"Tex10",0.128026367376792,0.0259784124028261
0.0915715634676174,0.118879896244733,-0.0259737535030889,0.089312095673341,"Kctd2",0.128085836583179,0.0259737535030889
0.0985121306177775,0.120325981603993,-0.0259500229500518,0.0896050434509255,"Atp6v0a2",0.128483000116195,0.0259500229500518
0.122801107384767,0.207256078278578,-0.0259475147915101,0.0896360511851787,"Ddx23",0.128504497893492,0.0259475147915101
1.70219341587373,1.35885155043574,0.0259456201403013,0.0896594800079692,"H3f3a",0.128515124613066,0.0259456201403013
0.274065528432376,0.349775508110096,0.0259230872475013,0.0899384946436987,"Tmem219",0.128874135852131,0.0259230872475013
0.104555630376246,0.149300207211026,-0.025922798960741,0.0899420688898225,"Smim13",0.128874135852131,0.025922798960741
0.146304804747839,0.216554957177528,-0.025919961262548,0.0899772574302066,"Ubp1",0.128901537871805,0.025919961262548
0.0696032043914211,0.0907323338955902,0.0259130461951238,0.0900630532927167,"Smarcd2",0.129001417283249,0.0259130461951238
0.124578249369992,0.157065492610803,-0.0259071908136756,0.0901357529884339,"B4galt6",0.129082506153702,0.0259071908136756
0.109343560976334,0.14897547459997,0.0259015132809644,0.0902062896110192,"Mad2l2",0.129160468921988,0.0259015132809644
0.229399431083368,0.291238550946924,-0.0258924288744828,0.0903192449685834,"Kifap3",0.129286447519243,0.0258924288744828
0.0780107811351504,0.0912271154217212,0.0258918458150582,0.0903264986032997,"Gm17018",0.129286447519243,0.0258918458150582
0.0893607861618135,0.121014842368155,0.0258778846697224,0.0905003242229613,"Gpn1",0.129512145811493,0.0258778846697224
0.204464358119877,0.289560560808266,0.0258632477007286,0.0906828530698484,"Srpk1",0.129750216303934,0.0258632477007286
1.38300341601333,1.05187448884089,0.0258532005284712,0.0908083165678411,"Pfdn5",0.129892771849008,0.0258532005284712
0.3240383220981,0.405888637829954,0.0258526766998555,0.0908148616740943,"Ube2g1",0.129892771849008,0.0258526766998555
0.114031484697413,0.153879812196767,0.0258449345819621,0.0909116417172702,"Acyp1",0.129998871714294,0.0258449345819621
0.261952591074785,0.325536860651399,0.025844150783863,0.0909214441750519,"Vat1",0.129998871714294,0.025844150783863
0.264385936615471,0.32789220412397,0.0258408419790844,0.0909628346293528,"Cyp20a1",0.130034880645987,0.0258408419790844
0.0627282247110997,0.0888277446991992,-0.0258309982906303,0.0910860607255698,"Gm10561",0.130179244066697,0.0258309982906303
0.457646289893806,0.533177920038549,0.0258301833716094,0.0910962681249384,"Rbbp7",0.130179244066697,0.0258301833716094
0.182238991496116,0.231851771957734,0.0258151793623143,0.0912843676112189,"Ccndbp1",0.130424815831984,0.0258151793623143
0.470313592102389,0.55073846711202,0.0258053889241065,0.0914072747603497,"Anapc5",0.130577171564366,0.0258053889241065
0.0880120569598971,0.125745791795398,0.0258021160958259,0.0914483908171185,"Smc2",0.130605318545897,0.0258021160958259
0.112151776105064,0.15280196796934,-0.0258007573111379,0.0914654653928069,"Rab3gap1",0.130605318545897,0.0258007573111379
1.01655201267838,0.950733313980936,0.0257999342838717,0.0914758088519366,"Pcbp2",0.130605318545897,0.0257999342838717
0.841542078887187,0.819545591244949,0.0257818159571981,0.0917037505048672,"Mapk3",0.130907470921732,0.0257818159571981
0.0647533023148529,0.0918104706971263,0.0257574034669781,0.0920115986115081,"Bloc1s6",0.131323562301448,0.0257574034669781
0.160928864054211,0.218033746790089,0.0257258676265609,0.0924105020162585,"Gripap1",0.131869441255283,0.0257258676265609
0.0893170062300819,0.127252146832139,-0.0257214478986497,0.0924665188292502,"Manea",0.131925915200196,0.0257214478986497
0.0948557373839344,0.150933736948841,-0.0257175360543617,0.0925161213258624,"Igfbp5",0.131973219114439,0.0257175360543617
0.10703754222575,0.147920508307402,-0.0257085526785705,0.0926301120915389,"Cand1",0.132112339037061,0.0257085526785705
0.246877078104827,0.330954845667514,-0.0256952186264616,0.0927995167438275,"Ptbp2",0.132330428710231,0.0256952186264616
0.133549899532865,0.173128933683916,0.0256928056304148,0.0928301995983757,"Rab35",0.132350661261082,0.0256928056304148
0.101072488674181,0.150095915510405,-0.0256860118344615,0.0929166309752614,"Lyrm4",0.132450354760259,0.0256860118344615
0.156850284324933,0.200030471464238,0.025678199191274,0.0930161040437427,"Nelfe",0.132568600150443,0.025678199191274
0.258606771418048,0.333915858814375,-0.0256672568872097,0.0931555685723176,"Ogdh",0.132728572908732,0.0256672568872097
0.0872880389478354,0.123178344837849,0.0256667972098105,0.0931614310346431,"Myo1c",0.132728572908732,0.0256667972098105
0.103441939974387,0.144381376091662,0.0256436908183052,0.0934564982735216,"Hsf1",0.133125322589515,0.0256436908183052
0.152197656034777,0.198989226750471,-0.0256363468165378,0.0935504375487145,"Gmcl1",0.133235482941229,0.0256363468165378
0.149754845592108,0.191532443012208,-0.0256231162100263,0.0937198651851936,"Prr13",0.133453096405678,0.0256231162100263
0.0611622206094465,0.0819218212902338,-0.0256153601163771,0.0938193019965959,"Exoc6",0.133570986376985,0.0256153601163771
0.0712764334111935,0.104554418361527,-0.0256093151195682,0.0938968603695572,"Odf2l",0.133657691609957,0.0256093151195682
0.0635300882149075,0.0824571822256858,0.0255970881561471,0.0940538915830331,"Pygo2",0.133857471809553,0.0255970881561471
0.0792838513741008,0.111071981899117,-0.0255907282211188,0.0941356555804382,"BC065397",0.133950079868316,0.0255907282211188
0.0680489948843438,0.0982768353314105,0.0255873742305117,0.0941787977767378,"Fam210a",0.133966010097299,0.0255873742305117
0.336697317937852,0.409045493882231,0.0255872619628577,0.0941802421434279,"Klhdc2",0.133966010097299,0.0255872619628577
0.3299070652593,0.38522642832776,0.0255831339829985,0.0942333625257018,"Pfn2",0.134017812992951,0.0255831339829985
0.0820769878043135,0.108633586655723,-0.0255798417836911,0.0942757449817053,"Zfp931",0.134054328855786,0.0255798417836911
0.462836886920246,0.531548351324636,0.0255595601577232,0.0945371795496433,"Evi5",0.134402255263348,0.0255595601577232
0.186605188006176,0.272046359281906,0.0255301500783217,0.0949173133440828,"Snhg12",0.134918781624964,0.0255301500783217
0.492877469559518,0.564912561990456,0.0255260784460237,0.0949700367096758,"B230219D22Rik",0.134969814835005,0.0255260784460237
0.104289730833039,0.143076605188503,-0.0255247378213036,0.0949874015247185,"Rnf166",0.134970587893455,0.0255247378213036
0.37646153252731,0.450290181310565,0.0254933498040573,0.0953946907410862,"Tmed4",0.135508872519751,0.0254933498040573
0.626720790319415,0.699316913432055,-0.0254929411514504,0.0954000026002086,"Nol7",0.135508872519751,0.0254929411514504
0.0722902230197513,0.1074433468871,-0.0254864213835762,0.0954847816435846,"Snx30",0.135583079999511,0.0254864213835762
0.103623522776276,0.148249907024613,-0.0254858241036255,0.0954925513185503,"Xpo6",0.135583079999511,0.0254858241036255
0.414599480547839,0.472629716655987,0.0254850257675865,0.0955029372080301,"Ift20",0.135583079999511,0.0254850257675865
0.291976347270646,0.374659891677547,0.0254702591468267,0.095695205479383,"Nkain4",0.135832005796315,0.0254702591468267
0.07016754155783,0.112361108231878,-0.0254235701260896,0.0963051571537844,"Pcnt",0.1366736082423,0.0254235701260896
0.636448074390416,0.677528837193278,0.0253942706719657,0.0966895145894024,"Syf2",0.13719481256682,0.0253942706719657
0.53169159772861,0.596237274977884,-0.0253787802908078,0.0968932163152029,"Psph",0.137450119018016,0.0253787802908078
0.14586546224131,0.192673392362996,0.0253779834431956,0.0969037042977216,"Pdcl",0.137450119018016,0.0253779834431956
0.331543095608991,0.412056931245629,0.025373757623549,0.0969593390381077,"Actr1a",0.137504725422725,0.025373757623549
0.0625003576049638,0.085779893627245,0.0253558210521567,0.0971957659953819,"Pomk",0.137815661132169,0.0253558210521567
0.0987602246279112,0.130728831126202,0.0253348057394429,0.0974733606240537,"Nop9",0.138184849054312,0.0253348057394429
0.526571023780753,0.742185527805255,0.0253251243564262,0.0976014565176862,"Gsta4",0.138342004433477,0.0253251243564262
0.26755692920354,0.349114263342628,-0.025306017705548,0.097854654202454,"Stx4a",0.138676394440214,0.025306017705548
0.774370039942161,0.892332193190804,0.0252894251594711,0.0980749608344933,"Cadm4",0.138947627494572,0.0252894251594711
0.0993323618402751,0.169761535501163,-0.0252889949462024,0.0980806782314627,"Hspb1",0.138947627494572,0.0252889949462024
0.0863802036232316,0.132540614284176,-0.0252530130987999,0.0985598083023861,"Hirip3",0.139601747893795,0.0252530130987999
0.0697547192482651,0.107018604964303,-0.0252511985896084,0.0985840194895084,"Nqo2",0.139611396467317,0.0252511985896084
0.464996202231052,0.610599500444581,-0.0252489260584494,0.0986143488075534,"Strn3",0.139629704399472,0.0252489260584494
0.50523555710439,0.852125697466633,-0.0252473527823633,0.0986353501936705,"Sbspon",0.139634800627031,0.0252473527823633
0.155131629002767,0.221589641029341,-0.0252412166131572,0.0987172949535952,"Eps15l1",0.139726155355027,0.0252412166131572
0.178417574984482,0.248744354641086,-0.025234615301,0.0988055120681133,"Chd8",0.139826354291806,0.025234615301
0.148681504510256,0.210352056036345,-0.0252315801398047,0.0988460937720474,"Tmem87b",0.139839448001264,0.0252315801398047
0.210895466827391,0.267291280630682,-0.0252313164722788,0.0988496197735758,"Pacsin2",0.139839448001264,0.0252313164722788
0.63366890318945,0.921848249464451,0.0252243667586877,0.0989425938463772,"Fxyd3",0.139946302313296,0.0252243667586877
0.11466569814145,0.155657264556805,-0.0252214232074009,0.0989819940459262,"Cabin1",0.139977356401923,0.0252214232074009
0.176561006155986,0.22093574296594,0.0252097919225199,0.0991378042995833,"Polr2l",0.140172994132133,0.0252097919225199
0.519391972093921,0.557379867956694,0.0251908004441099,0.0993926306661049,"Fkbp8",0.140489424852886,0.0251908004441099
0.128317557924783,0.201913196505252,-0.0251896035667026,0.0994087077694048,"Hexim1",0.140489424852886,0.0251896035667026
0.0736190461204003,0.0982330727957008,0.0251892001677918,0.0994141269086097,"Zfp212",0.140489424852886,0.0251892001677918
0.148561285660706,0.189193341310058,0.0251814721046682,0.0995179888762696,"Eif2b5",0.140611435594856,0.0251814721046682
0.189500577969094,0.24725173814148,-0.0251469337937081,0.0999832274834046,"Herpud1",0.141224754840571,0.0251469337937081
0.186225976357452,0.224609819274743,-0.0251466344533042,0.0999872672294719,"Ppp4r3b",0.141224754840571,0.0251466344533042
0.147301081226038,0.167726116690806,-0.025113884027257,0.1004300367796,"Vamp7",0.141799597976892,0.025113884027257
0.184779062583106,0.258522226315532,0.0251126319235643,0.100446995559145,"Cnep1r1",0.141799597976892,0.0251126319235643
0.149791888648774,0.204762559164829,-0.0251126114744961,0.100447272544947,"Kpna3",0.141799597976892,0.0251126114744961
0.443827460772517,0.621047852765934,-0.0251095404383326,0.100488877116231,"Nid2",0.141833377305302,0.0251095404383326
0.15013249863729,0.200632308585074,0.0251050811836519,0.100549312888214,"Rnf6",0.141893719067011,0.0251050811836519
0.079630544356136,0.109160997178324,0.0250578074894617,0.101191790206988,"Nprl2",0.142748735361292,0.0250578074894617
0.125195242590239,0.160729947003821,-0.0250561284487747,0.101214669330939,"Dnaja3",0.142748735361292,0.0250561284487747
0.077662978616255,0.101399336735083,-0.0250559096082466,0.101217651622555,"Aldh3b1",0.142748735361292,0.0250559096082466
0.197330936486645,0.266148058632136,-0.0250540776258096,0.101242620062112,"Dcun1d1",0.142748735361292,0.0250540776258096
0.0830158553065065,0.116559709584925,-0.0250539654439038,0.101244149170129,"Dcaf10",0.142748735361292,0.0250539654439038
0.273508850842636,0.351184470612829,-0.0250489591465598,0.10131240678937,"Rfc1",0.142819879142288,0.0250489591465598
0.0833456764658233,0.135790902860821,0.0250448926282382,0.10136787809432,"Mthfr",0.142856511321395,0.0250448926282382
0.101299203346119,0.146857716080638,-0.0250444439539536,0.101373999933203,"Lrrcc1",0.142856511321395,0.0250444439539536
0.166990463544044,0.218832185699174,0.0250344508651704,0.101510424762972,"Stambp",0.143023643248128,0.0250344508651704
0.0656057588427861,0.091237961704478,-0.025019034838064,0.101721169691227,"Slc39a3",0.143273072676339,0.025019034838064
1.17246356780295,1.02818045052908,0.025018888828652,0.101723167377506,"Kif5b",0.143273072676339,0.025018888828652
0.187118437222102,0.245562309007059,0.0250156950481539,0.101766872176987,"Dhps",0.143309473911573,0.0250156950481539
0.0726378605184109,0.0975506332672954,0.0250125333651557,0.101810152461385,"Pde12",0.143345264669267,0.0250125333651557
0.107303714674477,0.142268967956736,-0.0250109646478855,0.101831632071369,"Zfp639",0.143350353638713,0.0250109646478855
0.0560419526759119,0.0715273642633258,-0.0250084135339994,0.101866570815924,"Elmod3",0.143374384182946,0.0250084135339994
0.090075229622372,0.128401077919037,0.0249968283267413,0.102025355901053,"Taf2",0.143572686031226,0.0249968283267413
0.115520455274325,0.146868799104271,0.0249883936159037,0.102141084596687,"Rcbtb2",0.143710338910015,0.0249883936159037
0.201434714311926,0.280137036320299,-0.0249829650814765,0.102215622182114,"Uso1",0.143789998665723,0.0249829650814765
1.48046412409467,1.20663135368576,-0.0249799621810553,0.102256872696138,"Anxa2",0.143822812710572,0.0249799621810553
0.448822256756204,0.504614795447445,0.0249696982388667,0.102397967340797,"Jkamp",0.143996019968902,0.0249696982388667
0.228136017854329,0.301431551602685,0.024949904485284,0.102670502025826,"Zwint",0.144353970256742,0.024949904485284
0.0940401357709031,0.120479664638891,-0.02494133629445,0.102788653798911,"Samd5",0.144494771913536,0.02494133629445
0.0806524812192561,0.1163426862264,-0.0249349202286989,0.102877199432911,"Arap1",0.144593912813046,0.0249349202286989
0.0688993850773446,0.103822501288931,-0.024899947559212,0.103360910316985,"Nr2c1",0.145248326511995,0.024899947559212
0.09773258367784,0.136798769418584,0.0248880658047825,0.103525658909893,"Rnf149",0.145454366502011,0.0248880658047825
0.109772764068023,0.165487711640863,0.0248653539462323,0.103841154795637,"Prcc",0.145872098403395,0.0248653539462323
0.0636337782524283,0.090226182514025,0.0248480851326913,0.104081550771806,"Atl2",0.146184205039903,0.0248480851326913
0.0798437412590161,0.102609266826081,0.0248361281895883,0.104248259978749,"Slc25a20",0.146392726298474,0.0248361281895883
0.0651940620594454,0.0923028177103978,-0.0248334107390931,0.104286177478416,"Hps5",0.146420347871707,0.0248334107390931
0.122944680815741,0.180435078197544,0.0248283236539115,0.104357188723778,"Atic",0.146494416081104,0.0248283236539115
0.157080676781944,0.198062909840023,0.0248242380573343,0.104414247860335,"A430005L14Rik",0.146548876129321,0.0248242380573343
0.314074842102428,0.388112371008106,0.0248099948482621,0.104613361165052,"Emc2",0.146802660018954,0.0248099948482621
0.0581370535262441,0.0770531591324688,0.0247910355298353,0.104878870919004,"Armcx2",0.147149512196902,0.0247910355298353
0.0796719024407307,0.118918740810471,-0.0247862500319694,0.104945972359051,"Ccdc88a",0.147217916470109,0.0247862500319694
0.0795209991806551,0.107402322226355,0.0247733692453916,0.105126753829559,"Plekhf2",0.14744573898416,0.0247733692453916
0.235046627975116,0.308012171115076,0.0247642856064116,0.105254390937083,"Fbxo9",0.147598957161684,0.0247642856064116
0.0873713380633531,0.112834268173633,0.0247444105401279,0.105534090592183,"Tysnd1",0.147965322892133,0.0247444105401279
0.213018563438493,0.275575873739377,-0.0247427950029485,0.105556851753084,"Maged2",0.147971379885875,0.0247427950029485
0.0734779759335411,0.101226206713522,-0.0247354520440139,0.105660355122092,"Slc41a1",0.148090600785969,0.0247354520440139
0.086629801722207,0.119798965189782,-0.024728297600414,0.105761278649894,"Stx2",0.148206164842254,0.024728297600414
0.210373148552853,0.282731618893038,0.0247076784526116,0.106052568480485,"Rnf19a",0.148588407453712,0.0247076784526116
0.314342142366472,0.395805106013983,0.0246933526745286,0.106255325097684,"Apopt1",0.14884649591198,0.0246933526745286
0.127386084550491,0.17283561757038,-0.0246910958657671,0.106287294317737,"Lpin1",0.148865290557781,0.0246910958657671
0.127208338538922,0.177290406707428,-0.0246517269649094,0.10684620872712,"Pcmtd2",0.14962198583358,0.0246517269649094
0.147616297807605,0.204618488013483,-0.0246486446275378,0.106890066304745,"Cebpg",0.149657283550736,0.0246486446275378
0.130939670999045,0.174359374278981,-0.024616854507068,0.107343230029108,"B9d1",0.150265540431535,0.024616854507068
0.216437783615941,0.255624725471898,0.0246107730210405,0.107430093854242,"Capza1",0.150360905823554,0.0246107730210405
0.273081722401868,0.327958990063455,0.0245890333518809,0.107741063689638,"Dgcr6",0.150769845665444,0.0245890333518809
0.22387378508767,0.302742332308677,-0.024558026508687,0.108185825859162,"Npepps",0.151365835517684,0.024558026508687
0.242473718838169,0.296061834438708,0.0245445699335954,0.108379298432448,"Fundc1",0.151610092507315,0.0245445699335954
0.249160247307362,0.366563532448155,-0.0245279525540054,0.108618593199955,"Golga4",0.151918353117734,0.0245279525540054
0.464744661213957,0.529222252728535,-0.0245247830471878,0.108664282372601,"Tsen34",0.15195576886681,0.0245247830471878
0.270795486188069,0.365872540715338,-0.0245147910224277,0.108808419209485,"Lima1",0.152130816472714,0.0245147910224277
0.281038328203828,0.392854014623583,0.0245007060017946,0.109011854992933,"Ckap4",0.152388697641689,0.0245007060017946
0.227376832558529,0.287028112134878,-0.0244975742843317,0.109057128523094,"Dnajb9",0.15240629022038,0.0244975742843317
0.0809864936030766,0.125849357437451,0.0244961399343488,0.109077869100534,"Bmp2k",0.15240629022038,0.0244961399343488
0.0809006426580737,0.105500762837557,-0.0244958942956328,0.109081421327971,"Plekha3",0.15240629022038,0.0244958942956328
0.469856035382824,0.515409239298415,0.0244944714413909,0.10910199928856,"Sar1b",0.152408503184438,0.0244944714413909
0.403768374545134,0.451335799168994,0.0244902154051977,0.109163570325121,"Tceal9",0.152467970111187,0.0244902154051977
0.190580949823837,0.247476359677567,0.0244886142838666,0.10918674046564,"Dcakd",0.152473791419474,0.0244886142838666
0.0621197451920544,0.0954197261647912,-0.0244796064315282,0.109317167328269,"Zfp426",0.152629363257705,0.0244796064315282
0.208879636100706,0.275502603044341,-0.0244446391858571,0.109824633658633,"Ep400",0.153311214418384,0.0244446391858571
0.297897642722369,0.373598900168711,0.0244326399701676,0.109999201982211,"Eri3",0.153528195634939,0.0244326399701676
0.153826313739198,0.192710763419174,0.0244140425979162,0.110270195360284,"Smim12",0.153879660447116,0.0244140425979162
0.331132600476444,0.420093664624599,0.0243877598558358,0.110654075568137,"BC005561",0.154388506756866,0.0243877598558358
0.201684860024239,0.246436015396867,0.024381882465432,0.11074006366701,"Babam1",0.154481618717679,0.024381882465432
0.122062293286078,0.177095077258619,0.0243775219855123,0.110803892957109,"Nit1",0.154543792297556,0.0243775219855123
0.119234625251015,0.15735169398741,0.0243740429883909,0.110854839808168,"Galnt11",0.154587979600406,0.0243740429883909
0.449912846843821,0.555725158236892,0.0243639567722427,0.111002648075307,"Paics",0.154767202112295,0.0243639567722427
0.0980428357970295,0.1356609850061,0.0243609418962512,0.11104685969987,"Sec23ip",0.154775765722285,0.0243609418962512
0.0704606062676048,0.10499442189827,-0.0243609072191348,0.111047368302991,"Ube3b",0.154775765722285,0.0243609072191348
0.837466135223957,0.893665474214542,0.0243521564960358,0.11117577238056,"Snx16",0.154927821740467,0.0243521564960358
0.110758425572819,0.146123386689707,-0.0243243016998133,0.111585280933391,"Cep164",0.155471487100109,0.0243243016998133
0.0601219108834444,0.0789839048338626,0.0243133785036473,0.111746193196576,"Sox12",0.155668655244674,0.0243133785036473
0.129472210719187,0.17756354323184,0.0242745921567063,0.112319043319503,"Wdr46",0.156439507654174,0.0242745921567063
0.244979345797517,0.343002256261294,-0.0242678559177793,0.112418768870173,"Fmr1",0.156551232456485,0.0242678559177793
0.0574445836725684,0.0760880719265782,-0.0242656522830011,0.112451407366761,"Mipep",0.156569511141922,0.0242656522830011
0.0663646970385924,0.100197540373169,-0.0242622722756973,0.112501483875875,"Wars2",0.156612058747402,0.0242622722756973
0.160951613256773,0.214179831157927,-0.0242544420006306,0.112617560859666,"Ncstn",0.156746454178311,0.0242544420006306
0.0910207023484912,0.115664595431569,0.0242492093972077,0.112695182225486,"Zfp444",0.156827287925304,0.0242492093972077
0.104001001906781,0.143780981163257,-0.0242470149094417,0.11272774819051,"Tcta",0.156845405146637,0.0242470149094417
0.0647990930317659,0.0883627963215677,0.0242391342474611,0.112844757507861,"Mrrf",0.156980987212739,0.0242391342474611
0.0648165768265087,0.0767192947078277,0.0242376672684753,0.11286654926008,"Trp53rka",0.156984085849001,0.0242376672684753
0.186570388552779,0.215701738025297,-0.0242262003633579,0.113037002678022,"Rtl8a",0.157193918455536,0.0242262003633579
0.0806695930153003,0.110902399367863,-0.0242193976093101,0.113138220149406,"Mr1",0.157307412663114,0.0242193976093101
0.203473045576881,0.261845010689195,-0.0242170612067476,0.113172999705684,"Rbm27",0.157312672731174,0.0242170612067476
0.345070084489068,0.415544501970439,0.0242165094860173,0.113181213818179,"Yif1b",0.157312672731174,0.0242165094860173
0.0608756249445805,0.0821737663063476,-0.0242009445492493,0.113413140802741,"Lmbr1",0.157607731520816,0.0242009445492493
0.056130208294272,0.0708792233441974,-0.0241908940590409,0.113563097934844,"Mknk1",0.157788796160898,0.0241908940590409
0.146137357958388,0.19286565185353,-0.0241678993598427,0.113906774763534,"Atf1",0.158236194716656,0.0241678993598427
0.374564936076258,0.486074087952547,0.0241667123108735,0.113924538494283,"Copb1",0.158236194716656,0.0241667123108735
0.099149007396621,0.206173856748502,-0.0241637147675262,0.113969405281485,"Fam101a",0.158247693416244,0.0241637147675262
0.551397027196827,0.669183880288453,0.0241635240255866,0.113972260749311,"Purb",0.158247693416244,0.0241635240255866
0.310824933182171,0.358874930034597,0.024155693852373,0.114089529555529,"Mrps16",0.158379353593807,0.024155693852373
0.0981752705466342,0.124267506784433,0.0241545571894993,0.114106560708599,"Thop1",0.158379353593807,0.0241545571894993
0.334459026286071,0.394246706688644,0.0241389217498727,0.114341036942758,"Srsf1",0.15867735738995,0.0241389217498727
0.5442674510027,0.615782923648669,-0.0241343254917679,0.114410036594065,"Drap1",0.158738310179222,0.0241343254917679
0.191857173818226,0.26373773991315,-0.0241333606768783,0.114424524685521,"Cwf19l2",0.158738310179222,0.0241333606768783
0.172454352992627,0.231536248320734,0.0241302174654038,0.114471734564779,"Poldip3",0.158776352315953,0.0241302174654038
0.0676916476330416,0.093542422422023,-0.0241206405376572,0.114615670971281,"Nuak1",0.158948521236357,0.0241206405376572
0.0702924325945723,0.100910942296584,0.0241069400305242,0.114821830168448,"Cdkn2aip",0.159206906043136,0.0241069400305242
0.1488713719816,0.195158500578444,-0.0240975227916523,0.114963705677768,"Cela1",0.159357391600454,0.0240975227916523
0.0624661804037074,0.0883063318660605,-0.0240970997499997,0.114970082250128,"Gpr19",0.159357391600454,0.0240970997499997
0.063768014403009,0.0890299731770242,0.0240905552879182,0.115068763376789,"Rabl2",0.159466624755675,0.0240905552879182
0.179090659032792,0.251340923338996,-0.024083017140123,0.115182510384627,"Cwc27",0.159596695445735,0.024083017140123
0.0782716042094652,0.117339281945379,-0.0240707135046442,0.115368356175402,"Gng7",0.159826603928077,0.0240707135046442
0.121977529796216,0.186490957304457,-0.0240683424303464,0.115404198207633,"Lum",0.159848659833945,0.0240683424303464
0.698135040399911,0.776667169917637,-0.0240526044119862,0.115642321795905,"Gsk3b",0.160150843992119,0.0240526044119862
0.0874993121679247,0.130534353752009,0.0240484311767751,0.115705529527349,"Swap70",0.160210728028895,0.0240484311767751
0.569555562781454,0.587526035137395,0.0240461399578815,0.115740243822797,"Dnajb6",0.160231145002437,0.0240461399578815
0.251585209842555,0.323805930651479,0.024037384817191,0.115872968498579,"Ext2",0.160387217393928,0.024037384817191
0.0604764284393729,0.0812212745131374,0.0240150126628817,0.11621266528505,"Cog6",0.16082966992881,0.0240150126628817
0.077603774356385,0.140838305742137,-0.0240078466771778,0.116321638222584,"Pde1c",0.160952720313505,0.0240078466771778
0.212502218476016,0.294478708854158,-0.0239985229318271,0.116463544274684,"Qrich1",0.161109644086129,0.0239985229318271
0.0797601377592429,0.0952440876610797,0.0239977571729302,0.116475205052796,"Slain1",0.161109644086129,0.0239977571729302
0.151448281943317,0.192669889817229,0.0239858630236075,0.116656443822689,"Diaph3",0.161332524169814,0.0239858630236075
0.127169218968228,0.170452523024825,0.0239830368146052,0.116699541120645,"Tpgs2",0.161364314656566,0.0239830368146052
0.18538006647823,0.23839522567694,0.0239753300283252,0.116817126620086,"Acly",0.161495385921906,0.0239753300283252
0.104623472004186,0.15604153715566,0.0239741862481266,0.116834585652625,"Acot7",0.161495385921906,0.0239741862481266
0.252504863063677,0.315956144636011,-0.0239011235223919,0.11795408967149,"Srsf9",0.16301474604272,0.0239011235223919
0.134623020172195,0.179057954469441,-0.023875822396755,0.118343721478252,"Ubap2",0.163525059607628,0.023875822396755
0.110523052247509,0.155461538084453,0.0238731877759832,0.1183843520014,"Gmeb1",0.163553037269152,0.0238731877759832
0.0885236039184114,0.12560598235527,0.0238687258130883,0.118453188322783,"Lmf2",0.163619966104666,0.0238687258130883
0.106796773264661,0.152942039048164,-0.0238266681800257,0.119103569401742,"Casp8ap2",0.164490024247776,0.0238266681800257
0.0662475014583545,0.0942491853068231,-0.0237924124523397,0.119635366083692,"Agtrap",0.165196038109713,0.0237924124523397
0.142226595207882,0.18553168072618,0.0237690029155774,0.119999851344615,"Tufm",0.165670820232139,0.0237690029155774
0.15715264482021,0.210932560568272,0.0237671578796537,0.120028615374337,"Amz2",0.16568154208171,0.0237671578796537
0.213862663254246,0.309285559204159,0.0237658560579157,0.120048913965985,"Trnt1",0.16568154208171,0.0237658560579157
0.177162797977463,0.227290678475531,-0.0237641061226109,0.120076203980215,"Atat1",0.165690706919561,0.0237641061226109
0.205736344876092,0.294235303092454,-0.0237625547587078,0.120100401359791,"Zfhx4",0.165695601876026,0.0237625547587078
0.181852825088962,0.22785901739773,0.0237603817854911,0.120134300700231,"Dcaf11",0.165713878084692,0.0237603817854911
0.334304408805965,0.404611172882879,0.0237585906162602,0.120162249360974,"Bola3",0.16572394102311,0.0237585906162602
0.250835907945712,0.342301102406192,-0.0237559631661883,0.120203256208628,"Kif3a",0.165752006842761,0.0237559631661883
0.0610398480738493,0.0844985928402273,0.0237235186778635,0.120710523388096,"Ndufaf5",0.166422893413416,0.0237235186778635
0.0809472458597831,0.114673343712518,-0.0237147523158087,0.120847871803668,"Pip4k2c",0.166583632254361,0.0237147523158087
0.0844050600103721,0.119529245538416,-0.023712684797681,0.120880282792277,"Fbxl12",0.166599688960019,0.023712684797681
0.09016277337923,0.122445162141979,-0.0237067552049281,0.120973274450599,"Pard6g",0.166691044371581,0.0237067552049281
0.607895650921585,0.635180014150792,0.0237058091696062,0.120988115954647,"Rab18",0.166691044371581,0.0237058091696062
0.189780885703508,0.233033599960071,0.0236982997943464,0.121105974366135,"Rpp25l",0.166824779109677,0.0236982997943464
0.354422999996173,0.419301168117185,-0.0236921570114639,0.121202451083841,"Mcee",0.166929019481074,0.0236921570114639
0.168542698635039,0.22755466133436,0.0236892139549026,0.121248695143764,"Med6",0.166964051799136,0.0236892139549026
0.0643877876477536,0.0857698092603584,0.0236830620286275,0.121345404530715,"Vhl",0.167068552840504,0.0236830620286275
0.0885848074896844,0.116656588062834,-0.0236665213502829,0.121605726062311,"Srpx",0.167398240851601,0.0236665213502829
0.0675906724636941,0.0928296870370198,0.023662139174903,0.12167476698637,"Haus1",0.167464550651567,0.023662139174903
0.154861614534452,0.196335213088456,-0.0236563665348689,0.121765761362247,"Slc39a6",0.167535104587874,0.0236563665348689
0.0880123443169466,0.121619362473189,0.0236562380118742,0.121767787880917,"Tspyl1",0.167535104587874,0.0236562380118742
0.244423930691789,0.367063917609464,0.0236290895358119,0.122196449519622,"Mamdc2",0.168096058794007,0.0236290895358119
0.150893203407071,0.212989842772601,0.0236258209377874,0.122248138563087,"Rangap1",0.168120184795797,0.0236258209377874
0.104097439763154,0.135749038509644,0.0236250903654426,0.122259694043088,"Bambi",0.168120184795797,0.0236250903654426
0.0680800605038401,0.0938574472826136,-0.0236240061753816,0.122276844275707,"Phf1",0.168120184795797,0.0236240061753816
0.0804257683739028,0.110392437672796,-0.0236011782347425,0.122638384046071,"Tmem218",0.168588383345155,0.0236011782347425
0.232963330049302,0.260184403624531,0.0235935314932127,0.122759676564228,"Cenpx",0.168726215270875,0.0235935314932127
0.173895955783268,0.218033377351431,-0.0235907681960715,0.122803530984754,"Smo",0.168757583939316,0.0235907681960715
0.195501101062649,0.31276513371406,-0.0235863382470543,0.122873861235876,"Foxo3",0.168805709600072,0.0235863382470543
0.0841977870416554,0.115856476525457,0.0235859122007413,0.122880626841229,"Uckl1",0.168805709600072,0.0235859122007413
0.150188817586272,0.190959425897025,0.0235551904326734,0.123369254959507,"Acot9",0.169447946216207,0.0235551904326734
0.123193033431764,0.161477236665348,-0.0235488211589699,0.123470747462193,"Marveld1",0.169558322374917,0.0235488211589699
0.0655323674755555,0.0838057437426324,-0.0235349011376244,0.123692785722144,"5430405H02Rik",0.169813025900028,0.0235349011376244
0.0712611343461216,0.105684955979392,-0.0235345402482635,0.123698546408981,"Tars2",0.169813025900028,0.0235345402482635
0.204007901668646,0.286750096364088,-0.0235222747726329,0.123894458225136,"Bst2",0.170048700141858,0.0235222747726329
0.340228354767248,0.436151065357399,0.0235211393648993,0.123912605898485,"Msn",0.170048700141858,0.0235211393648993
0.0702199441299592,0.098271957135832,-0.0235123252101499,0.124053556581457,"Pip4k2b",0.170213019495487,0.0235123252101499
0.225035777620222,0.309272795729895,0.0235064715317,0.12414723418719,"Dnajc5",0.170312430692087,0.0235064715317
0.082030510318963,0.0917485445342154,0.0234968548881926,0.124301251050861,"2810013P06Rik",0.170478131315586,0.0234968548881926
0.19798960020282,0.265832773055687,0.0234962769562094,0.12431051175567,"Impad1",0.170478131315586,0.0234962769562094
0.263204416929337,0.381382850152791,-0.0234877326757214,0.124447486950389,"Aebp1",0.170636813959316,0.0234877326757214
0.0691312622091477,0.103820509108748,0.0234842099854107,0.124503994205882,"Mrps27",0.170685127201094,0.0234842099854107
0.82004359230019,0.926120836691506,0.0234763407569223,0.124630296268659,"Fbln5",0.170829090751575,0.0234763407569223
0.269959652334752,0.349111728852644,-0.0234745308551103,0.124659359534549,"Ifngr1",0.170839743963317,0.0234745308551103
0.164505593597609,0.218808471980081,0.0234587409443339,0.124913136893059,"Mrpl10",0.171158300961391,0.0234587409443339
0.390550042943176,0.497374898173669,0.0234411344406722,0.125196585384349,"Os9",0.171517398177226,0.0234411344406722
0.151314905815033,0.225690877993216,0.0234346343172436,0.125301357967046,"Mtif2",0.171631631329391,0.0234346343172436
0.0687561321710268,0.104155844412714,0.0234192665036302,0.125549336567279,"Edc3",0.17194194856048,0.0234192665036302
0.187260431300239,0.250058497098229,-0.0233901724377433,0.12601985194976,"Arid4a",0.172556875775576,0.0233901724377433
0.0801910875512346,0.111512744638442,0.0233850057647838,0.126103551857204,"Rfc3",0.172638606232743,0.0233850057647838
0.171321767482401,0.23569552722836,-0.0233838321129634,0.126122571004031,"Ppp2r2d",0.172638606232743,0.0233838321129634
0.0848822211072819,0.116060579377452,-0.0233772265916523,0.126229655807492,"Lmbr1l",0.172755715196881,0.0233772265916523
0.542881234432898,0.631424361183492,0.0233606301815284,0.126499019326359,"Ube2k",0.173094838177815,0.0233606301815284
0.0691432601088246,0.0888320102245055,0.0233420723995713,0.126800745939491,"Lrrc75a",0.173470858231069,0.0233420723995713
0.699178361148327,0.724579440822294,-0.0233402331763062,0.126830679912589,"Mtch1",0.173470858231069,0.0233402331763062
0.164519833936498,0.238453770115459,-0.0233397420165842,0.126838674631316,"Dnm1l",0.173470858231069,0.0233397420165842
0.255328636360788,0.348244734310711,0.0233245881547367,0.127085530225185,"Lars",0.173778850464704,0.0233245881547367
0.111163991212353,0.230922337252709,0.023322672556829,0.127116761802173,"Gbas",0.173791940143233,0.023322672556829
0.169076736096521,0.235245493965339,0.0233117961417411,0.127294202194102,"Topors",0.174004885588667,0.0233117961417411
0.322315687082262,0.432894391095587,0.0233064092995341,0.127382155708632,"Ggct",0.174095455187542,0.0233064092995341
0.156958461271131,0.200576062303205,0.0232944624309726,0.127577386506343,"Minpp1",0.174332586738231,0.0232944624309726
0.152875933929621,0.204833833732607,-0.0232802898687386,0.127809290305181,"Insig2",0.174619742109445,0.0232802898687386
0.163563468673386,0.220171938565663,-0.0232493926048517,0.128315994130179,"Cnot6l",0.175282181971494,0.0232493926048517
0.0835317222423777,0.116891035637371,0.0232367823119498,0.128523246339468,"Cog1",0.175535409128152,0.0232367823119498
0.198198520976584,0.261413545933153,-0.023234730246691,0.128556996955686,"Upf2",0.175551624161406,0.023234730246691
0.367649752573597,0.42570055390475,0.0232277124757888,0.128672471297931,"Naa20",0.175679412913833,0.0232277124757888
0.108670241373189,0.160070324702186,-0.0232241090493236,0.12873179540021,"Spast",0.175706137730602,0.0232241090493236
0.0795806994450587,0.104299912324778,-0.0232238633948889,0.128735840443446,"Anxa11",0.175706137730602,0.0232238633948889
0.0955383465279098,0.128416443263802,0.023217797708857,0.128835751753109,"Lsm10",0.175812597290297,0.023217797708857
0.134577129505459,0.197112004649485,-0.0232085326702416,0.128988477632247,"Slc38a9",0.175991080517114,0.0232085326702416
0.105008681487449,0.151414106894806,0.0232010681373318,0.129111626025916,"Frem1",0.176129154578706,0.0232010681373318
0.10071045941979,0.146870568041471,-0.0231935694715892,0.129235429442629,"Kdelr3",0.176268075105839,0.0231935694715892
0.0942336485789791,0.135532874547532,-0.023189535747339,0.129302064586353,"Inpp4a",0.176328988144272,0.023189535747339
0.190930338787605,0.417448055012509,0.0231427038925553,0.130077657851837,"Gm26924",0.177356521088045,0.0231427038925553
0.265889613674069,0.331850625141401,0.023090902066703,0.130939759146588,"Clstn1",0.178487980846234,0.023090902066703
0.18527107700479,0.254182636001824,0.0230901692291821,0.130951986944389,"Med19",0.178487980846234,0.0230901692291821
0.0797345216004794,0.108838202005867,-0.0230888052317958,0.130974748349544,"Tesk1",0.17848868559048,0.0230888052317958
0.110779094933599,0.163001125009132,0.0230849729717972,0.131038714756181,"Mbip",0.178517065008267,0.0230849729717972
0.102571439343684,0.135266084593275,-0.0230848918596916,0.131040068905619,"Tbcel",0.178517065008267,0.0230848918596916
1.23965449868721,1.18639379607165,0.0230664924546717,0.131347523501997,"Itgb1",0.178865988512271,0.0230664924546717
0.138719439466931,0.277989034696231,-0.0230663673654222,0.131349615658685,"Prph",0.178865988512271,0.0230663673654222
0.113088796223236,0.144413081283811,0.0230655629975463,0.131363069579115,"Trim32",0.178865988512271,0.0230655629975463
0.192390899018543,0.240289791913947,0.0230479123554465,0.131658564529157,"Ptbp1",0.179237923614176,0.0230479123554465
0.404232551403133,0.496155144954159,0.022995448271251,0.132539923052729,"Tia1",0.180407182794758,0.022995448271251
0.247088641824658,0.304205911499124,0.0229883618476924,0.132659319159077,"Tiprl",0.180539073428161,0.0229883618476924
0.213109175971129,0.274359008769966,-0.0229794632870542,0.132809365082516,"Otud6b",0.180711148115481,0.0229794632870542
0.102105210973633,0.140200640602914,-0.0229781926206537,0.132830801543508,"Gpr155",0.180711148115481,0.0229781926206537
0.134980489945193,0.179951171671691,-0.0229446084167461,0.133398346795552,"Zdhhc21",0.181452506304037,0.0229446084167461
0.0583232566341805,0.0779601833453655,-0.0229289767286902,0.133663148338571,"0610009L18Rik",0.181781881740456,0.0229289767286902
0.308874077377357,0.400169363769391,-0.0229033617136926,0.134097946597524,"Id4",0.182342301897735,0.0229033617136926
0.107321816955852,0.147480949123679,-0.0228940657648725,0.134256009444073,"As3mt",0.182526299522068,0.0228940657648725
0.212811916789396,0.323554944217869,-0.0228840605371633,0.134426293334078,"Lgi1",0.182726846978255,0.0228840605371633
0.135437675238785,0.191850298885906,0.0228712653215234,0.134644304587512,"Msl3",0.182992191736144,0.0228712653215234
0.387953451777192,0.455695123944153,0.0228537751124331,0.134942753345678,"Clpp",0.183366749000123,0.0228537751124331
0.192753364474388,0.271226701186781,-0.0228385425863289,0.135203093682574,"Ppil4",0.183689404623937,0.0228385425863289
0.0942612667801504,0.128254920953677,-0.0228286745534346,0.13537195598271,"Ints4",0.183887688302906,0.0228286745534346
0.523713284699703,0.590712998198491,0.0228271790450639,0.135397561406671,"Dars",0.183891339324158,0.0228271790450639
0.0958587243275304,0.157987631565695,-0.0228249627099525,0.135435515381446,"Serping1",0.183910582845496,0.0228249627099525
0.0813244581862623,0.122357335188702,-0.0228236750220412,0.135457570366012,"Tmem127",0.183910582845496,0.0228236750220412
0.0773442151706259,0.104147230565583,-0.0228113833830357,0.135668236071837,"Ppp2r5b",0.184165441759502,0.0228113833830357
0.113346083068038,0.130396199685075,0.0228079057775275,0.135727884439063,"2010320M18Rik",0.184215247756942,0.0228079057775275
0.253574394266942,0.355811065396092,-0.0228047858730386,0.135781414697082,"Sfswap",0.184256734572872,0.0228047858730386
0.139893258262499,0.210714800701103,-0.0227977802176243,0.135901674730971,"Senp2",0.184388745018822,0.0227977802176243
0.193352165774057,0.278915834458032,0.0227685916316612,0.136403615026121,"Clint1",0.185038479622924,0.0227685916316612
0.456364844647482,0.573030243287173,-0.0227660717040018,0.13644701584235,"Clk1",0.185066067464336,0.0227660717040018
0.127796307856968,0.176235233555492,-0.0227583476565533,0.136580113804749,"AI413582",0.185215283618271,0.0227583476565533
0.334895302751867,0.437699655434923,-0.0227465533002116,0.136783543044953,"Pik3ip1",0.185459808954495,0.0227465533002116
0.188442894577503,0.24697019850461,-0.0227328989690698,0.137019344960094,"Ssh1",0.185748137178542,0.0227328989690698
0.403614049450891,0.466206357698494,0.0227282742356461,0.137099282293745,"Acaa1a",0.185825108298144,0.0227282742356461
0.058694439603446,0.0824900851331058,-0.0227178612304138,0.137279400056529,"Bbs4",0.186033792279756,0.0227178612304138
0.108749135072606,0.170013912747681,0.0227166931662328,0.137299615887427,"Fam184a",0.186033792279756,0.0227166931662328
0.097699446450036,0.129755402696175,0.0227151110553499,0.137327001335228,"Ptcd3",0.186039483152773,0.0227151110553499
0.396678191400538,0.498461212838218,-0.0227099375562708,0.137416581088284,"Actn4",0.186107933756088,0.0227099375562708
0.146189062353315,0.187721256394763,-0.0227082516144496,0.137445783101242,"Fance",0.186107933756088,0.0227082516144496
0.110907094519382,0.151863654222982,0.022708174979639,0.137447110598028,"Hoxb7",0.186107933756088,0.022708174979639
0.277686097887944,0.338700214617995,0.0226811541671242,0.137915791586063,"Rchy1",0.186711036221793,0.0226811541671242
0.146221752034771,0.192082313893294,0.0226738009652583,0.138043547144009,"Cisd3",0.186852466647019,0.0226738009652583
0.0694578767916108,0.113141053380116,-0.0226570090009458,0.13833563491693,"Tgfbi",0.187216248030603,0.0226570090009458
0.695684600138261,0.730648177476796,-0.0226401395201058,0.138629550159123,"Cotl1",0.187582379507049,0.0226401395201058
0.130699273378828,0.198080812844755,-0.0226164974982867,0.139042271599453,"Nf2",0.188108887050384,0.0226164974982867
0.119361561878531,0.17113006734039,0.0226151660401109,0.139065543118504,"Spty2d1",0.188108887050384,0.0226151660401109
0.104861886009017,0.155987781632099,-0.022596221035822,0.139396992992563,"Larp1b",0.188525446110286,0.022596221035822
0.284074972109405,0.355801304387693,0.0225930749535633,0.13945209367843,"Pak1ip1",0.188568183295538,0.0225930749535633
0.154195250735982,0.22102740418923,-0.0225743822902278,0.139779823859595,"Usp7",0.188979495644379,0.0225743822902278
0.351198478906996,0.425391980281219,0.0225724324944938,0.139814042860209,"Prkcd",0.188993915079232,0.0225724324944938
0.339014565191196,0.391449011820798,0.0225698880631187,0.139858707433575,"Rraga",0.189022447102409,0.0225698880631187
0.0571613058695416,0.0779658688525185,0.0225664963579797,0.139918261990973,"Poc5",0.189067234044208,0.0225664963579797
0.061788477890936,0.088122484376164,-0.0225653172169386,0.139938970960687,"Zbtb37",0.189067234044208,0.0225653172169386
0.0855482487389695,0.120018563853056,-0.0225505831750551,0.140197940208776,"Gak",0.189385231016031,0.0225505831750551
0.0845096379864118,0.0910798339909859,0.0225430083356395,0.140331220859801,"Tmem263",0.189533364110258,0.0225430083356395
0.10995595238162,0.155153923464878,-0.0225163913260785,0.140800324604382,"Nt5c3b",0.190134938509855,0.0225163913260785
0.345829591098963,0.413729396455491,0.0225033172987979,0.14103118495016,"Ss18",0.190414643789346,0.0225033172987979
0.141526012047927,0.187389867603531,0.0224914776851985,0.141240498969784,"Unc119b",0.190665168864998,0.0224914776851985
0.15170254518402,0.196875650211197,-0.0224848887587003,0.141357088759444,"Pank3",0.190790459244034,0.0224848887587003
0.055890349067606,0.0743993429947647,-0.0224728570766068,0.141570177813734,"Zfp84",0.191045931176825,0.0224728570766068
0.0667405027709544,0.0891709071198826,-0.0224633418472533,0.141738873469505,"Socs6",0.191241419323912,0.0224633418472533
0.286790781215244,0.354407506584312,0.0224522448980714,0.14193580641204,"Rpp21",0.191474934541058,0.0224522448980714
0.102708760051032,0.139822503927126,-0.0224370885504397,0.142205119155696,"Usp40",0.191805996991982,0.0224370885504397
0.327613873917139,0.433452680867497,-0.0224320096268452,0.142295454111291,"Arhgap31",0.191895583830084,0.0224320096268452
0.0844677068675496,0.122190098812877,0.0224254713977347,0.142411809467307,"Nbl1",0.19202022503204,0.0224254713977347
0.101195028445977,0.128053244058908,-0.0224188148410104,0.142530345603951,"Telo2",0.192147764302101,0.0224188148410104
0.758103888556012,0.795688563473709,-0.0224110441108867,0.142668818071006,"Eif4a2",0.192297347762856,0.0224110441108867
0.102049691368962,0.145117824082408,-0.0224098048086176,0.142690911668722,"Snap47",0.192297347762856,0.0224098048086176
0.069714392873094,0.100493604470291,-0.0224085548082779,0.142713198645041,"Zfp74",0.192297347762856,0.0224085548082779
0.820977502602924,0.778399599240008,0.0224054056400689,0.142769358820593,"Ndufb10",0.192340721151182,0.0224054056400689
0.0677778808815378,0.0953932758075078,-0.0223730052946194,0.143348150166802,"Pofut1",0.193079234908577,0.0223730052946194
0.308664916712988,0.407780310454184,0.0223717900113555,0.143369894632022,"Cyp51",0.193079234908577,0.0223717900113555
0.101795806263698,0.135081174628981,-0.022370681777225,0.143389725924752,"Ano10",0.193079234908577,0.022370681777225
0.0647834832390801,0.100650444169336,-0.022351634445905,0.143730897202696,"Katnal1",0.193506160931952,0.022351634445905
0.378149773847451,0.528990750793899,0.0223473067088355,0.143808501292797,"Ldlrad3",0.193578160438417,0.0223473067088355
0.0625067291241737,0.0867432403263541,0.0223286218717336,0.144143922687487,"Erlin2",0.193997121040656,0.0223286218717336
0.141696423313436,0.202272249055757,-0.0223180121032467,0.144334650945659,"Ifnar1",0.194221237495886,0.0223180121032467
0.108895793194078,0.139655772459593,0.0223075504468698,0.144522905920779,"Etfdh",0.194441951225407,0.0223075504468698
0.074109197807999,0.11516214008297,-0.0222904557435653,0.14483092570514,"Hmgn5",0.194823696204198,0.0222904557435653
0.0925741386708817,0.12961033126607,-0.0222801110450238,0.145017565011323,"Unk",0.19504206195958,0.0222801110450238
0.911945964920564,0.882565589084062,0.0222328990518174,0.145871704100375,"Rap1a",0.19615796106945,0.0222328990518174
0.0732505713128586,0.0966545715484731,-0.0222247008382162,0.146020414124922,"Eri1",0.196325034004419,0.0222247008382162
0.094036619236953,0.123623216422927,0.0221911123149459,0.146630898443324,"Gtf2h4",0.197085832161984,0.0221911123149459
0.111940932671481,0.144511971466449,-0.0221908652555313,0.146635396062692,"Tmem175",0.197085832161984,0.0221908652555313
0.123415441974761,0.165531608582095,0.0221799069988724,0.14683499293758,"Glb1",0.19732104895849,0.0221799069988724
0.269608546067585,0.378536040050191,0.0221603870230675,0.147191049913813,"Tacc2",0.1977425733456,0.0221603870230675
0.133494788456445,0.183313868946408,0.0221600088273313,0.14719795495928,"Kpna1",0.1977425733456,0.0221600088273313
0.350022590267746,0.453292174034042,0.022150904319954,0.147364258527125,"Ubtf",0.197932844061207,0.022150904319954
0.190387130798367,0.26565137123436,0.0221123620968218,0.148069864304665,"Bmp1",0.198847295595084,0.0221123620968218
0.204708768944721,0.278642958034476,-0.0221053100494435,0.148199247356532,"Aggf1",0.19897116153476,0.0221053100494435
0.509093486069252,0.637389215788708,-0.0221034906218685,0.148232642178102,"1700025G04Rik",0.19897116153476,0.0221034906218685
0.127136911813216,0.188124323749897,-0.0221032809500904,0.148236490983898,"Znrf3",0.19897116153476,0.0221032809500904
0.11677767397329,0.156047814248313,0.0220904528809842,0.148472112526896,"Bin1",0.199254094483327,0.0220904528809842
0.138472812874871,0.177313349987744,-0.022050693067319,0.149204223667649,"Emsy",0.200203125536658,0.022050693067319
0.0782266539054148,0.11664438604275,-0.0220491379575807,0.149232914309665,"Rrm2b",0.200207649947388,0.0220491379575807
0.0782297039288319,0.106520570431945,0.0220478056503718,0.149257497754895,"Noa1",0.200207649947388,0.0220478056503718
0.0774890862067178,0.118517194035223,-0.0220346505840816,0.149500398088918,"Terf2",0.200499948899462,0.0220346505840816
0.0701050302711696,0.0924528710778565,0.0220164241950976,0.149837435451344,"Abcd4",0.200918379355211,0.0220164241950976
0.199250389429439,0.248837523292311,0.0219741266386658,0.150621822379334,"Ccz1",0.201936424857439,0.0219741266386658
0.101130040658662,0.132404692198835,0.0219647756277533,0.150795653770411,"Sorbs3",0.202135704285629,0.0219647756277533
0.134081729546477,0.175684910518728,0.0219509792060765,0.15105240255742,"Pex3",0.202446046120049,0.0219509792060765
0.173519081537854,0.237167783604415,0.0219442701993402,0.151177376172508,"Ctbp2",0.202579703808985,0.0219442701993402
0.266312933624801,0.360200801998408,-0.0219392902979147,0.151270191379775,"Pdlim5",0.202670231362717,0.0219392902979147
0.0697959137094906,0.101157411667547,0.021935712166886,0.151336907234615,"Abtb1",0.202725766886569,0.021935712166886
0.111828538034676,0.149538179947977,0.0219324470411772,0.151397806516397,"Them4",0.202773493488161,0.0219324470411772
0.155948283485343,0.199630871521188,0.0219150214640869,0.151723134149629,"Zdhhc4",0.203175305142961,0.0219150214640869
0.0724003135808712,0.099182870807192,0.0218791871442301,0.152393816820335,"Shkbp1",0.204029167821036,0.0218791871442301
0.158425484919841,0.213579242806284,0.0218782376099101,0.152411619132513,"Cul4a",0.204029167821036,0.0218782376099101
0.152100052651605,0.205609000224533,-0.0218757367795135,0.152458513438217,"Ttc5",0.20405790022156,0.0218757367795135
0.0813264844009653,0.102837472324697,-0.0218736071556756,0.152498455719879,"Lnpk",0.204077319662494,0.0218736071556756
0.101190670978864,0.13090142276067,-0.0218587816072007,0.152776737795072,"Twf2",0.204415631827189,0.0218587816072007
0.121677408409658,0.171099085953872,-0.0218422966569194,0.153086620894074,"Baz2a",0.204796106377801,0.0218422966569194
0.284551641265972,0.427085584046662,0.0218398736443659,0.153132208796461,"Ezh2",0.204822944387866,0.0218398736443659
0.148905403271853,0.176260789927319,-0.0218340296164587,0.153242204050728,"Ppp4r3a",0.204935907550507,0.0218340296164587
0.080801143779561,0.105534474846101,0.0218311793081232,0.153295873836431,"Mthfd1",0.204973519690638,0.0218311793081232
0.388418910347323,0.496974399551382,-0.0218189314142274,0.153526657790264,"Stard3",0.205247901051163,0.0218189314142274
0.185598604262842,0.252465613453826,-0.0218010864603423,0.15386337828456,"Rtn1",0.205663792662887,0.0218010864603423
0.0653678240457242,0.0820916552902663,-0.0217862954931785,0.15414289749718,"Diaph1",0.205949276651171,0.0217862954931785
0.0701594966592828,0.101778880789967,0.0217862627598701,0.154143516517689,"Lrwd1",0.205949276651171,0.0217862627598701
0.314722989145559,0.400726888866272,0.0217857106602734,0.154153957573147,"Peli1",0.205949276651171,0.0217857106602734
0.151323654135205,0.217063350864847,-0.0217744319372814,0.154367373249465,"Exosc10",0.206200067080691,0.0217744319372814
0.093728563640185,0.136262962380814,-0.0217532623836044,0.154768548738546,"Lats1",0.206701537130175,0.0217532623836044
0.145639494600139,0.199276417067449,-0.0217482175387646,0.154864268213142,"Copg2",0.206794955590324,0.0217482175387646
0.0903102614915937,0.128878932731105,-0.0217333936005755,0.155145793540477,"Tango2",0.207136413871678,0.0217333936005755
0.284201493814523,0.371291470342544,0.0217206088073747,0.155388904757943,"Fdft1",0.207426480082804,0.0217206088073747
0.0672288264174681,0.0912474801910914,-0.0217141064400489,0.155512662385988,"Fig4",0.207557152858478,0.0217141064400489
0.118840159378883,0.157585336359566,0.021709702764459,0.155596518704192,"Cul2",0.207634536185338,0.021709702764459
0.0601175903085347,0.07574956451592,-0.0217036396437755,0.155712030881747,"Pgm1",0.207743820943556,0.0217036396437755
0.227734635269112,0.298717685129201,0.021702686548716,0.155730194787574,"Tmem9",0.207743820943556,0.021702686548716
0.0645573643424296,0.0977185112324127,0.0216816286206238,0.156131923021589,"Chpf2",0.208245104774805,0.0216816286206238
0.242406493675296,0.322644309755824,0.021672066532372,0.156314601021056,"Brd8",0.208454106463845,0.021672066532372
0.177557425984674,0.23410645296998,-0.0216616173130891,0.156514412399626,"Rfc2",0.208685883199501,0.0216616173130891
0.0725548839110145,0.10759841785979,0.0216448566870858,0.15683531565137,"Aldh3a2",0.209057190664994,0.0216448566870858
0.184922392484266,0.236851665982473,0.0216443512315853,0.15684500097249,"Nt5c3",0.209057190664994,0.0216443512315853
0.105711260678164,0.139727889718629,0.0216277284255805,0.157163772690752,"Rabif",0.209447286508984,0.0216277284255805
0.503260409121908,0.559842213911016,0.021624114949809,0.157233132390779,"Rab34",0.209504924328066,0.021624114949809
0.468787134097124,0.557807058473098,0.0215815423205059,0.158052049665142,"Bag1",0.210561123445641,0.0215815423205059
0.0657433614483619,0.0914076191714745,-0.021539075942886,0.158872136162394,"Kif1c",0.2116185293106,0.021539075942886
0.161957720525107,0.232269785386564,-0.0215351476392925,0.158948159698836,"Mtf2",0.211684652850367,0.0215351476392925
0.0754164348119981,0.114471356627623,-0.0215250872304926,0.159142981917513,"Eml3",0.2118797315652,0.0215250872304926
0.0736832162470747,0.105112823994876,-0.0215248565913412,0.159147450416682,"Trak2",0.2118797315652,0.0215248565913412
0.320299731174409,0.394564993437941,0.0215097409733046,0.159440513679107,"4632427E13Rik",0.212234685096409,0.0215097409733046
0.131120616858103,0.174436965513535,0.0215005502017795,0.159618904761972,"Arl6ip6",0.212436903600939,0.0215005502017795
0.0625612089075891,0.0916292102978837,0.0214845210338704,0.159930388831189,"Gpr146",0.212816159200906,0.0214845210338704
0.564931317310732,0.590871233849956,0.0214807191094208,0.160004336446277,"Hadhb",0.212879256449167,0.0214807191094208
0.273538694110612,0.351929606576812,-0.0214755798802945,0.160104335774989,"Alg14",0.212976987774952,0.0214755798802945
0.104831919227827,0.16949622952976,-0.0214574236242817,0.160457999154896,"Rufy2",0.213412064514981,0.0214574236242817
0.127365844325604,0.281295676294211,0.0214535982323223,0.160532588697248,"Zfp191",0.213475885267934,0.0214535982323223
0.187794378525447,0.265815879586586,0.0214515910177258,0.160571736919916,"Snrpn",0.213492562890705,0.0214515910177258
0.100985721475195,0.144367086547488,0.0214479730142512,0.160642319790603,"Lbr",0.213551022862789,0.0214479730142512
0.0713108642335121,0.0869336255520021,0.0214409143664927,0.160780092933225,"Slc37a4",0.213681470516376,0.0214409143664927
0.129605157137502,0.171231192132133,0.0214402170241626,0.160793708745997,"Tmem106c",0.213681470516376,0.0214402170241626
0.166137046312761,0.230472027762472,-0.0214370905178015,0.160854765402245,"Xpo1",0.213727212715286,0.0214370905178015
0.0776307172742581,0.112263032954397,0.0214294913384557,0.16100324062226,"Slx1b",0.213889073303479,0.0214294913384557
0.118345219104646,0.150902028098934,-0.0214156852111212,0.161273253980189,"Slc25a23",0.214212314175971,0.0214156852111212
0.0717800471295553,0.0936667943569791,0.0214124040401804,0.161337475739094,"Vps33a",0.214262149177506,0.0214124040401804
0.0951368234743589,0.14892737078251,-0.0214037741722578,0.161506478733923,"Vps16",0.214451098024325,0.0214037741722578
0.0626991970802786,0.0846508975209516,-0.0213760329210128,0.162050654695329,"Gpank1",0.215138063083276,0.0213760329210128
0.376207665759995,0.467516067570806,-0.0213514218916889,0.162534584844644,"Trim44",0.215744831893039,0.0213514218916889
0.119888595459271,0.167346690703557,-0.0213320338269893,0.162916581965762,"Atg7",0.216216118705471,0.0213320338269893
0.308626562228813,0.397673175510395,-0.0213292905716466,0.162970686103769,"Tmbim1",0.21625215566341,0.0213292905716466
0.442006899624057,0.56268375634125,-0.0213045292360345,0.163459657198441,"Top2b",0.216865127209042,0.0213045292360345
0.987918460295215,1.07363576483325,0.0212877946030639,0.16379074760651,"Canx",0.217268467316025,0.0212877946030639
0.0571588665517584,0.0690395967646664,-0.0212853368058989,0.163839417009958,"Zfp780b",0.21729710447734,0.0212853368058989
0.112618621255741,0.13932417722169,0.0212752350782528,0.164039566257482,"Tmem250-ps",0.217526603809294,0.0212752350782528
0.148790768878134,0.185596694984592,0.0212512727732957,0.164515076684769,"Fam3a",0.218121112907896,0.0212512727732957
0.0647387637868514,0.0894106923750219,0.0212481759869482,0.164576605275288,"B230354K17Rik",0.218166641455297,0.0212481759869482
0.0703849528113994,0.0974856784270883,0.0212466270997846,0.164607385883872,"Dpp7",0.218171401442383,0.0212466270997846
0.146073497342186,0.195405939509834,0.0212426738942142,0.164685966496842,"Gpaa1",0.218232222732011,0.0212426738942142
0.153482731759266,0.208395033539705,0.0212415823124905,0.164707669599334,"Pts",0.218232222732011,0.0212415823124905
0.240925488184886,0.429772929001579,0.0212238055800285,0.165061414154759,"Fosb",0.218664815449528,0.0212238055800285
0.132424675633358,0.269691571780593,0.0212028680255056,0.165478789739457,"Mesdc2",0.219181546528459,0.0212028680255056
0.243376050507094,0.390703691569703,-0.0211997401606461,0.165541209648544,"Fam193a",0.219228035355655,0.0211997401606461
0.0709578246220645,0.101547823350813,-0.0211820700684331,0.165894168028765,"Ell2",0.219659208624226,0.0211820700684331
0.505546778281906,0.557674523648904,-0.0211687750821697,0.166160106943057,"Fuca1",0.219975036810937,0.0211687750821697
0.0587321039608328,0.0824782328534409,-0.0211632097992437,0.166271524119186,"Gfod2",0.220086227240572,0.0211632097992437
0.0659974654434792,0.0884506773509775,0.0211547565676564,0.166440865561402,"Zfp768",0.220274040122825,0.0211547565676564
0.217638954777027,0.304086914001033,0.0211473568041543,0.166589209519869,"Ilf3",0.220434006792122,0.0211473568041543
0.0647556966826787,0.0715652032359385,0.0211398974223834,0.166738849196166,"Riox1",0.22059563494642,0.0211398974223834
0.0866987616584204,0.119673832611185,0.0211376295794574,0.166784363502098,"Zfp523",0.220619474569871,0.0211376295794574
0.113930058073267,0.144462633571438,0.0211324440453775,0.166888469270303,"Gnpda1",0.220720797333923,0.0211324440453775
0.61980079364768,0.722760040407913,-0.0211231704174625,0.16707477010511,"Tpm4",0.220930777080323,0.0211231704174625
0.187439491994466,0.252424755693379,0.0211187436167737,0.167163756568048,"Pepd",0.221012025490529,0.0211187436167737
0.0816808051161446,0.113624770743643,0.0211066160795772,0.167407723706771,"Pelp1",0.221298117796232,0.0211066160795772
0.110051456124509,0.138681712330487,-0.0210804135846439,0.16793574665805,"Ppp1r37",0.221959550516257,0.0210804135846439
0.237165803251697,0.304057395028715,-0.0210751200709577,0.168042571206762,"Mpnd",0.222064161950437,0.0210751200709577
0.109194711813616,0.140471222448445,0.0210573193054975,0.168402169633847,"Pigf",0.2225027184492,0.0210573193054975
0.165814002803339,0.23563021099883,-0.021054774852781,0.168453617990893,"Tef",0.222534051820699,0.021054774852781
0.484916427012068,0.539287967631457,0.0210506251271871,0.168537549963707,"Ddx24",0.222608279984986,0.0210506251271871
0.153679517017242,0.210826008905858,0.0210386388965187,0.168780158565592,"Mapk1ip1l",0.222892032970756,0.0210386388965187
0.17079735745167,0.22168784031538,0.0210179193691689,0.169200152042889,"Efnb1",0.223409909493524,0.0210179193691689
0.162440282764646,0.219057802713284,0.0210129646246651,0.169300702790106,"Dtnbp1",0.22350589654291,0.0210129646246651
0.321907766220525,0.452549995591978,-0.0210091116814353,0.169378924728169,"Bicd1",0.223572379012803,0.0210091116814353
0.125287612564271,0.17675292089644,-0.0209980763913928,0.169603111640655,"Iars2",0.223831474967865,0.0209980763913928
0.205594599554981,0.22676930133958,0.0209902981213967,0.169761264300622,"Ufd1",0.223975212286629,0.0209902981213967
0.142311278304305,0.18336888919254,0.0209899742631111,0.169767851586151,"Pdcd2l",0.223975212286629,0.0209899742631111
0.313661701456149,0.440817795229162,-0.0209871123003619,0.169826072305815,"Rap1gds1",0.224015190560884,0.0209871123003619
0.0722492084051118,0.0966095215323375,0.0209797294246536,0.169976330744267,"Rabggta",0.224176541402367,0.0209797294246536
0.319670012917887,0.375504909510974,0.0209770577374263,0.17003073024158,"Elof1",0.224211434586432,0.0209770577374263
0.225915243486068,0.279811957642689,-0.0209672462818733,0.170230617884961,"Ahi1",0.224438133077378,0.0209672462818733
0.162510434995427,0.24507717566486,0.0209583235464883,0.170412552531406,"Ehmt2",0.22464109109775,0.0209583235464883
0.0631373122553358,0.0800444251235877,0.0209552280396926,0.170475703955955,"Saal1",0.224687425844708,0.0209552280396926
0.0795541891134163,0.116967353392,-0.0209403461650141,0.17077955374869,"3110082I17Rik",0.225050934353668,0.0209403461650141
0.276962492161716,0.34778882540369,0.0209309030206054,0.170972568777921,"Hmgcl",0.225268290948117,0.0209309030206054
0.199262394151545,0.237034795833343,0.0209044764460253,0.171513587999029,"Maz",0.225944020703368,0.0209044764460253
0.152046714128092,0.195971052451948,0.0208772186502929,0.172072965545165,"Lypla1",0.226608543624226,0.0208772186502929
0.122337166819549,0.269593348871645,0.0208771435550945,0.172074508512265,"Cyb5",0.226608543624226,0.0208771435550945
0.141306017966556,0.186995366083089,-0.0208715874813779,0.172188696836265,"Fdx1",0.226721710438824,0.0208715874813779
0.15097849301628,0.171559328448852,0.0208454083539486,0.172727492442277,"Nbdy",0.2273938309035,0.0208454083539486
0.0831862097795473,0.12838429948609,0.020829832564226,0.173048656962676,"Rpp38",0.227779268941685,0.020829832564226
0.165417519656403,0.247515734801765,-0.0208226703589294,0.173196487531856,"Elp4",0.227936463171332,0.0208226703589294
0.120651284092345,0.169012577075763,-0.020814230744135,0.17337080539205,"0610010F05Rik",0.228128458915351,0.020814230744135
0.0648841313019881,0.0816328180369918,0.020810976525074,0.173438055371261,"Zfp646",0.228179530463846,0.020810976525074
0.0670752291132187,0.0834669868009891,0.020798236958567,0.173701512032577,"Map1s",0.228455606072744,0.020798236958567
0.850943846642969,0.92147454968122,-0.0207980760262114,0.173704842055062,"Afap1l2",0.228455606072744,0.0207980760262114
0.175417227477109,0.246966496925722,-0.0207937157680138,0.173795082941025,"Ist1",0.228536831451784,0.0207937157680138
0.359915114808514,0.421184855092174,0.0207757810108365,0.174166632918263,"Impa1",0.228987885062451,0.0207757810108365
0.0696446353795048,0.088620119445184,0.0207613904041936,0.174465188166146,"Gm15417",0.22934283581998,0.0207613904041936
0.232429721177462,0.290385773350949,0.0207560681141038,0.174575703962198,"Plgrkt",0.229450523930005,0.0207560681141038
0.0751272816374517,0.0973267089272792,-0.0207433708743068,0.174839569421754,"Zeb2os",0.229759696207035,0.0207433708743068
0.0695034936238832,0.0901483759217078,0.0207295586851017,0.175126942807935,"Klhdc4",0.230099654345975,0.0207295586851017
0.105800049427353,0.144775596702758,-0.0207156812589805,0.17541602819867,"Mapk9",0.23044175020729,0.0207156812589805
0.0874118950667344,0.116714864787233,0.0207108242271476,0.175517290713803,"Hilpda",0.230537033996981,0.0207108242271476
0.352597060837972,0.514269269236532,0.0207014799160359,0.175712229498582,"Prss23",0.230755307609922,0.0207014799160359
0.145597488565275,0.202044209097784,0.0206810330029154,0.176139351110213,"Arl4a",0.231278375602741,0.0206810330029154
0.187848124309397,0.267474979409974,0.0206732769459436,0.17630157195282,"Acbd3",0.231453503493034,0.0206732769459436
0.160464888110736,0.223397993467734,0.0206645714168769,0.176483783944201,"Col18a1",0.231654814717531,0.0206645714168769
0.139118412604738,0.188990705808342,-0.0206587707472621,0.1766052733418,"Ammecr1l",0.231776367892476,0.0206587707472621
0.108608159848126,0.140908362815836,0.0206484874530827,0.176820800078044,"Gin1",0.232021275523504,0.0206484874530827
0.0769294757792517,0.110312289609177,-0.020640684409378,0.176984474135522,"Exd2",0.232198073980286,0.020640684409378
0.45645130308848,0.535312995688408,0.0206358160594227,0.177086648174098,"Papola",0.232294141727802,0.0206358160594227
0.160282993856761,0.21153849306679,-0.02062337092932,0.177348038837417,"Cept1",0.23259899699762,0.02062337092932
0.0858220259254272,0.118541303235008,-0.0206201674209647,0.177415370029299,"Fem1b",0.232649277515132,0.0206201674209647
0.164966309749803,0.224587539269192,-0.0206161148412993,0.177500574226196,"Phf20",0.232722975096568,0.0206161148412993
0.154012754445275,0.196341937414503,0.0206031207979538,0.177773975268285,"Tmem101",0.233043355261023,0.0206031207979538
0.107615420122765,0.165837648805767,-0.0205976429452799,0.177889325839984,"Antxr2",0.233156476729833,0.0205976429452799
0.34493566077778,0.42021777559936,-0.0205834558013649,0.178188332325573,"Ttc14",0.233510236580173,0.0205834558013649
0.0973344923292448,0.133911623487768,-0.0205693497222449,0.178486000856743,"Cse1l",0.233862127837117,0.0205693497222449
0.158896965174157,0.209664338449696,0.0205677772291785,0.17851920673373,"Cdk9",0.233867447319421,0.0205677772291785
0.291365929514654,0.336170524997174,0.0205657806696906,0.178561374117757,"Taf10",0.233884503088619,0.0205657806696906
0.223665645469913,0.288423380343577,0.0205471926964813,0.178954308134856,"Sf3a3",0.234340783382874,0.0205471926964813
0.362544411865769,0.416840634009071,0.0205465391301256,0.178968135664288,"Mrps18a",0.234340783382874,0.0205465391301256
0.124931874537081,0.176795172829538,-0.0205359142992742,0.179193037069349,"Slc4a7",0.234596986367181,0.0205359142992742
0.26415231778994,0.320335228756404,0.020531830444023,0.179279538060731,"Max",0.234671943458288,0.020531830444023
0.0796112695569202,0.112312817396215,-0.0204673850697154,0.180648681021311,"Ppp6r2",0.236412781135685,0.0204673850697154
0.087597780759122,0.155512617982265,-0.0204664599498283,0.180668391565805,"Snap25",0.236412781135685,0.0204664599498283
0.183485485163297,0.245887302128867,-0.0204614309669401,0.180775566679974,"Mark2",0.236514454107307,0.0204614309669401
0.102797908985878,0.143029405333679,0.0204597959871818,0.180810420697233,"Ppm1d",0.236521489350277,0.0204597959871818
0.448858277052388,0.523481682622965,0.0204465557585317,0.181092855769292,"Itfg1",0.236852334913252,0.0204465557585317
0.0921332892769674,0.115785462022181,0.0204418484874452,0.181193348177304,"Sephs1",0.236945147616475,0.0204418484874452
0.106760892821206,0.150405828223442,-0.0204305989234467,0.181433675260043,"Kdm2b",0.237220761004821,0.0204305989234467
0.286942472125476,0.365694108001989,-0.0204239046064257,0.181576799718152,"Phf3",0.237369214880817,0.0204239046064257
0.275266876445419,0.319205150474119,-0.0204205270760015,0.181649043078415,"Naxe",0.237388448890249,0.0204205270760015
0.0993384957314152,0.134214161665754,-0.0204204504422555,0.181650682475839,"Prr14",0.237388448890249,0.0204204504422555
0.128925844264069,0.184946327217943,0.0204079654936098,0.181917914931581,"Nom1",0.237698965870544,0.0204079654936098
1.04649587840689,1.14418371908363,-0.020370258130523,0.182726787094136,"Hist1h2bc",0.238716987893739,0.020370258130523
0.191423285665466,0.312910015205448,-0.0203656965790861,0.182824818754844,"Irf1",0.238806177061512,0.0203656965790861
0.139940580594114,0.183725501176422,-0.0203544545763193,0.183066585421177,"Clpb",0.239083053616459,0.0203544545763193
0.336255574465697,0.680798135010795,0.0203211836654021,0.183783485913992,"Selm",0.239964100441743,0.0203211836654021
0.100191826979163,0.150054089939631,0.0203203712580039,0.18380101711303,"Myc",0.239964100441743,0.0203203712580039
0.251993425248113,0.329816284872767,0.0203131970173227,0.183955886093011,"Slc30a9",0.240127221410496,0.0203131970173227
0.853831977913485,0.855970702003265,0.0203115403826872,0.183991661276593,"Rtn4",0.240134855251039,0.0203115403826872
0.0704278130562222,0.108428561999893,-0.0202996267585878,0.184249088836273,"Dnmt1",0.240431726918564,0.0202996267585878
0.0873414738830877,0.130668390536614,-0.0202810950759071,0.184650047919287,"Clk2",0.240915769838107,0.0202810950759071
0.716032175354827,0.740456503779245,-0.0202783086853949,0.184710391191525,"Tpi1",0.240955320910551,0.0202783086853949
0.126348954956422,0.178970762232325,-0.0202673780285933,0.184947251066643,"Tmem80",0.241225088192253,0.0202673780285933
0.336086066592364,0.48688566697127,-0.0202423904003709,0.185489559550102,"Nrp2",0.241893096998215,0.0202423904003709
0.121715695116129,0.161327378031424,-0.0202387707932611,0.185568213549255,"Vps45",0.241956344738256,0.0202387707932611
1.29165888897535,1.00898116856629,0.0202319589056028,0.185716302603012,"Rhoa",0.242095472187235,0.0202319589056028
0.092415834382041,0.113147190410391,0.0202304436339426,0.185749256174204,"Cyb5r4",0.242095472187235,0.0202304436339426
0.252219910256204,0.308919030105256,0.0202296999331087,0.185765431487638,"Ptpn1",0.242095472187235,0.0202296999331087
0.0596090663702807,0.0827031509245765,0.0201784499039081,0.186882616575197,"Dcaf4",0.243511873237963,0.0201784499039081
0.0642270345131762,0.087791928505337,0.0201685478853708,0.187099038576534,"Lig3",0.243754292180241,0.0201685478853708
0.10117347289978,0.136511080268756,-0.0201561573417271,0.187370111205028,"Lemd2",0.244067820180056,0.0201561573417271
0.115040277132574,0.163135666614637,0.020126823757611,0.188013008374593,"Isoc1",0.244865505469524,0.020126823757611
0.130928147671621,0.184827366818667,0.020118142719195,0.18820358029555,"Relb",0.245073925396218,0.020118142719195
0.271991456578622,0.371471170427312,-0.0200960221171789,0.188689830407717,"Nrd1",0.245667239849346,0.0200960221171789
0.102894843803508,0.136291919606413,0.0200917930829072,0.188782897454278,"Ppil1",0.245748534908035,0.0200917930829072
0.139679244163564,0.181910361941345,0.020088057598183,0.188865131249897,"Dnal4",0.245815703673832,0.020088057598183
0.098358055133277,0.141750183715335,-0.0200854575078391,0.188922385803273,"Capn15",0.245850344418661,0.0200854575078391
0.251398099271474,0.324912319407555,0.0200759301988617,0.189132288535917,"Alkbh5",0.246083587354013,0.0200759301988617
0.089479220205943,0.133809233061689,-0.0200659134921359,0.189353158807407,"Msh2",0.246331022417418,0.0200659134921359
0.289347269576344,0.425022483669579,-0.0200412417107763,0.189897986643084,"Stard9",0.246999747904702,0.0200412417107763
0.0618454025497689,0.0870541611622689,-0.0200344472519985,0.190048231470666,"Slc35e2",0.247155106859096,0.0200344472519985
0.112146044058755,0.161207407027216,-0.0200322811827015,0.190096147825219,"Ube2q2",0.247177360257585,0.0200322811827015
0.101059204732989,0.144038101720815,-0.0200303304395511,0.190139308489399,"Cenpc1",0.247193423739296,0.0200303304395511
0.167782205026331,0.212837636281357,0.0200263519429615,0.190227356051662,"Faim",0.247261796456148,0.0200263519429615
0.0838061399707836,0.132380783851884,0.0200251694773096,0.190253530822564,"Tsr1",0.247261796456148,0.0200251694773096
0.073249679682693,0.105808081756747,0.0200030942177384,0.190742670294873,"Ghdc",0.247857358128917,0.0200030942177384
0.0663582571315571,0.101815244362701,-0.0199631672679204,0.191629713708973,"Wdr11",0.24896969281101,0.0199631672679204
0.493505549999139,0.611590084698455,-0.019961689464691,0.191662603675394,"Pea15a",0.248972111363342,0.019961689464691
0.141446458822925,0.194328258355308,0.0199601966054535,0.191695832942389,"Ptdss1",0.248974969817049,0.0199601966054535
0.0866326908317797,0.126838990429376,-0.019956631220874,0.191775211292109,"Zcchc3",0.249037756175414,0.019956631220874
0.10219720245227,0.141380828594121,-0.0199260899332875,0.192456161123021,"Esco1",0.249881591723482,0.0199260899332875
1.38665215638843,1.15167914876893,-0.0199180417576704,0.192635899009814,"Pfn1",0.250074495009666,0.0199180417576704
0.382902225600952,0.461947290899079,-0.019906377286903,0.192896617558614,"Arpc4",0.250372445695619,0.019906377286903
0.161988993488733,0.227942305689405,0.0198784847124611,0.193521109472824,"Nvl",0.251094810874556,0.0198784847124611
0.14938798472919,0.214546667299135,0.0198783943405066,0.19352313523629,"Dsel",0.251094810874556,0.0198783943405066
0.474034650318138,0.572357424863094,0.0198773282131601,0.19354703455373,"Nptn",0.251094810874556,0.0198773282131601
0.160648170692554,0.220777821533208,-0.0198491338093093,0.194179853465769,"4833420G17Rik",0.251875063726048,0.0198491338093093
0.279898353182949,0.344251973729912,-0.0198298055587714,0.194614549181308,"Dctn4",0.252398115828482,0.0198298055587714
0.129200286691794,0.183608164553555,0.0198244316768626,0.194735535426407,"Heatr3",0.252514210772703,0.0198244316768626
0.223902684302757,0.274563611516802,0.0198228416250648,0.194771344030793,"Arf3",0.252519835919064,0.0198228416250648
0.127260242017632,0.274933433025747,0.0198157702833384,0.194930651971333,"Gm4204",0.252685549502096,0.0198157702833384
0.179269550093294,0.239710284196352,-0.0198010095921937,0.195263498563153,"Amotl1",0.253076128649772,0.0198010095921937
0.0597966604527257,0.0770711603772525,0.0197926477483385,0.195452238928473,"Cyp4f16",0.25324807658072,0.0197926477483385
0.557107360195117,0.592893957231074,0.0197923355023623,0.195459289414806,"Ctsz",0.25324807658072,0.0197923355023623
0.139511715790826,0.178515341316874,0.0197892000877172,0.195530097131452,"Tusc2",0.253298918208391,0.0197892000877172
0.0872328505146707,0.0966695375455064,0.0197827171862106,0.195676561447504,"Gm29811",0.253447736732006,0.0197827171862106
0.905842925387742,0.917914481335819,0.0197809923604833,0.195715542939456,"Mtdh",0.25345731383896,0.0197809923604833
0.556228051536417,0.620014415122175,0.0197611269601281,0.196164916163629,"Arl2bp",0.253998271308207,0.0197611269601281
0.303834576931125,0.37138278012157,0.0197594631292142,0.196202587785288,"Ncbp2",0.254006060727517,0.0197594631292142
0.0789484545827924,0.0989554640469246,-0.0197405529623352,0.196631114640931,"Brwd3",0.254519771556514,0.0197405529623352
0.156839991756542,0.230370192601669,-0.0197279151100889,0.196917885143776,"Mpdz",0.254821824066266,0.0197279151100889
0.0890006579996533,0.119674487242552,-0.0197274703725531,0.196927982432068,"Tab1",0.254821824066266,0.0197274703725531
0.102428316141226,0.151052534488007,-0.0197260117191406,0.196961102251579,"Zadh2",0.254823586660218,0.0197260117191406
1.26714787794869,1.03781124980302,0.0197180222262817,0.19714258200087,"Tecr",0.255017262288405,0.0197180222262817
0.516205882801181,0.569679207667239,0.0197001242889539,0.197549574159043,"Chmp4b",0.255502544012277,0.0197001242889539
0.102670375049228,0.141917328562673,-0.0196974278247823,0.197610943947763,"Tbcd",0.255540727516012,0.0196974278247823
0.103574086093824,0.137074708992935,0.0196885579936194,0.197812913981448,"Ethe1",0.255760686720454,0.0196885579936194
0.166364117898137,0.240249655147818,-0.01968301073814,0.197939304188668,"U2af1l4",0.255882870438195,0.01968301073814
0.0677777887971497,0.0954681894261659,0.0196810831503531,0.197983236706393,"Mettl21a",0.255898436103753,0.0196810831503531
0.382008756120438,0.46025723122525,-0.0196773583916988,0.198068149552088,"Trp53",0.25596695635464,0.0196773583916988
0.40871482163312,0.51080386378262,-0.0196712523940449,0.19820740480057,"U2surp",0.256105670872749,0.0196712523940449
0.109186642250872,0.159845418154175,-0.0196662273904809,0.198322060250842,"Phf6",0.256212560208139,0.0196662273904809
0.192709537165946,0.249622837219892,-0.0196630342383992,0.198394943556498,"Praf2",0.256265458322173,0.0196630342383992
0.0809300811624663,0.108715153493773,0.0196574134855534,0.198523284115444,"Cox11",0.256389961651751,0.0196574134855534
0.309186208386937,0.384659657002084,0.0196556086479361,0.198564507454218,"Angpt2",0.256401932380535,0.0196556086479361
0.12854797698175,0.173970540306919,0.0196504150920464,0.198683165614112,"Ap3s2",0.256513873030995,0.0196504150920464
0.220186089367946,0.285065245238186,0.0196193065568999,0.199394993188249,"Usp22",0.257391477693453,0.0196193065568999
0.0797376036677157,0.113524809866032,0.0195985528932229,0.199870914609733,"Gfm1",0.25796432665731,0.0195985528932229
0.147824643361276,0.188268670315359,0.0195951499161655,0.199949030491591,"Hbs1l",0.258005069618219,0.0195951499161655
0.0641893841383557,0.077629674876538,-0.0195943763636103,0.199966790622595,"Cmc4",0.258005069618219,0.0195943763636103
0.21775432503086,0.286121763342648,-0.0195578067649303,0.200807713106718,"Supt20",0.259048406747316,0.0195578067649303
0.0990918316448911,0.139274730627647,0.0195547162461464,0.200878898009774,"Adam9",0.259098581840609,0.0195547162461464
0.0802213817252994,0.120085098081586,0.0195511975234331,0.200959968276894,"Prpf40b",0.25913107424206,0.0195511975234331
0.257987188487972,0.311216778125995,-0.0195508195389045,0.200968678341019,"Ppp4r2",0.25913107424206,0.0195508195389045
0.057585120491105,0.0703806522933531,0.0195417318739641,0.201178172307133,"D430040D24Rik",0.259359520339402,0.0195417318739641
0.109156140139544,0.181496644784288,0.0195303390998831,0.201441029851956,"Sart3",0.259656678479052,0.0195303390998831
0.152327420527118,0.197710536609431,-0.0195186923011131,0.201710007071228,"Dhcr7",0.259961628130346,0.0195186923011131
0.655502492080689,0.675283978106869,0.0194855213281123,0.20247750909019,"Bnip3l",0.260908869911624,0.0194855213281123
0.116137440704997,0.159084302338804,0.0194648296182552,0.202957344962238,"Cdc42ep4",0.261423009348801,0.0194648296182552
0.472451878798783,0.53675229107311,0.0194635988517176,0.202985912213678,"Tmem208",0.261423009348801,0.0194635988517176
1.35960159018746,1.16293809390841,-0.0194635565466717,0.202986894205706,"Ptms",0.261423009348801,0.0194635565466717
0.104806338953886,0.153959352766607,-0.0194626979034178,0.203006825928761,"Nudt7",0.261423009348801,0.0194626979034178
0.312381409905574,0.485560444826112,-0.019438727245088,0.203563833131706,"Ust",0.262058198045754,0.019438727245088
0.222024014619792,0.28037038034549,0.0194386599961796,0.203565397360317,"Lsm12",0.262058198045754,0.0194386599961796
0.29908912604087,0.358967311392229,0.0194331488509388,0.20369361788841,"1110008P14Rik",0.262181198257395,0.0194331488509388
0.265259281936844,0.524068629744462,0.0194304805375538,0.203755719116748,"Sepw1",0.262219068194513,0.0194304805375538
0.144093814267592,0.196680182126268,0.019424846568775,0.203886887036308,"Poglut1",0.262345795634916,0.019424846568775
0.137836298387773,0.179475496976122,-0.0194188968938842,0.204025471783769,"Lrrc57",0.262482024305429,0.0194188968938842
0.0825447305702936,0.122338193868687,-0.0194151448076465,0.204112903703113,"Trmt13",0.26255241091917,0.0194151448076465
0.099038831679744,0.143424996418691,-0.019391174180648,0.204672115658064,"Trim41",0.26319972415752,0.019391174180648
0.141317894692705,0.202836051895457,-0.0193907620662975,0.204681739623994,"Atg4a",0.26319972415752,0.0193907620662975
0.194026521416333,0.276822419182982,0.0193840318721675,0.204838954112101,"Insig1",0.263359680787614,0.0193840318721675
0.108510030104986,0.153480046608208,-0.0193670581320877,0.205235843304039,"Fbxo30",0.263787422000137,0.0193670581320877
0.209867253964167,0.267957251469753,-0.0193669917213911,0.205237397251602,"Gnptg",0.263787422000137,0.0193669917213911
0.471519251095589,0.532630977604028,-0.0193346169668242,0.205995954232307,"Csnk2a1",0.264719386461195,0.0193346169668242
0.100840846957168,0.14628118262604,0.019333230485362,0.206028485599472,"Tns1",0.264719386461195,0.019333230485362
0.183100987169866,0.227048175091515,0.0193210662834786,0.206314057310594,"Sms",0.265043867412777,0.0193210662834786
0.565725497931808,0.690828011109979,-0.0193121888691432,0.206522648372802,"Zfr",0.265269366182706,0.0193121888691432
0.153306842068822,0.207985421740785,-0.0192929229981754,0.206975861672481,"Ngrn",0.265808949113315,0.0192929229981754
0.0769554967725862,0.109049719039333,-0.0192749097029059,0.207400261539257,"Uqcc1",0.266311361592415,0.0192749097029059
0.369498301727397,0.453465378842967,0.0192699807542114,0.207516499284888,"Fgfr1op2",0.26638896544141,0.0192699807542114
0.174866109557615,0.229463713013381,0.0192695314857208,0.207527096582035,"Mgat2",0.26638896544141,0.0192695314857208
0.0997253671342161,0.143420274544465,-0.0192612455087853,0.207722615690949,"Cds2",0.266597291795294,0.0192612455087853
0.268329076656041,0.355555697009142,-0.0192502612115002,0.20798201124288,"Ppp2r5c",0.266860180248683,0.0192502612115002
0.130993694290206,0.192513455146101,0.0192497553018063,0.207993964017356,"Dbt",0.266860180248683,0.0192497553018063
0.0683363509314496,0.104733585608241,0.019227649045413,0.208516739426806,"Nemp1",0.267488140233524,0.019227649045413
0.120567280986133,0.164086128507936,0.0192077815101988,0.208987384594924,"Gmppa",0.268049036763055,0.0192077815101988
0.281271457290299,0.363100726462919,0.0192055871621311,0.209039413994955,"Dctn6",0.268072919593339,0.0192055871621311
0.289491508995159,0.333662222832969,-0.019201563608224,0.209134839407707,"Zfp644",0.268152437105696,0.019201563608224
0.0676877815013585,0.0887149330335666,-0.0191891362170486,0.209429775267037,"Dhx8",0.268487700390271,0.0191891362170486
0.137042027620227,0.191276044008449,0.0191648971104055,0.210005901545589,"Myh14",0.269162368269674,0.0191648971104055
0.228918712211565,0.310153933505879,0.0191641730454103,0.210023129079814,"Faf2",0.269162368269674,0.0191641730454103
0.236456178102709,0.325884895027114,0.0191567550483423,0.210199682913514,"Hipk3",0.269345617326419,0.0191567550483423
0.108766353362735,0.14693248266752,0.0191518194297196,0.210317213773801,"Vipas39",0.269453189098033,0.0191518194297196
0.0783299678546156,0.103268474411231,0.0191435195817083,0.210514963505552,"Rnf25",0.269663484541594,0.0191435195817083
0.071273610363242,0.103717845297978,0.0191412727417464,0.210568519175082,"Bcar1",0.269689033976194,0.0191412727417464
0.120800729151012,0.180161627063713,0.0191329318192993,0.210767419563237,"Bms1",0.269900698144815,0.0191329318192993
0.242916569261564,0.32501817313844,0.0191126165184579,0.211252433272782,"Gabarapl1",0.270478622080868,0.0191126165184579
0.38387469941409,0.44340988610904,-0.0190880861036045,0.211839154442004,"Tm9sf2",0.271186562738137,0.0190880861036045
0.38750451174116,0.448350819987482,-0.0190629365150234,0.21244190632864,"Lrpap1",0.271914796040996,0.0190629365150234
0.073290745953815,0.103706503903763,0.0190525532851843,0.212691118605062,"Hmces",0.272190356568903,0.0190525532851843
0.095022562581524,0.121166864003896,0.0190324923991381,0.213173206018989,"Rps6ka2",0.272763802439223,0.0190324923991381
0.0903495243320806,0.125211380911977,-0.0190299154207233,0.213235191038394,"Tctex1d2",0.272799613024884,0.0190299154207233
0.0858619318417419,0.118373845041541,-0.0189985917921981,0.213989669889195,"6720427I07Rik",0.273710598117096,0.0189985917921981
2.38120316501591,1.26825571378665,-0.0189975212273401,0.214015490103024,"Cd63",0.273710598117096,0.0189975212273401
0.163859115353744,0.204902616554366,0.0189884482557596,0.214234405031727,"Myg1",0.273946910912283,0.0189884482557596
0.218510882539649,0.287203619316117,0.0189867177655295,0.21427617705793,"Zfp106",0.273956667417595,0.0189867177655295
0.233414864607976,0.304205321859665,0.018961157459569,0.214893857162283,"Isca2",0.274702614285512,0.018961157459569
0.133611060338513,0.177044146719415,0.0189577494682387,0.214976310143545,"Ppih",0.27476424220959,0.0189577494682387
0.360557513896124,0.571310313449826,-0.0189448493702432,0.215288621682938,"Adamts20",0.275119589167685,0.0189448493702432
0.214658888600947,0.343630891935401,-0.0189381727628151,0.215450390711577,"Zfp36",0.275282473737212,0.0189381727628151
0.197201122273886,0.25574049936668,-0.0189320434128964,0.215598977166271,"Phldb1",0.275428465655494,0.0189320434128964
0.223410402072035,0.253147697327895,-0.0189254492271139,0.215758914454182,"Hikeshi",0.275567577724192,0.0189254492271139
0.339692537666386,0.41111860513038,0.0189247220566291,0.215776556685082,"Anxa6",0.275567577724192,0.0189247220566291
0.159095713209163,0.217354386322256,0.0189218778927139,0.21584557028114,"Fkbp7",0.275611848493932,0.0189218778927139
0.10815688473277,0.145615207902274,0.018913552370318,0.216047680294978,"Pmm2",0.275826028112475,0.018913552370318
0.441997406772884,0.55591815988644,0.0189015589453824,0.216339071545466,"Rhobtb3",0.276154105962587,0.0189015589453824
0.161060833945286,0.199433940525459,-0.0188865087539338,0.216705129706225,"Tmem65",0.276577375658144,0.0188865087539338
0.344313303993494,0.696569096428474,0.0188801882039287,0.216858994010902,"2700060E02Rik",0.276697274212653,0.0188801882039287
0.0759392859239529,0.0956910129145612,0.0188798166832511,0.216868040568715,"Ipo4",0.276697274212653,0.0188798166832511
0.0719938438653878,0.10339647812479,-0.0188732617763641,0.217027697713116,"Irf9",0.276856954920516,0.0188732617763641
0.126826099439148,0.175013711197354,-0.0188597857819634,0.217356196505133,"Blcap",0.277231937809122,0.0188597857819634
0.0742214857276429,0.101699419513699,0.0188438303429499,0.217745597698042,"Nle1",0.277684468520199,0.0188438303429499
0.0913644904059863,0.112764133227803,0.018815749318242,0.218432147653947,"Agpat2",0.278515740151799,0.018815749318242
0.117966868539857,0.156103552059426,-0.0188021401199777,0.218765436262232,"Agfg2",0.27889638712554,0.0188021401199777
0.139889490600405,0.190076766218802,0.0187917291672327,0.219020646396212,"Mzt2",0.279177389465163,0.0187917291672327
0.0704695942081054,0.105702580257099,0.0187870091978821,0.219136420316907,"Pot1a",0.27928059666818,0.0187870091978821
0.306105524162204,0.37688937045767,0.0187790265435333,0.219332323071956,"Oaz2",0.279485875866186,0.0187790265435333
0.102715164406042,0.14126676758239,-0.0187721149882751,0.219502041423427,"Ppp1r21",0.279657729498504,0.0187721149882751
0.0991910900793685,0.13820408095973,-0.0187016074342125,0.221238792717253,"Homer1",0.281825698168478,0.0187016074342125
0.129006071028921,0.174378188130852,0.0186870429377426,0.221598770881433,"Gle1",0.282239450405177,0.0186870429377426
0.116018942575581,0.149628892266951,0.0186681949946675,0.222065241795554,"Maoa",0.282788684362407,0.0186681949946675
0.392323940196033,0.448396348522824,-0.0186471354904482,0.22258727812004,"Shisa4",0.283408492484164,0.0186471354904482
0.115918848413023,0.176335492695936,-0.0186454813224395,0.222628319853061,"Rev1",0.283415776376481,0.0186454813224395
0.112341908843981,0.154604332890591,-0.0186311441262448,0.222984268390541,"Mapk8",0.283823884766133,0.0186311441262448
0.155823917407638,0.205394452092293,-0.0186129073514385,0.223437619519459,"Slc31a1",0.284355822208428,0.0186129073514385
0.0938998968179592,0.130602997697374,-0.0186067543327784,0.223590727073392,"Vps9d1",0.284505549323961,0.0186067543327784
0.169297895422338,0.205867456915885,-0.0186045691456914,0.223645119836996,"Trim8",0.284529640331704,0.0186045691456914
0.157897850299179,0.204050622452655,-0.0185957404236122,0.223864977020208,"Spg7",0.284764200318667,0.0185957404236122
0.0874834283360977,0.120188890930354,0.0185655624783197,0.224617649541825,"Strip1",0.285676338551848,0.0185655624783197
0.0991310824490264,0.13279788899593,0.0185633961937298,0.224671748616998,"Tmem251",0.285699859097114,0.0185633961937298
0.0612629220628321,0.0819624428678934,0.0185594721963098,0.224769767117207,"Wdr4",0.285779212699805,0.0185594721963098
0.13803846385082,0.196606426837745,0.0185473840648464,0.225071911495928,"Dus3l",0.286118031977713,0.0185473840648464
0.24021595185116,0.323504916064167,0.018544056035992,0.225155146889379,"Rbm28",0.286178504457529,0.018544056035992
0.0747825799729872,0.0961482327108089,-0.0185384176578328,0.225296215240962,"Fbxo33",0.286312453451612,0.0185384176578328
0.182937727705998,0.242586708738872,0.0185112353076415,0.225977184338207,"Nagk",0.28713237167534,0.0185112353076415
0.0818935077504937,0.109738087255546,-0.0185062083100646,0.226103280835585,"Tbc1d10b",0.287247106622029,0.0185062083100646
0.106862653804321,0.174526753224345,0.0184967133363124,0.226341588343798,"Mmp2",0.287504338273014,0.0184967133363124
0.152884288659005,0.20576236247627,0.0184777205652609,0.226818811677208,"Fxr2",0.288064916887926,0.0184777205652609
0.125522808651068,0.160374639918817,0.0184621825175517,0.227209762793229,"Dgcr2",0.288515767788079,0.0184621825175517
0.196444922491527,0.265705310649089,-0.0184479148993287,0.227569171515706,"Nbr1",0.288926429152219,0.0184479148993287
0.674323606752842,0.694946506266511,-0.0184442637311235,0.227661211397409,"Tm7sf3",0.288997557388517,0.0184442637311235
0.219025488455989,0.277542241153984,0.0184425118236838,0.227705383485941,"Ube2d1",0.289007908429482,0.0184425118236838
0.121578230978043,0.155784281717752,0.0184324957287322,0.227958043652307,"Slc35a5",0.289282831293075,0.0184324957287322
0.107249873441255,0.145559873193883,-0.0184285342865899,0.228058027762348,"Nbas",0.28936394920384,0.0184285342865899
0.106516111846294,0.142703695358746,-0.0184162007307426,0.228369518307562,"Irak1bp1",0.289713362039506,0.0184162007307426
0.659494987582357,0.672336742238745,0.0184064486460449,0.228616026767824,"Dpm3",0.289980240086155,0.0184064486460449
0.227962599191863,0.289057180326846,0.0183987005493864,0.228812014367773,"Prkaca",0.290182962428799,0.0183987005493864
0.183977489807707,0.235111931962222,0.0183908529066757,0.229010641836446,"Ppie",0.290388968093496,0.0183908529066757
0.131588450519128,0.164377090595538,0.01837255437461,0.229474262638745,"Tmc6",0.29093087113498,0.01837255437461
0.0906317866679685,0.121111736637118,-0.018370083961871,0.229536905367788,"Rfxap",0.290964317325613,0.018370083961871
0.157376156384691,0.204107693675412,-0.0183594353097211,0.229807064478713,"Ankrd40",0.291260762182467,0.0183594353097211
0.0601890187703061,0.0716135090884478,0.0183460607168943,0.230146701637931,"Ints13",0.291645156971377,0.0183460607168943
0.0897598077450976,0.115919911767714,-0.0183198641974402,0.230812974972891,"Mapkapk2",0.292443282991074,0.0183198641974402
0.0884999441750242,0.122384243984681,0.0182894517405403,0.23158819246194,"Mkrn2",0.293379168979256,0.0182894517405403
0.104959399764137,0.143831988591092,0.0182875456781224,0.231636839721331,"Tada3",0.293394475441825,0.0182875456781224
0.118029179422282,0.163450746923839,0.0182557682847626,0.232448943402362,"Htra2",0.294376629081527,0.0182557682847626
0.0696580483678082,0.105153156701413,-0.0182402934213855,0.232845149741782,"Nsmaf",0.294831857586879,0.0182402934213855
0.119238586150144,0.155685809805931,0.0182252586029318,0.233230547946272,"Bnip3",0.295273259186003,0.0182252586029318
0.29559150711965,0.410284140717472,0.0182176168566421,0.233426607504472,"Cdc42bpa",0.295474853859581,0.0182176168566421
1.17228440613258,1.04040589456137,0.0181911198973565,0.234107328236696,"Srrm2",0.296289779459188,0.0181911198973565
0.0650777760104456,0.0940434216842065,-0.01818075123545,0.234374086984179,"Npat",0.296580614092581,0.01818075123545
0.0759129735843761,0.103456813192784,-0.0181787866907271,0.234424653864998,"Rcan1",0.296597827595828,0.0181787866907271
0.12304609253514,0.173573269394268,-0.0181718212115375,0.234604005780176,"Armc8",0.296742657177083,0.0181718212115375
0.1315383890154,0.18587449233324,0.0181714685909878,0.234613087877794,"Chkb",0.296742657177083,0.0181714685909878
0.106921239935219,0.139658280114817,0.0181676289340633,0.234711998224575,"Mtg2",0.296820973010873,0.0181676289340633
0.368126666393511,0.47310976015583,0.0181442384958389,0.235315178389389,"Nudt3",0.297536872265436,0.0181442384958389
0.10123603424297,0.163397843862812,-0.0181363887419197,0.235517849253712,"Musk",0.29774621433934,0.0181363887419197
0.193930561238345,0.248020648334784,0.0181321791566369,0.235626586353383,"Bcl7b",0.297836756285373,0.0181321791566369
0.0821566943835554,0.118633209735131,-0.0181279534834976,0.235735774726996,"Slc9a3r2",0.297927840039285,0.0181279534834976
0.349980323103371,0.475160335284645,-0.0181258363660853,0.235790492982263,"Magt1",0.297939331711875,0.0181258363660853
0.64863339323116,0.680393878601863,-0.0181247285192128,0.235819129574043,"Bcap31",0.297939331711875,0.0181247285192128
0.345986710939067,0.446687779559797,0.0181153185183087,0.236062466661312,"Dcaf8",0.298199816198105,0.0181153185183087
0.11733380882929,0.163707477350526,-0.0181038049464506,0.236360442305135,"March8",0.298529228562317,0.0181038049464506
0.0804122383588767,0.11504823510465,0.0180326747533935,0.238207214652163,"Gba",0.30081439886197,0.0180326747533935
0.0693420025639426,0.101368460153576,-0.0180200172235448,0.238536909908945,"Kif3b",0.301183346201318,0.0180200172235448
0.111476650912231,0.148441418337753,-0.018007095162025,0.238873827493109,"Gnl3l",0.30156129512346,0.018007095162025
0.311763398544237,0.371387044704662,0.0179817669753884,0.239535183992555,"Abhd14a",0.302348641868218,0.0179817669753884
0.264577098522068,0.336340300069597,0.0179769928439797,0.239659988073666,"Lin7c",0.302458594574253,0.0179769928439797
0.0658994317290397,0.0888940622192499,-0.0179599745296999,0.240105249200771,"Pogk",0.302972876173452,0.0179599745296999
0.0607989137609819,0.0865791080730088,-0.0179530980358636,0.240285328566657,"Runx1",0.303152433399192,0.0179530980358636
0.0628475176565302,0.0811269657821287,-0.0179498378040003,0.240370739687627,"Ero1l",0.303212516153674,0.0179498378040003
1.15292766915717,0.994316336273863,0.017942468735564,0.240563872350623,"Aplp2",0.303408442587457,0.017942468735564
0.117491959155044,0.164479111714543,0.0179394427265882,0.240643211327829,"Pbx2",0.303460809004322,0.0179394427265882
0.0774437560741546,0.101048212791646,0.0179369010016844,0.240709867090621,"Cpt2",0.303497167431669,0.0179369010016844
0.201328517675911,0.254786415243618,0.0179243458858452,0.241039310912618,"2210016F16Rik",0.303864796663448,0.0179243458858452
0.0851356082295237,0.0998589176235667,0.0179128535716423,0.241341145144959,"Gatd1",0.304180427997647,0.0179128535716423
0.196376885132915,0.286543495449898,-0.0179119266416902,0.241365501627744,"Pgrmc2",0.304180427997647,0.0179119266416902
0.375038022714104,0.471601852758935,0.0179088245774707,0.241447025625949,"Adprh",0.304235385305059,0.0179088245774707
0.0867232039258333,0.13240802498246,0.0178916603621606,0.241898461109861,"Ccdc66",0.304756359231516,0.0178916603621606
0.149169090359127,0.20392025023505,0.0178774430667421,0.242272839046916,"Riok1",0.305162696613963,0.0178774430667421
0.0834127082195942,0.120616582629833,-0.0178765241171735,0.242297051361859,"Acp2",0.305162696613963,0.0178765241171735
0.230600189286728,0.319423041127453,-0.017849760202589,0.243002968576325,"Jmy",0.306003738207223,0.017849760202589
0.20404361922879,0.309597591578788,0.0178424405331874,0.243196281467713,"Crtap",0.306199115408274,0.0178424405331874
0.116545647667731,0.163215567669119,0.0178147999189426,0.243927245940939,"Crbn",0.307071261598696,0.0178147999189426
0.0796449537929805,0.108300902472319,0.0177993714708118,0.244335926126511,"Ankrd54",0.307537485684569,0.0177993714708118
0.235403505366326,0.297087839922425,-0.017779949446296,0.244851074065149,"Stt3b",0.308137549921386,0.017779949446296
0.09328080714772,0.141093099907409,-0.0177783923557483,0.244892407154675,"Mdn1",0.308141238044395,0.0177783923557483
0.0694749097205933,0.106491428012258,-0.0177628658099799,0.245304828275862,"Cep95",0.308595274715474,0.0177628658099799
0.28164018066081,0.346094806040029,0.0177619124844968,0.245330166676222,"Acadvl",0.308595274715474,0.0177619124844968
0.286107290582876,0.359482911205478,0.017740616214203,0.245896677891684,"Scamp2",0.30925846802827,0.017740616214203
0.257980688821734,0.283270438251864,-0.0177391963037685,0.245934482114705,"Mesd",0.30925846802827,0.0177391963037685
0.176717346728388,0.230899791536978,-0.0177330932450551,0.246097018597701,"Lpcat3",0.309414364968342,0.0177330932450551
0.127884334067253,0.176236219073442,0.0177155466226127,0.246564738998828,"Itpripl2",0.309953856450979,0.0177155466226127
0.390544134576641,0.54919980770979,-0.017707886290019,0.246769126919612,"Rabep1",0.310150752993003,0.017707886290019
0.114018784572627,0.167049599929496,0.0177067792622349,0.246798673711406,"Pigu",0.310150752993003,0.0177067792622349
0.233101109859166,0.303328806014585,0.0177031165516117,0.24689644984526,"Rassf1",0.310225041271276,0.0177031165516117
0.348702286536578,0.419052941923189,0.017689139686398,0.247269811779547,"Grn",0.310601842349612,0.017689139686398
0.128379866071082,0.186475298215837,-0.017688992342231,0.247273749866565,"Phf12",0.310601842349612,0.017688992342231
0.242667886447388,0.336444479591201,0.0176841184933267,0.247404038615427,"Cnot6",0.310716858013802,0.0176841184933267
0.159082479847218,0.267537180616274,0.0176813334847067,0.247478509617518,"Dab1",0.310761746662123,0.0176813334847067
0.414221874093339,0.507290291919485,-0.017668571405194,0.247819967696192,"Pum1",0.311141827694296,0.017668571405194
0.099453246388511,0.146200148535585,-0.0176475580791493,0.248382911402657,"Nrbf2",0.311799824952272,0.0176475580791493
0.118879765173865,0.165674863286232,0.0176416855131145,0.248540396279582,"Gramd1a",0.311948715743371,0.0176416855131145
0.150879656732536,0.204349010513643,0.0175684975972472,0.250508938310773,"Orc4",0.314370303566726,0.0175684975972472
0.133476549616919,0.169587563888664,0.0175503032223205,0.250999998410384,"9130401M01Rik",0.314860175940645,0.0175503032223205
0.074473465354123,0.117911049634516,0.0175501465262842,0.251004230498737,"Plxnb1",0.314860175940645,0.0175501465262842
0.103416725719013,0.156671103552674,-0.0175496731033098,0.251017017135133,"Pip4k2a",0.314860175940645,0.0175496731033098
0.556800478397036,0.658821447340712,0.0175260111005992,0.251656680949333,"Bclaf1",0.315612703471191,0.0175260111005992
0.338422269999578,0.555752830277765,-0.0175245718895308,0.25169562431607,"Dcn",0.315612703471191,0.0175245718895308
0.117025897808088,0.167357030456086,-0.0174994650575379,0.25237566184122,"Yes1",0.31641598603343,0.0174994650575379
0.139713299541219,0.189746081058984,0.0174886892692722,0.252667924506292,"Plod3",0.316732920830883,0.0174886892692722
0.594874195161645,0.859176316734176,0.0174798369770075,0.252908194132834,"Meg3",0.316984590709445,0.0174798369770075
0.202359379168413,0.256142026856881,-0.0174742303833591,0.253060451026506,"Acsl3",0.317125887714615,0.0174742303833591
1.9361957403187,1.43974355535648,0.0174676495101678,0.253239247607066,"Qk",0.317300393941146,0.0174676495101678
1.09276465740817,0.960349287049692,0.0174616369083007,0.253402681622975,"Gng5",0.317455599897385,0.0174616369083007
0.110667676253932,0.1643662672209,-0.0174556502985925,0.25356548205734,"Pik3c3",0.317609963788338,0.0174556502985925
0.346629244024705,0.422044245975505,0.017453570248187,0.253622064183587,"M6pr",0.317631253786344,0.017453570248187
0.0720043639494627,0.10350586931893,-0.0174479712353538,0.25377441379342,"Naga",0.317772455723846,0.0174479712353538
1.32243203156877,1.75197038507181,0.017439070133704,0.25401674459526,"Jun",0.318026269095392,0.017439070133704
0.297254554108016,0.436626209965009,-0.0173953767920825,0.255208622128141,"Txnip",0.319468640242777,0.0173953767920825
1.09472250951988,1.03039943637772,-0.0173909646507083,0.25532919328346,"Gpx4",0.319569715630398,0.0173909646507083
0.137484166648935,0.191809125714792,0.0173733302914146,0.255811484928802,"Actr6",0.320123417821071,0.0173733302914146
0.270550240332029,0.346748975580549,0.0173699199863455,0.255904828181772,"Strn4",0.320190291802672,0.0173699199863455
0.10446819604613,0.139701211312456,0.017344536370216,0.256600344939274,"Fbxo6",0.321010472059983,0.017344536370216
0.0763942612088027,0.110552303260291,0.0173412043609502,0.256691740065738,"Slc25a26",0.321062709498644,0.0173412043609502
0.317021992464792,0.371924788072796,-0.0173400967343791,0.256722126637998,"Copa",0.321062709498644,0.0173400967343791
0.153750019951994,0.215259058033202,-0.0173225308747689,0.257204361313464,"Rassf3",0.321615676356434,0.0173225308747689
0.0666463898712329,0.0989529014044877,0.0173138476424309,0.257442973612286,"Glmn",0.321863885987064,0.0173138476424309
0.201178471088752,0.270028660939613,0.0172882024731587,0.258148590374376,"Ccdc174",0.322695792049228,0.0172882024731587
0.147990707372614,0.208114557646282,0.0172735049779781,0.258553589915806,"Napg",0.32315171424991,0.0172735049779781
0.166993598326074,0.219110377374291,-0.0172462771327415,0.259305034573502,"Sesn3",0.324040429437437,0.0172462771327415
0.485863792457448,0.5462164728588,-0.0172447467463332,0.259347315611626,"Cavin3",0.324042799823682,0.0172447467463332
0.300828920014888,0.37716513818674,0.0172216390175646,0.259986308929556,"Krcc1",0.32479061853507,0.0172216390175646
0.143398465665286,0.280882733671128,0.0172079879995087,0.260364309226588,"Ict1",0.325212206916896,0.0172079879995087
0.21269481801583,0.304121919415837,-0.0172056633430112,0.260428717441333,"Ppp6r3",0.325242027820896,0.0172056633430112
0.128024975480847,0.177749316251851,0.0172021164895925,0.26052700975146,"Tnfaip1",0.325314149742564,0.0172021164895925
0.0565077613635047,0.0732182559100757,-0.0171989275018285,0.260615406598613,"Heatr5b",0.325373894903885,0.0171989275018285
0.370830828073599,0.437415260221558,0.0171925895192553,0.260791153284222,"Tcn2",0.32550092888648,0.0171925895192553
0.0630575140156123,0.0799589781911992,-0.0171923322411941,0.260798289109071,"Numbl",0.32550092888648,0.0171923322411941
0.0816669668112848,0.118048714386139,-0.0171845591194703,0.261013946880857,"Stat2",0.325690060146982,0.0171845591194703
0.0708807753629124,0.101880242609754,-0.0171839445027096,0.26103100408839,"Atg14",0.325690060146982,0.0171839445027096
0.238636511882041,0.307269273565344,-0.0171617234996001,0.261648212099818,"Tgoln1",0.326409398925519,0.0171617234996001
0.0722285461109307,0.0974363805234724,0.0171589420399654,0.261725540547439,"Mto1",0.326455112288613,0.0171589420399654
0.414398586774343,0.516476572754034,0.0171543125698274,0.261854281264329,"Ifrd1",0.326563987962344,0.0171543125698274
0.281505645040911,0.376261830900237,-0.0171528765218834,0.261894225141785,"Sqle",0.326563987962344,0.0171528765218834
0.164360116952928,0.224420161026904,0.0171500007497157,0.261974227805973,"Polb",0.326612990042748,0.0171500007497157
0.0739868158174006,0.106553995746248,-0.0171045471011752,0.263240969649894,"Msra",0.328098603052141,0.0171045471011752
0.154254755828405,0.213002389887034,-0.0171043093003787,0.263247607982263,"Rbms2",0.328098603052141,0.0171043093003787
0.103003892638007,0.138776525634099,0.0170998109997155,0.26337320212993,"Med20",0.328204158082087,0.0170998109997155
0.144240606810503,0.199958201946267,-0.0170954211479675,0.263495808190996,"Rab2b",0.328305957286421,0.0170954211479675
0.378452579124536,0.434577713838884,0.0170827474664721,0.263849997771946,"Bet1",0.328696224518257,0.0170827474664721
0.269677928657166,0.331111125271474,0.0170796848850642,0.263935636526691,"Ube2w",0.328751870147496,0.0170796848850642
0.824293010703242,0.906768328035799,-0.0170532339631823,0.264676079395123,"Ywhaz",0.329622980143794,0.0170532339631823
0.170962544824518,0.220169015568096,0.0170480407828602,0.264821620442455,"Amn1",0.32975305438086,0.0170480407828602
0.0945495835823031,0.129800212139591,0.0170410052993736,0.265018880731807,"Tatdn1",0.329947478509235,0.0170410052993736
0.321887173116378,0.387950341091637,0.0170241529683947,0.265491796432826,"Zfyve21",0.330484978991157,0.0170241529683947
0.599148503379269,0.885510445706383,-0.0170161225240612,0.265717353697452,"Lrrc58",0.330714447970894,0.0170161225240612
0.140061419286648,0.192821357181701,0.0170129610678575,0.265806188124607,"Memo1",0.330773705569455,0.0170129610678575
0.49390131891538,0.595468030815654,0.0170052619547645,0.266022612632084,"Calu",0.330957208004329,0.0170052619547645
0.151896144728073,0.202490017341155,0.0170047808546883,0.266036140531895,"Map2k5",0.330957208004329,0.0170047808546883
0.0690146140412721,0.0933738316758457,0.0169971485446721,0.266250814352062,"Nudt22",0.331172924253751,0.0169971485446721
0.10842534288607,0.147914035870957,-0.0169903784397903,0.266441336666786,"Anapc1",0.331358537726951,0.0169903784397903
0.220034995154953,0.250428407711754,0.0169594503356365,0.267312898999614,"Ppp1cc",0.33239093469284,0.0169594503356365
0.12668443184774,0.167092381396056,-0.0169569217951293,0.267384240505644,"Nck1",0.332428129193878,0.0169569217951293
0.423928164397751,0.493656017809626,0.0169530576318592,0.267493291217577,"Tm2d2",0.332512187254816,0.0169530576318592
0.300126471460595,0.421795198608873,0.0169470358808158,0.267663292223338,"Ddx46",0.332671972862463,0.0169470358808158
0.218567469432931,0.306538934874417,-0.0169371397717653,0.267942832057895,"Taf3",0.332967830948203,0.0169371397717653
0.0807257055583461,0.118375760144933,-0.0169355405866233,0.267988023773691,"Ncdn",0.332972422229807,0.0169355405866233
0.129605936610328,0.177978785272915,-0.0169249675944598,0.268286939960847,"Hat1",0.33329221338378,0.0169249675944598
0.438546932667648,0.540123123063581,0.0169127879543861,0.268631562465739,"Zmat2",0.333668677589023,0.0169127879543861
0.084546531384714,0.125035448097229,-0.0169091466234179,0.268734652785306,"Gxylt1",0.333745063295047,0.0169091466234179
0.112916520920406,0.141242660050117,-0.0169015569907593,0.268949611402828,"Mfn1",0.333960334555291,0.0169015569907593
0.389221674835521,0.544476317578934,-0.0168959746108654,0.269107794571553,"Picalm",0.334079654260673,0.0168959746108654
0.123440415239435,0.163369729941404,0.016895227356768,0.269128973721459,"Orc2",0.334079654260673,0.016895227356768
2.74036494333774,1.36062432671897,0.016885310297416,0.269410157624922,"H3f3b",0.33437696903053,0.016885310297416
0.113103263968134,0.152256796876743,0.0168814905443167,0.269518514952507,"Fam189a2",0.334459722236146,0.0168814905443167
0.2708088350595,0.329337751833458,0.0168726233063662,0.269770172677177,"Pmvk",0.334720251362559,0.0168726233063662
0.133274801865057,0.200339420979525,0.0168665470106805,0.269942714742492,"Slc5a3",0.334844969501797,0.0168665470106805
0.135691030504812,0.184334493134324,-0.0168661443615897,0.269954151010359,"Ivd",0.334844969501797,0.0168661443615897
0.313725559408085,0.340068495279386,0.0168538204431784,0.270304342622792,"Clcn4",0.335227518578869,0.0168538204431784
0.220369874573736,0.285466579624681,0.016851743746421,0.270363383861873,"Ikbip",0.335248924757792,0.016851743746421
0.252237934296862,0.314584848831021,-0.0168496630686218,0.2704225471471,"Amfr",0.335270475634785,0.0168496630686218
0.23780708316656,0.311490483875175,0.0168454683267204,0.270541850018981,"Pole3",0.335288686667293,0.0168454683267204
0.129584776921771,0.170848949756932,0.0168441347270073,0.270579786552662,"Gstz1",0.335288686667293,0.0168441347270073
0.0830468980203508,0.104586003902599,-0.01684386439178,0.270587477146727,"Orai3",0.335288686667293,0.01684386439178
0.0887498915050065,0.121330974698058,-0.0168432702961073,0.270604378721011,"Ttc9c",0.335288686667293,0.0168432702961073
0.159946671729224,0.219952564416941,0.0168103851332386,0.271541065251481,"Eftud2",0.336397330180313,0.0168103851332386
0.0767918186698331,0.102900875684721,-0.016801656066298,0.271790072535403,"Cdc42ep2",0.33665383482928,0.016801656066298
0.290217388588465,0.382723112260961,-0.016787152808116,0.272204141155712,"Dhx36",0.3371146826105,0.016787152808116
0.210395987882046,0.292516217150356,-0.0167253035630502,0.27397478339387,"Gpbp1l1",0.339255194745743,0.0167253035630502
0.120336588305183,0.175794293895283,0.0167141016413441,0.274296315644105,"Tbc1d20",0.339600931450131,0.0167141016413441
0.127462745145742,0.157168963059444,0.0167076288768835,0.274482222842456,"Rcl1",0.339778672645459,0.0167076288768835
0.115800590226061,0.164859120925582,-0.0166943928771406,0.274862647763087,"Rint1",0.340197113319606,0.0166943928771406
0.0862068169138156,0.118110354956824,0.0166912651011101,0.274952597856571,"Klhl22",0.34025596008654,0.0166912651011101
0.102880435525421,0.145540056877277,-0.0166775089291865,0.275348442954914,"Gpsm2",0.340693277759481,0.0166775089291865
0.0631933513936182,0.0898183280473358,-0.0166697511913276,0.275571849580937,"Mnt",0.340917132444872,0.0166697511913276
0.0975352345843024,0.137718504327657,0.0166654023867729,0.275697140122997,"Alkbh8",0.341019554855391,0.0166654023867729
0.0979187592420654,0.132536101386733,0.0166601652336017,0.275848075849132,"Rabepk",0.341153662240049,0.0166601652336017
0.136621517444231,0.180966597311816,0.0166499000909728,0.276144082602923,"Pip5k1a",0.341467116474935,0.0166499000909728
0.11915148925497,0.210218928869171,-0.016646794940705,0.276233665692018,"Ankrd26",0.341502836545796,0.016646794940705
0.380714686069061,0.48579100572559,-0.0166459484678968,0.276258089733146,"Hook3",0.341502836545796,0.0166459484678968
1.43752610082264,1.20293690977504,0.0166387109983041,0.276466979051586,"Serf2",0.341708416498757,0.0166387109983041
0.164787323492496,0.178265814539751,0.0166059392917755,0.277414189770242,"B4gat1",0.342826345097246,0.0166059392917755
0.173059940094606,0.240958415245946,-0.0166039288925855,0.277472368807901,"Nelfb",0.342845439993008,0.0166039288925855
0.121337191614931,0.169149095513466,0.0165930567074129,0.277787143432921,"Rars2",0.343181530239532,0.0165930567074129
0.136633024084349,0.183914925646143,0.0165870785334047,0.27796032877424,"Ergic1",0.343342622857836,0.0165870785334047
0.202787781302937,0.264812049842662,0.0165502683419144,0.279028324588217,"Rbck1",0.344608785054002,0.0165502683419144
0.123592520669846,0.193801336869174,-0.0165444767433504,0.279196613331715,"Pacrg",0.344763561922697,0.0165444767433504
0.209824585009503,0.282846174886302,0.0165413696250071,0.279286926515975,"Rnf167",0.344822018520417,0.0165413696250071
0.400720792240068,0.473278825066706,-0.0165034501025948,0.280390715885042,"Hexa",0.346131554501781,0.0165034501025948
0.101287861710409,0.133662857073485,-0.016486700965528,0.280879203996877,"Sympk",0.34668123871265,0.016486700965528
0.136117360739784,0.187612335473681,0.0164570007573637,0.281746829231808,"Rrn3",0.347698640073212,0.0164570007573637
0.293677456922814,0.376185976336889,0.0164463759994549,0.282057648729303,"Upf3b",0.3480286903589,0.0164463759994549
0.0787365329214225,0.119001540985269,0.0164366745411475,0.282341660747791,"Mcoln1",0.34832556670361,0.0164366745411475
0.360438800382469,0.50425181494689,0.0164311318697882,0.282504010472074,"Sod1",0.348472279789073,0.0164311318697882
0.179122101176468,0.220252523444411,0.016423933354542,0.282714955741833,"Btf3l4",0.348678881781811,0.016423933354542
0.0866697750708238,0.129709108000514,-0.0164167541628745,0.282925441021842,"Banp",0.3488848530443,0.0164167541628745
0.309646782145894,0.411355927598446,-0.0164136337673649,0.283016960361297,"R3hdm1",0.348897603431673,0.0164136337673649
0.167364887927309,0.224480915196815,-0.0164134365821703,0.283022744359018,"Stau1",0.348897603431673,0.0164134365821703
0.418157567719584,0.450602733168654,0.016411473292214,0.28308033755626,"Rab1a",0.348914996705289,0.016411473292214
0.0919207965831395,0.100703516061816,-0.0163977251572314,0.283483862115802,"Thap12",0.34935870213749,0.0163977251572314
0.35002943484361,0.430141010057674,-0.0163798007297734,0.284010550587534,"Gpbp1",0.349911475276855,0.0163798007297734
0.171075475526713,0.233857705718799,0.0163794922415952,0.284019620946929,"Plekhg5",0.349911475276855,0.0163794922415952
0.236429421869003,0.354619982296904,0.0163738719739651,0.284184905836716,"Usp16",0.350061357757724,0.0163738719739651
0.0590308583515086,0.0804439056045332,-0.0163639594404567,0.284476579372106,"Traf6",0.350345238926205,0.0163639594404567
0.113657551421052,0.163288796029306,-0.0163630724380362,0.284502689038279,"Tgif1",0.350345238926205,0.0163630724380362
0.105078410870619,0.188841873242293,0.0163576010980295,0.284663778393381,"Ndrg4",0.350384068129004,0.0163576010980295
0.933273206953727,0.926274265340691,-0.0163573749468422,0.284670438153352,"Snrnp70",0.350384068129004,0.0163573749468422
0.0695353891498706,0.104445946124251,0.0163568130572194,0.284686985283688,"Dhx38",0.350384068129004,0.0163568130572194
0.125955103017622,0.15988415968273,0.0163560693131933,0.284708888858563,"Plp2",0.350384068129004,0.0163560693131933
0.183752285300972,0.253078862767446,-0.0163424921871079,0.285108941249471,"Fibin",0.350822595397294,0.0163424921871079
0.282588941420637,0.391246306032612,-0.0163406493113756,0.285163271181467,"Ano6",0.350835646728011,0.0163406493113756
0.0644766118464225,0.0848035810692118,-0.016319826580572,0.285777633666951,"Zbtb10",0.351537595054977,0.016319826580572
0.0727120962812535,0.10060892169664,0.0162935102275282,0.28655536062698,"Wrnip1",0.352440253474999,0.0162935102275282
0.319185793423136,0.401492958357474,-0.0162899162311151,0.286661684764937,"Tns3",0.352516989816683,0.0162899162311151
0.0759805701142378,0.106659922321586,0.0162638061302291,0.287434920723156,"Cops7b",0.353413699644898,0.0162638061302291
0.309674090733723,0.379461158306736,0.0162514274379217,0.287801999910765,"Cttn",0.353810823852303,0.0162514274379217
0.142208943804316,0.181929324464718,0.0162393503164648,0.288160440811757,"Cln3",0.354197208497785,0.0162393503164648
0.251595236468608,0.340923066878652,-0.0162241031362056,0.288613396546409,"Mbtd1",0.354699631473179,0.0162241031362056
0.533365301239802,0.641370349047807,0.0162164805405246,0.288840024648495,"Ppig",0.354923791390433,0.0162164805405246
0.0945745502045738,0.119419394004083,0.0162004533389519,0.289316921800723,"Slbp",0.355455363731282,0.0162004533389519
0.308868176983884,0.3973162212295,-0.0161952138902915,0.289472939064608,"Rsrc1",0.355592599977712,0.0161952138902915
0.253276724124822,0.387533056399169,0.0161891744574671,0.289652848057723,"Srrt",0.355759138652254,0.0161891744574671
0.448702854728633,0.528893521426782,0.0161750148097717,0.290074945617426,"Siva1",0.356223043102881,0.0161750148097717
1.4922707407318,1.06326518906914,0.0161714105199999,0.290182455156141,"Rbm39",0.356300538664556,0.0161714105199999
0.618777631519819,0.774164872260775,-0.0161662623265957,0.290336063075714,"Adam10",0.356434603751458,0.0161662623265957
1.19008227479595,0.997284193231043,-0.0161619652364218,0.290464318292811,"Sec62",0.356524107206557,0.0161619652364218
0.366935779072754,0.445734257289142,0.0161608425589929,0.290497833115213,"Mapk1",0.356524107206557,0.0161608425589929
0.177374291029297,0.210640578855482,0.0161505186809467,0.290806149483252,"Nr2f6",0.35684791917015,0.0161505186809467
0.233590096449184,0.292163212536958,0.0161240242233852,0.29159839700736,"Ptpmt1",0.357765372719733,0.0161240242233852
0.211370258824272,0.284990099999504,0.0161050704391573,0.292166049399796,"Psmg2",0.358407029564892,0.0161050704391573
0.0616386400825351,0.0863835106821973,-0.0161023081607227,0.292248839592994,"Meis3",0.358453789192018,0.0161023081607227
1.52080609939506,1.06098434533688,-0.0160996212734489,0.292329385297249,"Bsg",0.358497781999867,0.0160996212734489
0.192110104336643,0.241812870163916,0.0160755102422851,0.293052836585494,"St7l",0.359296775001885,0.0160755102422851
0.118732168888509,0.164784724220911,0.0160749233029392,0.293070462660436,"Gpatch11",0.359296775001885,0.0160749233029392
0.0613526420278249,0.0844894711085951,-0.0160707681179603,0.293195265235418,"Nsun6",0.359394868354566,0.0160707681179603
0.235473666101202,0.304282247046916,0.016061732777728,0.293466768190406,"Mrps25",0.359672727655386,0.016061732777728
0.133553865320086,0.173806112782969,0.0160565702890955,0.293621971496013,"Rbm10",0.35980798706231,0.0160565702890955
0.213184077056639,0.257379613724166,0.0160400507888552,0.294118977969203,"Ino80b",0.36036199102533,0.0160400507888552
0.686193993408818,0.704852086444071,0.0160274962685807,0.294497070776131,"Raly",0.360770152046973,0.0160274962685807
0.299115790705021,0.355079794558787,-0.0160187332699347,0.294761170764276,"Dhrs4",0.361038564221119,0.0160187332699347
0.279946940733484,0.386271995642281,-0.0159858006774629,0.295755114174899,"Arid5b",0.362161774387175,0.0159858006774629
1.03606884726864,0.994426768432606,0.0159853590550025,0.295768458070683,"Fus",0.362161774387175,0.0159853590550025
0.170602614131187,0.240285989268012,-0.0159837886432461,0.295815912297027,"Usp48",0.362164614017599,0.0159837886432461
0.0650560781413674,0.0992514922177964,-0.0159749140799763,0.296084176910429,"Uba6",0.362437747601721,0.0159749140799763
0.0696071517580586,0.0891387038833181,0.0159653336323431,0.29637396198375,"Rras2",0.362689429974933,0.0159653336323431
0.138326355800965,0.177389321986937,0.0159651280146918,0.296380183492727,"Ubap1",0.362689429974933,0.0159651280146918
0.0733023605739333,0.0951077183240064,-0.0159618539194856,0.296479261721879,"Evi5l",0.362755351640189,0.0159618539194856
0.247607407086643,0.309143065144044,0.0159357583734359,0.297269737498131,"Dguok",0.363667079384815,0.0159357583734359
0.215184504022647,0.312607088818386,-0.0159262303177289,0.297558708220142,"Safb2",0.363965102859515,0.0159262303177289
0.191400695972667,0.243354724635109,0.0158801427024528,0.298959120716651,"Tsen15",0.365622311329127,0.0158801427024528
0.117879157733787,0.160552152428846,0.0158388976136889,0.300216111601576,"Cd2bp2",0.367103639056849,0.0158388976136889
0.205881456425049,0.293887406859693,-0.0158016100274657,0.301355520159813,"Supt6",0.368440757848902,0.0158016100274657
0.285895340200093,0.669853221284205,0.0157982388865387,0.301458674885127,"Sfrs18",0.368510726276396,0.0157982388865387
0.0618138693870148,0.0785838261362863,0.0157963350193575,0.301516942369262,"Ackr3",0.368525810444929,0.0157963350193575
0.0638993351201627,0.0898455043448158,0.015783489893247,0.301910260834428,"Zfp110",0.368950340075457,0.015783489893247
0.11191759711722,0.162431029691724,-0.0157788612232205,0.302052074592207,"Msl2",0.36906743513444,0.0157788612232205
0.264752719327711,0.368845080186695,0.0157750401143377,0.302169179578352,"Dhx9",0.369154308303395,0.0157750401143377
0.0760353308331052,0.110908204514077,-0.0157697138958989,0.302332461823368,"Pfkp",0.369297560309134,0.0157697138958989
0.100444633291913,0.13188360890573,0.0157621747860197,0.302563683466711,"Sipa1",0.369523743704245,0.0157621747860197
0.305309418622235,0.36909703760795,0.0157321866662953,0.303484571483619,"Prpsap1",0.370592025808028,0.0157321866662953
0.0683277127290219,0.0894615595228237,-0.0157120504870937,0.304103965700698,"2810403D21Rik",0.371291877781863,0.0157120504870937
0.510493507190619,0.655648688153326,-0.0157042729600891,0.304343429030988,"Prpf4b",0.371527715585676,0.0157042729600891
0.108796154158471,0.144311249454583,-0.0156859706115749,0.304907436211182,"Secisbp2",0.372159608785902,0.0156859706115749
0.0961259995385686,0.138773430504962,-0.0156689330834502,0.305433089337138,"Slc39a13",0.372744503245809,0.0156689330834502
0.2194951442453,0.332889921741641,-0.0156439076664651,0.306206278989289,"Mia3",0.373609743700289,0.0156439076664651
0.0814033819037232,0.115239256084418,-0.0156429722492272,0.306235204924826,"E4f1",0.373609743700289,0.0156429722492272
0.443174362077821,0.545701249680182,-0.0156344526500883,0.306498740078993,"Ccnl2",0.373874413255373,0.0156344526500883
0.332628579662853,0.414969237927478,0.0156279055406884,0.306701362628442,"Fam133b",0.374064711009366,0.0156279055406884
0.135455980413337,0.202699770040545,-0.0156063491864352,0.307369124008067,"Dcaf17",0.374822165811661,0.0156063491864352
0.0845962281134029,0.10996147925855,0.0155902789191185,0.307867565867821,"Rhbdd2",0.375372944616836,0.0155902789191185
0.208996409569582,0.313184316473815,-0.0155885004116056,0.307922761614072,"Ing4",0.375383202551096,0.0155885004116056
0.319488515781714,0.404307052758742,0.0155851907859903,0.308025492832161,"Atp6v1a",0.375451398220455,0.0155851907859903
0.252041185121377,0.329308744626203,-0.0155646594864527,0.308663293549843,"Pnpla8",0.376151271532968,0.0155646594864527
0.136908060691893,0.200265132037813,0.0155636899017407,0.308693435075348,"Ube2q1",0.376151271532968,0.0155636899017407
0.250267617904059,0.357952747920229,0.0155550414590446,0.308962375688601,"Wdfy2",0.376421819393461,0.0155550414590446
0.212133390673083,0.279508518368555,0.0155390081078627,0.309461374271266,"Zfp292",0.376972531828243,0.0155390081078627
0.136674832330602,0.194382919704254,0.0155323325604973,0.309669291112021,"Ddx10",0.377168547644636,0.0155323325604973
0.744025462716614,0.735006192019492,0.0155267740208807,0.309842487957647,"Prdx5",0.377322222396746,0.0155267740208807
0.131530416447691,0.182645892266751,0.0155251659763444,0.309892604453478,"Arf2",0.377325987577345,0.0155251659763444
0.0928279524472865,0.131720910106483,-0.0155150647136418,0.310207543931378,"Nol10",0.377652151798722,0.0155150647136418
0.241847389233723,0.331709677936951,-0.0154996050016747,0.310689959289949,"Gapvd1",0.37818207423279,0.0154996050016747
0.160439103301125,0.214024908850029,0.0154766660545619,0.311406673305069,"Pfkm",0.378996988715285,0.0154766660545619
0.563831535643691,0.641029821067409,0.0154705508851029,0.31159792207289,"Sdf4",0.379172236383511,0.0154705508851029
0.173008430092515,0.221765793400783,-0.0154668322495425,0.311714258324533,"Thap2",0.379256286398188,0.0154668322495425
0.176660847381209,0.238803060193631,-0.0154350056846813,0.312711112383599,"Lztfl1",0.380411456301698,0.0154350056846813
0.441344051680182,0.569444362762309,-0.0154330843901369,0.312771357212909,"Ythdc1",0.380427068406303,0.0154330843901369
0.0741180779532381,0.101972964799464,-0.0154227076257732,0.313096866985835,"Zfp524",0.380727129727994,0.0154227076257732
0.731498542151362,0.742566449086033,0.015422195034907,0.313112952277546,"Mpc2",0.380727129727994,0.015422195034907
0.198075438474863,0.52610245904338,0.0154132351961821,0.313394203182296,"Lrrtm3",0.381011376717385,0.0154132351961821
0.199769660065723,0.244337322024279,0.0153822632904947,0.314367696736638,"Ercc1",0.382137009334159,0.0153822632904947
0.31953483234132,0.387562389253698,-0.0153754350028752,0.314582587222759,"Fam173a",0.382340302919633,0.0153754350028752
0.0606502867938866,0.0803421676667438,-0.0153722826126099,0.314681827482101,"Zfp251",0.382402996170889,0.0153722826126099
0.282252991908481,0.390483759770989,-0.0153605882383895,0.315050157264073,"Fgd4",0.382757851648844,0.0153605882383895
0.427027058119014,0.648449611966991,0.0153599824990564,0.315069243536966,"Ier2",0.382757851648844,0.0153599824990564
0.0865655436241428,0.121806811461738,0.0153517037507872,0.3153301751845,"Prpf4",0.383016852207149,0.0153517037507872
0.170026336536288,0.336067074563819,0.015348937522539,0.315417393477327,"Ispd",0.383064804792201,0.015348937522539
0.0834173001582253,0.116604127215494,0.0153439524640507,0.315574610772379,"Cdkn2aipnl",0.383197741652174,0.0153439524640507
0.222376607666331,0.300946987035463,0.0153377110555501,0.315771522983967,"Zmpste24",0.383378831959956,0.0153377110555501
0.373745599725009,0.417734850960181,0.0153282276037112,0.316070873816018,"Hnrnph2",0.383684219591487,0.0153282276037112
0.105998971743452,0.145298412619406,0.0153094490598864,0.316664179096499,"Ncbp1",0.384346297545048,0.0153094490598864
0.10934103536257,0.154151551598367,0.0152900785189446,0.317276953290692,"Zfp414",0.385017612833392,0.0152900785189446
0.0624256064375733,0.0834701546601294,0.0152889320798585,0.317313244474977,"Ccl25",0.385017612833392,0.0152889320798585
0.105467227947969,0.149324257017573,-0.0152826240552438,0.317512977268397,"Ccng1",0.385201712972727,0.0152826240552438
0.0900966827144985,0.128889578363108,0.0152696751579783,0.317923240008644,"5730455P16Rik",0.385641130435278,0.0152696751579783
0.0804343581174321,0.118603274560885,-0.0152595730320651,0.318243548891313,"Rmnd1",0.385971317458267,0.0152595730320651
0.133855840284989,0.186621694539146,-0.0152549842636438,0.318389115098542,"Prkacb",0.386089505750446,0.0152549842636438
0.148863999808697,0.194449744428926,0.0152523836893364,0.318471630602068,"Sdhaf2",0.386131212443487,0.0152523836893364
0.577807278753638,0.721506857682562,-0.0152434691073654,0.318754594070311,"Anp32a",0.386415903130409,0.0152434691073654
0.143504310828113,0.191362284571076,-0.0152404190696917,0.318851445044288,"Coq5",0.386474923721355,0.0152404190696917
0.0622405299917878,0.0850287906508382,0.0152280902891421,0.319243129696937,"Dpagt1",0.386891235868935,0.0152280902891421
0.161183449459787,0.319160892113831,-0.0152255651883316,0.319323390825979,"Fxyd2",0.386923754339682,0.0152255651883316
0.072730356152078,0.0982608876274875,-0.0152242121215843,0.319366403912228,"Ripk1",0.386923754339682,0.0152242121215843
0.0993128909145362,0.140489894694467,0.0152129206179348,0.31972550102972,"Cog7",0.387254371193852,0.0152129206179348
0.0952986597731625,0.131123141885045,0.0152125963105122,0.319735818688842,"Adpgk",0.387254371193852,0.0152125963105122
1.2504385800082,1.20654015784122,-0.0152087378284234,0.319858590840888,"Cux1",0.387344602008344,0.0152087378284234
0.0937328299525152,0.126472876498443,-0.0151830962158572,0.320675258298182,"Ankle2",0.388274977000847,0.0151830962158572
0.259898940243377,0.350377267382836,-0.0151740883155472,0.32096247667105,"Plxnb3",0.388564108752038,0.0151740883155472
0.387652052900167,0.525621302388698,0.0151669970412566,0.321188701265735,"Phpt1",0.388768263484483,0.0151669970412566
0.180824125818909,0.24178718241993,-0.0151657650602984,0.321228014319806,"Taf12",0.388768263484483,0.0151657650602984
0.0664119983430942,0.0896023886557869,0.0151615463466528,0.321362659125889,"Aar2",0.388872564745307,0.0151615463466528
0.397109985772606,0.500750403445595,-0.0151457018152951,0.321868683472867,"Ppp1r12a",0.389426163478028,0.0151457018152951
0.112052653003386,0.172089103334453,-0.015138365003969,0.322103174100085,"Dysf",0.389651118495264,0.015138365003969
0.231484245693317,0.286543570318853,0.015112749595136,0.322922737547701,"Caml",0.390583666880125,0.015112749595136
0.949333431905368,0.909397786947445,-0.0151083374210398,0.323064041899507,"Eif1b",0.39069568533559,0.0151083374210398
0.157177014050904,0.185470082610369,-0.0151045889916993,0.323184120808403,"Dnajc15",0.390782005028123,0.0151045889916993
0.0673439801424812,0.0960993858737539,0.0150849049020183,0.323815167314488,"Ogfod2",0.391458819346057,0.0150849049020183
0.323655145916596,0.392013317702921,0.015084086204855,0.323841431059213,"Diablo",0.391458819346057,0.015084086204855
0.186986845882065,0.253315199168874,-0.0150728192861973,0.324203013890279,"Klhl24",0.391836870531044,0.0150728192861973
0.117097886058405,0.232207133037629,0.0150695984187172,0.324306427651679,"Ngfrap1",0.39190282763209,0.0150695984187172
0.118894474986435,0.177777366651091,-0.0150678120272727,0.324363793337462,"Lipa",0.391913127200692,0.0150678120272727
0.224775284006921,0.297920177132315,0.0150573279414821,0.324700597781554,"Btbd10",0.392261005209152,0.0150573279414821
0.159546612861065,0.243539510437539,-0.0150537355640761,0.32481605632508,"Zdhhc17",0.392341417424724,0.0150537355640761
0.0644851201115354,0.100086741170831,0.0150498046144058,0.324942427139379,"Mex3a",0.392423518704795,0.0150498046144058
0.0931283748729708,0.170802694515514,0.0150485788321601,0.324981839705055,"Gm26735",0.392423518704795,0.0150485788321601
0.129269292477168,0.175933600626194,0.0150282531184442,0.325635825468245,"Pxmp4",0.393154057110623,0.0150282531184442
0.154521795512141,0.209431806497557,-0.0150229829967016,0.325805532748917,"Nsf",0.393299773548565,0.0150229829967016
0.0601639686984102,0.0840729955387782,-0.0150211855406933,0.325863427169482,"Mta3",0.393310490314068,0.0150211855406933
0.137723656523047,0.175277986109945,0.014995814645954,0.326681313764833,"Tpst2",0.394238360903748,0.014995814645954
0.184702705964005,0.269473591018346,0.0149907412669062,0.32684502510466,"Dph6",0.394376613750345,0.0149907412669062
0.255740821078534,0.448213350874047,-0.0149729903155767,0.327418244379435,"Syn3",0.395008869779069,0.0149729903155767
0.067640155404786,0.0995568804693302,0.014963403476926,0.32772809671803,"Ascc2",0.395313432596252,0.014963403476926
0.259014295490572,0.32342920068677,-0.0149621313872352,0.327769225705741,"Tmem109",0.395313432596252,0.0149621313872352
0.0930977423218261,0.126625686921587,0.0149594316932817,0.327856522844793,"Taf6",0.395359293553744,0.0149594316932817
0.21444074767519,0.282038479578479,-0.0149439058146863,0.328358859443451,"Ndel1",0.395905557952555,0.0149439058146863
0.0959545472241236,0.127941423233667,0.0149401948763583,0.328478999936484,"Blvra",0.395966797899528,0.0149401948763583
0.134676970632127,0.183314989541564,0.0149392885389412,0.328508346662159,"Pef1",0.395966797899528,0.0149392885389412
0.20003095529484,0.272652171975275,-0.0149330366718108,0.328710825103905,"Cog5",0.396151345844659,0.0149330366718108
0.302766716409131,0.425671058359763,-0.0149281172721609,0.328870205936482,"1110051M20Rik",0.396283906357461,0.0149281172721609
0.307459049695283,0.359154824615458,0.0148953865001025,0.329931906324429,"Ube2m",0.397503545998081,0.0148953865001025
0.100977412598066,0.155288137069134,-0.0148875292991798,0.330187103173554,"Clcn6",0.397751285972767,0.0148875292991798
0.918321340680218,1.19833908472555,-0.0148758314961618,0.330567276910284,"Auts2",0.398149479124605,0.0148758314961618
0.25840441241777,0.357913784310864,-0.0148689192191043,0.330792056086396,"Pdcd6ip",0.3983604169349,0.0148689192191043
0.199180644295396,0.305901689675748,-0.0148448738225675,0.331574754142959,"Dusp1",0.399243071314991,0.0148448738225675
0.15613542156914,0.1998143581224,-0.0148407240145792,0.331709954914321,"Rara",0.399345938219431,0.0148407240145792
0.0716654414371526,0.103603050244912,0.0148241689789937,0.332249672537371,"Zbtb22",0.399935699435923,0.0148241689789937
0.388726433784948,0.486696359435941,0.0148126210930422,0.332626485564901,"Wasl",0.400329221564837,0.0148126210930422
0.145433114455108,0.189316847397708,0.0148106579815976,0.332690570253396,"Mvp",0.400346301096768,0.0148106579815976
0.55330931129112,0.644213571541044,-0.0148079044725984,0.332780470461964,"Iah1",0.400394436195351,0.0148079044725984
0.268892682589886,0.424113093609286,-0.01480142027756,0.332992236982894,"Hes1",0.400570339891634,0.01480142027756
0.165544730289305,0.239887302428982,0.0148003710227241,0.333026512639219,"Sh3tc2",0.400570339891634,0.0148003710227241
0.171443487210557,0.231048199070964,-0.0147966271906789,0.333148829700261,"Slc16a1",0.400657405502832,0.0147966271906789
0.0796496891602046,0.104886202723574,0.0147791518092216,0.333720162121995,"Aagab",0.401284366981401,0.0147791518092216
0.0653639712319249,0.0961459126672917,-0.0147603774327749,0.33433466691045,"1700030K09Rik",0.4019630457431,0.0147603774327749
0.137942309722087,0.193495674641414,0.0147462965508018,0.334796027012866,"Tbc1d22a",0.402457426329773,0.0147462965508018
0.536944407753757,0.621110403913313,-0.0147402439211849,0.334994467391366,"Cyfip1",0.402635651040791,0.0147402439211849
0.0771611427313925,0.133811756649918,0.0147068113551726,0.336091945683012,"Cenpq",0.403894229767933,0.0147068113551726
0.092618311649544,0.121686470725242,-0.0147034169235927,0.336203502612837,"Ubr7",0.403967790500959,0.0147034169235927
0.499196067985434,0.641639503632429,0.0147000738727592,0.336313394208032,"Gstp1",0.404039328511042,0.0147000738727592
0.368132500351243,0.486701130641046,-0.0146918219900617,0.336584746083037,"Tln1",0.404304790803936,0.0146918219900617
0.113179352514349,0.153342788616357,0.0146890906576426,0.336674593214668,"Rad17",0.404352183199296,0.0146890906576426
0.0817224060823259,0.116543927574165,0.0146678929343595,0.337372416107181,"Cant1",0.405129641850348,0.0146678929343595
0.71517848340937,0.761961840258455,0.0146644720119546,0.337485118902182,"Calm3",0.405204338481387,0.0146644720119546
0.18551959040315,0.257659979516296,0.0146557236059821,0.337773446432936,"Supt5",0.405467268322918,0.0146557236059821
0.120299033025482,0.176750038352495,-0.0146547613279143,0.337805170580596,"Ipo8",0.405467268322918,0.0146547613279143
0.176759101709165,0.286413223840786,0.0146522625472292,0.337887558705731,"Vgll3",0.40547536464086,0.0146522625472292
0.878345975833693,0.981119195279155,-0.0146514915694229,0.337912981474754,"Selenom",0.40547536464086,0.0146514915694229
0.387609980287777,0.485325306681638,-0.0146453962722936,0.338114015365621,"Bod1l",0.405655929918323,0.0146453962722936
0.0987848168589602,0.14896042518249,-0.0146422655799039,0.338217301087287,"Taok2",0.405719184321183,0.0146422655799039
0.321121998961973,0.404337475826175,0.0146137289200779,0.339159697160122,"Psmb10",0.406788850525085,0.0146137289200779
0.120285766845261,0.152728817284655,-0.01461165947225,0.339228104136199,"Tmub2",0.406810089312339,0.01461165947225
0.273969820161454,0.340346288692761,-0.0146083170774141,0.339338607907596,"Akirin2",0.406881797646526,0.0146083170774141
0.511607116232752,0.577378472277469,0.0146018237080855,0.339553352822538,"Dnajc19",0.407078455557754,0.0146018237080855
0.0941729442908244,0.113678678405035,0.0145859362397613,0.340079141146196,"Eef2kmt",0.407647897902163,0.0145859362397613
0.502218544263926,0.587299891247943,0.0145759822827704,0.340408828349421,"Cox17",0.407982141699142,0.0145759822827704
1.28403023626855,1.0654619125466,0.0145738256374795,0.340480286046472,"Zfand6",0.408006842179941,0.0145738256374795
0.16322046576678,0.357059591149486,0.0145627617679097,0.340847024334041,"D17Wsu104e",0.408385325258525,0.0145627617679097
0.0821185450610345,0.100317464029684,-0.0145607438359491,0.340913940751253,"Ints11",0.408404517854292,0.0145607438359491
0.061606027467462,0.085942035946811,0.0145342567333546,0.341793056209524,"Gtf3c3",0.409396549190211,0.0145342567333546
0.130028512189475,0.171321364447793,-0.014528628273141,0.341980053247358,"Usp3",0.40945679973375,0.014528628273141
0.580015993193022,0.617368943558593,0.0145283612607063,0.341988925954936,"Atp6ap1",0.40945679973375,0.0145283612607063
0.0873069492017488,0.122607661701261,0.0145281349991704,0.34199644464302,"Fut11",0.40945679973375,0.0145281349991704
0.0942384054661086,0.182523010272898,-0.0145229649768377,0.342168273681373,"Osbpl6",0.409601406537273,0.0145229649768377
0.180954891955535,0.243040478581659,0.0145126830711998,0.342510163483431,"Rpp30",0.409949515481959,0.0145126830711998
0.143118822656768,0.192437537421629,-0.0145019811972902,0.342866249716786,"2810468N07Rik",0.410314509728187,0.0145019811972902
0.0864764993766482,0.123942170464764,-0.0144998101705092,0.342938515703417,"Zfp692",0.410339792723564,0.0144998101705092
0.0702899442746527,0.102873895092962,0.0144718975778091,0.343868496242498,"Prodh",0.411391205285494,0.0144718975778091
0.117729648769298,0.156871803283114,0.0144620980007536,0.344195376010218,"Afg3l2",0.411720885078412,0.0144620980007536
0.219232034583274,0.278285296175395,0.0144378662679573,0.345004513161886,"Aldh7a1",0.412627249010429,0.0144378662679573
0.0651525089136567,0.0845579925274041,0.0144274691043347,0.345352062921218,"Mul1",0.412981364065552,0.0144274691043347
0.0865297235606398,0.128769682115194,-0.0144203579888532,0.345589897201743,"Ppp3cc",0.413204192392607,0.0144203579888532
0.149200845075124,0.19032197506676,0.0143957075253007,0.346415150067178,"Tspan6",0.414129196087461,0.0143957075253007
0.0678842999560283,0.0869968188916461,0.0143772085404737,0.347035285857506,"Ftl1-ps1",0.414808749250802,0.0143772085404737
0.0529422088965021,0.0604713681325679,0.0143649519296293,0.347446549201334,"Mcrip2",0.41523847345718,0.0143649519296293
0.166481257516873,0.189113681739357,0.0143578674665544,0.347684405468012,"Mfsd14a",0.415460859192157,0.0143578674665544
0.320257926534699,0.393892322504281,0.0143210906931051,0.348920824915301,"Yipf5",0.416876220833885,0.0143210906931051
0.328352284431396,0.514699984127747,-0.0143102352926175,0.349286311859371,"Reln",0.417250761703081,0.0143102352926175
0.319778289627414,0.441794630835897,0.0143033095584603,0.349519619071473,"Uri1",0.417467315187481,0.0143033095584603
0.088685541916635,0.121465805185916,-0.0142921949407321,0.349894243851233,"Nt5dc1",0.417852569230882,0.0142921949407321
0.401994775178524,0.50399548302407,0.0142638087149268,0.350852173831674,"Pcyt2",0.418934202801392,0.0142638087149268
0.293648449165674,0.35383757090504,0.0142473531609354,0.351408248058428,"Slc25a51",0.419531071028237,0.0142473531609354
0.0878123508707431,0.123173707746114,0.0142459227196586,0.351456612593695,"Gga1",0.419531071028237,0.0142459227196586
0.0687041187475637,0.0953662158985619,-0.0142400056861772,0.351656717719586,"Dcp1a",0.419707497096826,0.0142400056861772
0.204938660214914,0.282316705751635,-0.014225782311811,0.35213802578676,"Plaa",0.420219440647377,0.014225782311811
0.120511363715288,0.174658047845766,-0.0142144084621951,0.352523207960837,"Map3k7",0.420616538390745,0.0142144084621951
0.17918880086005,0.356941703057723,0.0142090794049664,0.352703771310563,"Wbp5",0.42076941138804,0.0142090794049664
0.619020990417033,0.665482766434438,-0.0141829453217736,0.353590113699647,"Sarnp",0.421764095782067,0.0141829453217736
0.0958229393742902,0.130011963802107,0.0141410232836713,0.355014844457881,"Dpp9",0.423400581440255,0.0141410232836713
0.108188780051011,0.136299027835951,0.0141227449404416,0.355637170808424,"Zfp157",0.424079753093594,0.0141227449404416
0.151105038435359,0.200762249043192,0.0140959533310407,0.35655059225402,"Dhrs7b",0.425105787852341,0.0140959533310407
0.299739719009239,0.396020045658732,-0.0140734374433502,0.357319380987798,"Slc39a1",0.425959101626221,0.0140734374433502
0.123596828187807,0.173013525877758,0.0140698011951703,0.357443635847819,"Sumf1",0.426043929596391,0.0140698011951703
0.100622016109253,0.126033217934062,-0.0140391721786143,0.358491344253374,"Tmem181a",0.427229250896937,0.0140391721786143
0.0922247587981348,0.139780409931319,-0.0140229434456989,0.359047252473694,"Mrgbp",0.427828208174773,0.0140229434456989
0.144279395253859,0.195716145165052,0.0140196127795843,0.35916140995253,"Dtd2",0.427900690936763,0.0140196127795843
0.104032971502998,0.144047735774188,0.0140062191990623,0.359620700675001,"Cherp",0.428384278832572,0.0140062191990623
0.195453722955707,0.23771285424588,-0.0139922532680123,0.360100010964262,"Smim19",0.428891567163016,0.0139922532680123
0.759913971626822,1.01722726733553,-0.013989059599975,0.360209673847111,"Sncg",0.428958507413063,0.013989059599975
0.157323361566959,0.213632159507093,-0.0139855770964057,0.360329278531994,"Nfyb",0.429037265312468,0.0139855770964057
0.164728438125882,0.210798112292658,-0.0139792543196253,0.360546494535651,"Rela",0.429232206551048,0.0139792543196253
0.133200900479695,0.175809409691999,0.0139677509823965,0.360941896868639,"Tomm34",0.429639190101463,0.0139677509823965
0.0598201736912812,0.0888319734453434,-0.0139643178545761,0.361059955877442,"Ell",0.429715972405903,0.0139643178545761
0.110259148928153,0.155436844661857,0.0139617864693709,0.361147021107182,"Cyth1",0.429755850120722,0.0139617864693709
0.64438892441596,0.799630584763749,0.0139573701856693,0.361298947616707,"Arglu1",0.429872887852381,0.0139573701856693
0.223350792275163,0.284750610305284,0.0139503838720032,0.361539368656952,"Nudt4",0.430058915717056,0.0139503838720032
0.0815211525768119,0.110361703046759,-0.0139497120572806,0.361562493198811,"Mycbp",0.430058915717056,0.0139497120572806
0.0953532469808217,0.141718672153166,-0.0139412324251182,0.361854450388332,"Armcx1",0.430317054969575,0.0139412324251182
0.759459814967441,0.82179632494402,-0.0139402938339667,0.361886775540216,"Gamt",0.430317054969575,0.0139402938339667
0.0694336254131551,0.099718445362516,-0.0138892613761396,0.363647059782683,"Gtf2ird1",0.432346126492258,0.0138892613761396
0.492407184031182,0.600913910380531,0.0138864999217849,0.363742464249476,"Oxct1",0.432395486390785,0.0138864999217849
0.385862713546858,0.443468938512744,0.0138696040150605,0.364326535438344,"Vta1",0.433025643661275,0.0138696040150605
0.158471111278383,0.220894933568306,0.0138485809493637,0.365054095267909,"Cnot10",0.433826134542313,0.0138485809493637
0.437274220281287,0.495079291725701,0.013839773089723,0.365359184444419,"Hibadh",0.434124403373615,0.013839773089723
0.07706873755786,0.118282575366575,-0.0138373457406579,0.365443291624758,"Rhot2",0.43416004915562,0.0138373457406579
0.196619516743533,0.290440074383889,-0.0138300975294444,0.365694512662888,"Myh9",0.43439419239186,0.0138300975294444
0.116862442251932,0.154333034208628,0.0138235514112477,0.365921491927759,"Znhit3",0.434599474722963,0.0138235514112477
0.0612852720286129,0.086846139065424,0.0138212878862285,0.365999997547875,"Gemin2",0.434628382466205,0.0138212878862285
0.131822602148665,0.205616104760893,0.0137856088436137,0.367238837927768,"Nrbp2",0.436018674338319,0.0137856088436137
0.699453858864614,0.701954361709271,0.0137844407839064,0.367279439164095,"Pkm",0.436018674338319,0.0137844407839064
0.125201631139203,0.151151285974291,-0.0137823305504253,0.367352797030438,"Ipo7",0.436041249019561,0.0137823305504253
0.215494755449523,0.284415698106076,-0.0137625520891283,0.368040797532535,"Ensa",0.436793279012137,0.0137625520891283
0.079138877370187,0.108203051841465,0.0137400568901555,0.368824274753062,"Mus81",0.43765838222694,0.0137400568901555
0.0906922659611135,0.123986576671159,-0.0137368585221354,0.368935753723931,"Socs2",0.437725933443859,0.0137368585221354
0.24715901194858,0.317936249375029,0.0137159102152436,0.369666423908955,"Cdc40",0.438527999030966,0.0137159102152436
0.0958899484114532,0.13068548225054,-0.0137092714806107,0.369898168318786,"Fndc4",0.438738049163332,0.0137092714806107
0.462153881092495,0.532807564258642,0.0137035676547166,0.370097349068794,"Ghitm",0.438909418996158,0.0137035676547166
0.210561611982182,0.279989783847986,-0.0136564473263714,0.371745363964665,"Map2k1",0.44078787221492,0.0136564473263714
0.144398307769043,0.183374406341627,-0.0136551395877566,0.371791166394638,"Akt2",0.44078787221492,0.0136551395877566
0.22198691253241,0.322843169020766,-0.0136471070134085,0.372072577193393,"Grb10",0.44105633910471,0.0136471070134085
0.0748484993817375,0.103423553076343,-0.0136305013407531,0.372654753719038,"Cbwd1",0.441681202930806,0.0136305013407531
0.230472087775554,0.320451791123311,-0.0136252906136968,0.372837552278285,"Kdm5b",0.441832597767089,0.0136252906136968
0.139162490313659,0.190416140346369,0.0136119836327587,0.373304629038364,"Rnmt",0.44232078313701,0.0136119836327587
0.112724546788609,0.152652922020584,0.0135986450783264,0.373773177293941,"Usp46",0.442810567637175,0.0135986450783264
0.144542956487316,0.185822736976853,0.0135869605242916,0.374183923657874,"Cgrrf1",0.44323173950853,0.0135869605242916
0.126576952665066,0.181856939894659,0.0135846961710163,0.374263554592414,"Paf1",0.443260629084802,0.0135846961710163
0.234582281684699,0.267084718865882,-0.0135677092343188,0.374861271444137,"Bcl7c",0.443903016834084,0.0135677092343188
0.0755181189441189,0.0883287850228561,0.0135585832133791,0.375182630818453,"Eef1akmt2",0.444185428482532,0.0135585832133791
0.169909519724475,0.340646027266873,-0.0135577927773472,0.375210472863235,"Stmn2",0.444185428482532,0.0135577927773472
0.166578033556256,0.215409475331067,-0.0135508315004322,0.375455729573432,"Lta4h",0.444410204174247,0.0135508315004322
0.17503160739594,0.241677861378046,-0.0135273260422421,0.376284594941824,"Ythdf3",0.445325603217285,0.0135273260422421
0.314340682547818,0.405293064308371,0.0135076132201405,0.376980591441274,"Sgcb",0.446083507701635,0.0135076132201405
0.257220860948493,0.310655627236588,0.0134785447751189,0.37800835181927,"Yipf1",0.447233709082546,0.0134785447751189
0.113912639399808,0.168389589794126,-0.0134712980536593,0.378264839439538,"Isy1",0.44747118850993,0.0134712980536593
0.315300755545757,0.372749987937312,0.0134629820662971,0.378559304218183,"Fundc2",0.447753516663723,0.0134629820662971
0.0895785156078876,0.120387751829383,0.0134537334004139,0.378886960298105,"Cstf2t",0.448075013917759,0.0134537334004139
0.142848928154984,0.203975538459831,-0.0134340724528662,0.379584075761905,"Cyld",0.448833277912397,0.0134340724528662
0.0835752993373501,0.115494216450001,-0.0134285973302069,0.379778346689509,"Alg2",0.448942515496206,0.0134285973302069
0.193751757678814,0.246525351127965,-0.0134283151916461,0.379788359320569,"Efr3a",0.448942515496206,0.0134283151916461
0.271772301920637,0.37574531355771,-0.0134166671734402,0.380201869829873,"Ehmt1",0.449365120564869,0.0134166671734402
1.2847170236753,1.0014361894132,0.0133922852822749,0.381068334209752,"Tmem59",0.450322873887931,0.0133922852822749
0.157850493806351,0.20968142631086,0.0133558856990348,0.382364126847829,"Hmox2",0.451787623888526,0.0133558856990348
0.12596043447653,0.175488190867254,0.0133491506784404,0.382604183288811,"Sec22a",0.452004706523766,0.0133491506784404
0.215942945543684,0.292295156340374,-0.0133218100053939,0.383579635287558,"Tmed5",0.453090386213361,0.0133218100053939
0.337281343752013,0.440004371770336,-0.0133185252205096,0.383696931155011,"Bin3",0.453162227787432,0.0133185252205096
0.857145000497276,0.837541889652864,0.0133144590324887,0.383842160425302,"Paip2",0.453267033885596,0.0133144590324887
0.157165568390354,0.174464663844393,0.0133101185469542,0.383997223702872,"Nsmce3",0.453383420098859,0.0133101185469542
0.63107028372564,0.652230220709255,0.0133073149176305,0.384097403362207,"Ost4",0.45343498081188,0.0133073149176305
0.473001460543482,0.519367006387071,0.0133023104986517,0.384276261666618,"Tcea1",0.453579394470865,0.0133023104986517
0.0725170347714701,0.115865198413141,0.0132958914311331,0.38450575417271,"Bex2",0.453783522794797,0.0132958914311331
0.171259078706529,0.203135839356127,0.0132809989855247,0.385038506910576,"Ncoa4",0.454345438154479,0.0132809989855247
0.0709555659349614,0.0958467535229532,0.0132680310941495,0.385502779101411,"Nup62",0.454826393105385,0.0132680310941495
0.071248364923975,0.0928715760123421,0.0132659523435429,0.385577233633573,"Dedd",0.454847357053189,0.0132659523435429
0.0641954661860391,0.0867362680205266,0.0132404052598423,0.386492969585972,"Coq6",0.455860589145648,0.0132404052598423
0.16309582554165,0.207480612410425,0.0132060863913225,0.387725216910886,"Dnajb14",0.457246787256459,0.0132060863913225
0.0601819873997897,0.0716548211493586,-0.01317120427832,0.388980137941585,"Snhg18",0.458659313276014,0.01317120427832
0.413042544743163,0.518095133979632,0.013158311404773,0.389444597578335,"Rnf5",0.459139502052389,0.013158311404773
0.092898619091107,0.132228807743495,0.0131359522946695,0.390250873073741,"Tsen2",0.460022477676464,0.0131359522946695
0.17140277367006,0.228296509734921,-0.0131265135440681,0.390591541172545,"Mau2",0.460356422792082,0.0131265135440681
0.13198199330934,0.193833548906037,0.0131225297430066,0.390735380698459,"Brf1",0.460399898934478,0.0131225297430066
0.0918579453229314,0.132980869213598,-0.0131223136355837,0.39074318441473,"Tsr2",0.460399898934478,0.0131223136355837
0.0785207546011023,0.102402647580338,-0.013104561030309,0.391384560523892,"Tubgcp5",0.461087903926546,0.013104561030309
0.19019092105567,0.241260373490332,0.0130906634595996,0.391887105327273,"Taf11",0.461594127711379,0.0130906634595996
0.143321402620599,0.232212380945876,0.0130894967774311,0.391929311078966,"Ate1",0.461594127711379,0.0130894967774311
0.421682368711624,0.512879383189353,-0.0130870062679067,0.392019416670442,"Thra",0.46163249183499,0.0130870062679067
0.0609086585913306,0.0881174583052769,-0.0130787199803049,0.392319301501988,"Mis12",0.461917839361988,0.0130787199803049
0.211905043863849,0.273369692722595,-0.0130718808453777,0.392566917891333,"Clock",0.462141571179585,0.0130718808453777
0.210645893476195,0.253119059102818,0.0130485900569752,0.393410889902306,"Svip",0.463067182129398,0.0130485900569752
0.205342490170315,0.255658263925182,0.0130395670979046,0.393738143579448,"Ppp5c",0.463384403649383,0.0130395670979046
0.204067215503954,0.25800413826776,0.0130298712656164,0.394089985284005,"Med1",0.463730465158946,0.0130298712656164
0.158979307645757,0.251260608363039,-0.0130165509408059,0.39457366238166,"Fxyd7",0.464231534743466,0.0130165509408059
0.107447844777094,0.166172878555641,-0.013013638522585,0.394679463611413,"2610008E11Rik",0.464287936668814,0.013013638522585
0.248916111317831,0.31117873536139,0.0129985185372611,0.395229012356433,"Rcc2",0.464817801002659,0.0129985185372611
0.0771712040293392,0.111184453519413,-0.012998058369409,0.395245744795756,"Wdr5",0.464817801002659,0.012998058369409
0.0935838364035396,0.133130967978904,0.0129883760287634,0.395597909436563,"Kif26b",0.465163778622359,0.0129883760287634
0.156053754186957,0.205864692603965,0.0129843699941774,0.395743671737078,"Evl",0.465266992237115,0.0129843699941774
0.593032141713397,0.667000650214536,-0.0129808597167142,0.395871422234631,"Hnrnpr",0.46534900263854,0.0129808597167142
0.0681284495664283,0.0924646339580056,0.0129753542271681,0.396071835183219,"Pex5",0.465516391608342,0.0129753542271681
0.0573890155616267,0.0709426888005556,-0.0129515880239281,0.396937684319366,"Rbsn",0.46646572627103,0.0129515880239281
0.0908016323991882,0.126113783074125,-0.0129345962156126,0.397557428307585,"Dgat1",0.467125612057412,0.0129345962156126
0.0884321238457185,0.114479813100205,0.0129289017704136,0.397765252793143,"Tmem38a",0.467301374584506,0.0129289017704136
0.0592802037503388,0.0789307798008618,0.012920051179991,0.398088393869295,"Adck1",0.467612541707982,0.012920051179991
0.10724795376199,0.148224868241402,-0.0129073799021409,0.39855130598523,"Uck1",0.468087775062278,0.0129073799021409
0.135901663735439,0.176502954704944,0.0128872181520762,0.399288530655834,"Tmem14a",0.468869222898244,0.0128872181520762
0.162410445387762,0.178655520573538,0.0128859881439592,0.39933353306164,"Sdhaf4",0.468869222898244,0.0128859881439592
0.0815340620973336,0.114848904322787,-0.0128780241410487,0.399624986492671,"Ric1",0.469142778583349,0.0128780241410487
0.286249427493061,0.377344688589146,-0.0128753502089586,0.399722871318905,"Ppm1a",0.469189046147293,0.0128753502089586
0.165782220905166,0.222216104533149,-0.0128723877696943,0.399831334378224,"Cyb5b",0.469197004703103,0.0128723877696943
0.447685125165712,0.60517433802093,-0.0128711562778542,0.399876427891256,"Sltm",0.469197004703103,0.0128711562778542
0.120893938809646,0.217268182512983,-0.0128689565839788,0.399956981646322,"Aff3",0.469197004703103,0.0128689565839788
0.0752784793647569,0.101395724163484,0.0128687772770125,0.399963548376025,"Zfp821",0.469197004703103,0.0128687772770125
0.0887293624511844,0.110610856931253,-0.0128651604373726,0.400096021139286,"Slc2a1",0.469283799681571,0.0128651604373726
0.1962127072657,0.247685798428215,0.0128591198730959,0.400317325630601,"Ormdl2",0.469474747275642,0.0128591198730959
0.0775233823915461,0.100596296766876,-0.012833215803836,0.401267190946411,"Utp6",0.470519938645915,0.012833215803836
0.104249883402289,0.144469485210958,0.0128238393953512,0.401611343640482,"Mfsd11",0.470846473423172,0.0128238393953512
0.329730017436398,0.667350277476348,0.012822431764715,0.401663024748456,"Selk",0.470846473423172,0.012822431764715
0.190050585390484,0.243734040228233,0.0128084672443777,0.402175947694867,"Cib1",0.471378878805669,0.0128084672443777
0.0631605985113455,0.0715811291943249,0.0128004693866595,0.402469889294157,"2610044O15Rik8",0.471654504410153,0.0128004693866595
0.267913529296136,0.349981306415299,0.0127812291894003,0.403177542718166,"Hist3h2a",0.472414807647571,0.0127812291894003
0.209798026752466,0.29830262034317,-0.0127680681538063,0.40366203380891,"Cap1",0.472913441273572,0.0127680681538063
0.0771381324712497,0.112046067423289,-0.0127659842615345,0.403738779111619,"Hscb",0.472934301254253,0.0127659842615345
0.246622524663873,0.308702520434055,0.0127556120010023,0.404120897205633,"Cd164",0.473312812608087,0.0127556120010023
0.0718834249813249,0.100592065917577,0.0127487501359259,0.404373809841344,"Vps26b",0.473539908080406,0.0127487501359259
0.165431748866671,0.34323011716613,-0.0127064947376633,0.405933332277188,"Calca",0.475296812810762,0.0127064947376633
0.0729146259241698,0.106069274802228,-0.012702197198934,0.406092142703458,"Rnf219",0.475413386789108,0.012702197198934
0.123217002546726,0.17669880860565,-0.0127001781314346,0.406166767741541,"Stam2",0.475431385026714,0.0127001781314346
0.0728801691433073,0.100180665636668,-0.0126836289197669,0.406778737510821,"Ccnk",0.476078265721532,0.0126836289197669
0.0860872627073044,0.129953085403705,-0.0126729665862689,0.407173308803074,"Tet1",0.47647055998773,0.0126729665862689
0.095397041717233,0.129239262690253,0.0126607505991954,0.407625655092817,"Cactin",0.476930337775556,0.0126607505991954
0.0790100832406616,0.112473990546919,-0.0126523276652776,0.407937722596593,"Ccdc61",0.477225876383592,0.0126523276652776
0.153540748677669,0.202400316229371,0.0126254706509039,0.408933717811493,"Pcf11",0.478321304915368,0.0126254706509039
0.0792771559275978,0.114550816664994,-0.012612536362662,0.409413902984881,"Stard4",0.478813169734832,0.012612536362662
0.181494492599943,0.299051163916679,-0.0126067672575631,0.409628188969552,"Klf4",0.478993965067281,0.0126067672575631
0.100435763953439,0.134234685799383,-0.0125967672565012,0.409999784055579,"Cdk10",0.479358628480543,0.0125967672565012
0.696877672217811,0.933970036945616,-0.0125890320180908,0.410287359037454,"Mt2",0.479624966333994,0.0125890320180908
0.268480935202759,0.327160205417067,-0.0125841641890415,0.41046839300422,"Phb",0.479766698538363,0.0125841641890415
0.109998069605848,0.166423239477446,0.0125644389695284,0.411202456973379,"Zfp830",0.480554691924613,0.0125644389695284
0.229865634207355,0.296818734662038,0.012553824008881,0.411597809517075,"Ift57",0.480946675923258,0.012553824008881
0.078336189910786,0.101245244720123,0.0125456132549504,0.41190377235036,"Bcl2l13",0.481234110270717,0.0125456132549504
0.240716085803812,0.315916235359774,-0.012530555656671,0.412465224042642,"Agpat5",0.481819909407215,0.012530555656671
0.486498512904208,0.563021772504289,0.012510708594137,0.413205952550635,"Jtb",0.482491420094169,0.012510708594137
0.247876959069083,0.318364289463765,0.0125103598448666,0.413218975545555,"Cyp39a1",0.482491420094169,0.0125103598448666
0.133553876272207,0.183306479122001,-0.0125103198659025,0.413220468455525,"Git2",0.482491420094169,0.0125103198659025
0.123675704443174,0.151254596527461,0.0125030939649245,0.413490353293335,"Rmnd5b",0.482736300716677,0.0125030939649245
0.183654144926418,0.243749026208696,-0.0124883754854156,0.4140404058487,"March7",0.48330814904422,0.0124883754854156
0.140562307801388,0.187537564043557,0.0124850544149232,0.414164579256589,"Mvk",0.483382775847982,0.0124850544149232
0.150353431493505,0.200847685709143,0.0124710624405154,0.414687975011687,"Zfand2b",0.48392325647088,0.0124710624405154
0.265172662814577,0.374293153587494,0.0124599689152829,0.415103226611899,"Rad21",0.48433739862351,0.0124599689152829
0.0587493006074694,0.0771844811730837,0.0124554518221969,0.415272380287379,"Nfxl1",0.484464318032267,0.0124554518221969
0.143923511923381,0.19201306448209,0.0124449985451463,0.415663985079779,"Rnf114",0.484850678336989,0.0124449985451463
0.101432893988873,0.139407293620711,0.0124192850671147,0.41662820079595,"Iars",0.485904750463184,0.0124192850671147
0.063203953534614,0.0910444118276634,0.0123713456698261,0.418429371989627,"Eral1",0.487917056631348,0.0123713456698261
0.185969858287182,0.239356230841456,-0.0123701269202,0.418475222300217,"Dcps",0.487917056631348,0.0123701269202
0.319903278664544,0.401960958045097,-0.0123638326464023,0.418712064842661,"Tulp4",0.488061943879111,0.0123638326464023
0.141841790784904,0.20969506312048,-0.012363591527611,0.418721139290105,"Bcl2l1",0.488061943879111,0.012363591527611
0.0800829335152449,0.128560332507213,-0.0123612211774964,0.418810353002864,"Hddc3",0.488095028684819,0.0123612211774964
0.125121762121497,0.171837381702522,-0.0123588185437717,0.418900793194673,"Dnajc18",0.488129533051707,0.0123588185437717
0.113139811317945,0.138156242478597,-0.012349930278011,0.419235466063318,"2310009B15Rik",0.488422425438956,0.012349930278011
0.0741520478285203,0.100735217545735,0.0123480180382954,0.419307488813078,"Man2c1",0.488422425438956,0.0123480180382954
0.426068712940539,0.609928660903537,0.0123472941091698,0.419334756835614,"Cdk11b",0.488422425438956,0.0123472941091698
0.0739319002073601,0.109165624888967,-0.0123377370904364,0.419694835919148,"Mettl25",0.48877088003124,0.0123377370904364
0.100110058659308,0.129888223842718,0.012327757468894,0.420071031223111,"Irf2bp1",0.48913799949706,0.012327757468894
0.373364972655914,0.457464561236651,0.0123205959866707,0.420341114979881,"Sqstm1",0.489381472228463,0.0123205959866707
0.0669798416143878,0.0901516987391713,0.0123160157336898,0.420513905283072,"6030458C11Rik",0.489511617001504,0.0123160157336898
0.264181190513485,0.361092005344942,0.0123060716561674,0.420889189675137,"Eva1b",0.489877409044575,0.0123060716561674
0.126838347401543,0.173332938819659,0.0123029910123258,0.421005491456064,"B3gnt5",0.48994170608317,0.0123029910123258
0.345983945984114,0.594919810729084,0.0122997246288829,0.421128825949795,"Socs3",0.490014167549471,0.0122997246288829
0.115617118361745,0.156885861996295,0.0122945102456553,0.421325758362469,"Slc33a1",0.490172232144476,0.0122945102456553
0.606879088705115,1.01542525008765,-0.0122711060960633,0.422210331478274,"Maml3",0.491130139139123,0.0122711060960633
0.113913426605592,0.16182361954736,-0.0122652292325326,0.422432621663451,"Cachd1",0.491257179808949,0.0122652292325326
0.134331646764405,0.173429049494435,-0.0122649815515393,0.422441991610387,"Ireb2",0.491257179808949,0.0122649815515393
0.25247145237502,0.309489715352132,-0.0122393996394909,0.423410428850847,"Ddt",0.492312024503579,0.0122393996394909
0.166965644676696,0.21806891203836,0.012204538805167,0.424732220848232,"Mdm2",0.493777360197945,0.012204538805167
0.15655400090235,0.212653108824442,0.0122027001633754,0.42480200209599,"Ddx52",0.493786942607305,0.0122027001633754
0.0732421470613769,0.120324015505315,-0.0121680092587545,0.426119866945416,"Fhl3",0.495247075951624,0.0121680092587545
0.316277496927188,0.371620850014746,-0.0121621216423604,0.426343766688123,"Rcn2",0.495435537133309,0.0121621216423604
0.0862560835701014,0.143853979471492,-0.0121573824982196,0.42652404107753,"Nnat",0.49557325595223,0.0121573824982196
0.0747674441816483,0.102956325553656,-0.0121482292259706,0.42687235218609,"Cars2",0.49590614650951,0.0121482292259706
0.106453076896886,0.141817192280975,-0.0121307934441155,0.427536297455381,"Mad1l1",0.496605566123622,0.0121307934441155
0.202303068373413,0.2698658835693,0.0121120616090435,0.428250265227187,"Xpa",0.497362878590671,0.0121120616090435
0.134230459313379,0.184391932657846,-0.0121015818624288,0.428650005310694,"Cbx6",0.497755085761651,0.0121015818624288
0.072921929311115,0.10235825352799,-0.0120743867338961,0.429688349332118,"Nedd1",0.498888629003171,0.0120743867338961
0.342542317928603,0.419172269042947,0.0120694052811006,0.429878705586989,"Rp9",0.499037432527488,0.0120694052811006
0.748212617116366,0.778709884128775,0.0120676377267954,0.42994626090597,"Set",0.499043656518083,0.0120676377267954
0.13859387736387,0.191345922065193,-0.0120459465786458,0.430775790904471,"Prorsd1",0.49993418371673,0.0120459465786458
0.156852187686366,0.188043871670284,-0.0120433200493849,0.430876299672799,"Cep83",0.499978514616709,0.0120433200493849
0.441891173057626,0.511498202595616,-0.012036267604237,0.431146241177311,"Acot1",0.500219409948922,0.012036267604237
0.113736090265042,0.153876613785326,0.0119923955592101,0.432827701199372,"Kctd20",0.502097654246604,0.0119923955592101
0.0660262200999767,0.0780884281115372,-0.0119769452679166,0.433420758206516,"Washc5",0.502711198319463,0.0119769452679166
0.130125338548262,0.176596660592382,0.0119753530497573,0.433481901940723,"C87436",0.502711198319463,0.0119753530497573
0.206520024771254,0.252405311755794,0.0119679831808273,0.433764981690968,"Pex13",0.502966793798892,0.0119679831808273
0.0834430258817748,0.109371212154889,-0.0119640023181972,0.433917932716929,"Kbtbd2",0.50307144807407,0.0119640023181972
0.273207417082464,0.374221913387681,0.0119617272132124,0.434005359833335,"Tcerg1",0.503077621401574,0.0119617272132124
0.168506567369452,0.225220596688035,-0.0119606007592054,0.434048650668382,"Pex14",0.503077621401574,0.0119606007592054
0.121862148890433,0.193103075159942,-0.0119559254556176,0.434228354257849,"Prkcq",0.50321321700823,0.0119559254556176
0.16310929304956,0.223588234089518,-0.0119486459528402,0.434508240387354,"Cpt1a",0.503420364345203,0.0119486459528402
0.0825968803627199,0.10658103504122,0.0119480129668837,0.434532582683808,"2510039O18Rik",0.503420364345203,0.0119480129668837
0.0624612540501929,0.0873216781022053,-0.0119425494691279,0.434742721304651,"Cbarp",0.503591106647685,0.0119425494691279
0.142979885233985,0.284961130698976,0.0119396369651396,0.434854766835095,"Prkcdbp",0.503648188378292,0.0119396369651396
0.07343904395153,0.0956903680153648,-0.0119299221885371,0.435228619785591,"Hps3",0.504008434862113,0.0119299221885371
0.182364619925378,0.231124816108607,0.011925171515227,0.435411507039459,"Dnajb4",0.504120276202771,0.011925171515227
0.150338346567169,0.218134050401719,0.0119241496490175,0.435450851739956,"Dctn5",0.504120276202771,0.0119241496490175
0.112229621974875,0.15384426948437,-0.0118996212309809,0.436395879389943,"2610301B20Rik",0.505141450696033,0.0118996212309809
0.0688311603497851,0.0988027355259306,-0.011877999590833,0.437229893951248,"Tubgcp4",0.506033848127047,0.011877999590833
0.340534503614156,0.384989692798412,0.0118610473010125,0.437884438040064,"Rnh1",0.506718305571599,0.0118610473010125
0.221028113139628,0.291486548438026,0.0118544990800863,0.438137421878315,"Cmtm3",0.506937948543849,0.0118544990800863
0.0973756840483988,0.210637463714349,-0.0118424817134251,0.438601919101911,"B3glct",0.507402220137505,0.0118424817134251
0.0715687703990684,0.113703239889509,-0.0118268487458833,0.439206590318496,"Pelo",0.508028496571372,0.0118268487458833
0.0952005683232507,0.132555392077169,-0.0118196705669726,0.439484397030507,"Tigd2",0.508276564106772,0.0118196705669726
0.116783681454489,0.148905208969581,0.011801924020237,0.440171648735764,"Lrrc8a",0.50899802701481,0.011801924020237
0.212226166160774,0.241384425167711,-0.0117987100628132,0.440296178134972,"Mettl26",0.509068664748561,0.0117987100628132
0.121397405676289,0.184427405264922,-0.0117610275856258,0.441757745860056,"Fam98a",0.510626394396312,0.0117610275856258
0.381185359522712,0.467112385863541,0.0117606928491751,0.441770741512861,"N4bp2l2",0.510626394396312,0.0117606928491751
0.0871876240840324,0.129759534441724,-0.0117551579633413,0.441985657071889,"Cep68",0.510801226032671,0.0117551579633413
0.0898787761565603,0.119204794084638,0.0117524771372543,0.442089773083667,"Mettl3",0.510847975118569,0.0117524771372543
0.276879344298794,0.407645627805628,0.0117202221910542,0.44334356717482,"Luc7l",0.512223006912996,0.0117202221910542
0.326128116131942,0.393587590927441,0.0117152905703347,0.443535444904597,"Vamp3",0.512370919941619,0.0117152905703347
0.0756538272807863,0.118093583269453,0.0117117923862663,0.443671579741312,"Lsm14b",0.512454405620309,0.0117117923862663
0.305541968276522,0.365445947938267,0.0116987602704905,0.444178945660055,"Aamdc",0.512966588943045,0.0116987602704905
0.185041503728854,0.247674930264234,-0.0116957252162401,0.444297153808986,"Ccdc90b",0.513029264953706,0.0116957252162401
0.1320879665335,0.206426532183963,0.0116932602637912,0.444393171054202,"Cd302",0.513052091724769,0.0116932602637912
0.258792717121689,0.334022988862824,0.0116919349263246,0.444444801791983,"Stk25",0.513052091724769,0.0116919349263246
0.0838895723545136,0.107933762505513,-0.01168902484393,0.44455818092357,"Tceal1",0.513109154736871,0.01168902484393
0.0808037675327444,0.110171233968138,0.0116850179110652,0.444714321216148,"Rbmx2",0.513215549178538,0.0116850179110652
0.158743643619662,0.217778644791006,-0.011681476634885,0.444852342044533,"Polr3gl",0.513262082514971,0.011681476634885
0.0773422916158205,0.0958152046104666,0.0116807010083031,0.444882575260671,"Man2b1",0.513262082514971,0.0116807010083031
0.0848195885528429,0.125243549019068,0.0116760036813386,0.445065697805958,"Zfp553",0.513399534099339,0.0116760036813386
0.135300166431489,0.176877771730125,-0.011649754092423,0.446089813235768,"Tdp2",0.514506922725859,0.011649754092423
0.105141268346826,0.151627628464137,-0.0116439597059087,0.446316059129733,"Lrpprc",0.514693885952425,0.0116439597059087
0.522339805693097,0.654295948924066,0.0116289457035346,0.44690259513638,"Msmo1",0.515296224080229,0.0116289457035346
1.21424865063699,1.02914846379477,0.0116140787104421,0.447483819792309,"Sept7",0.515892265806535,0.0116140787104421
0.0939033048622447,0.120244793351119,0.0116087845804776,0.447690897326247,"Abhd10",0.516056853921248,0.0116087845804776
0.0807355539855018,0.106319588168638,-0.0116010806599159,0.447992329981039,"Ccdc112",0.516330143028994,0.0116010806599159
0.173237977530756,0.224381615135628,-0.0115948499215522,0.44823620546564,"Mink1",0.516524734677791,0.0115948499215522
0.329445783705042,0.644257830601563,0.0115933677494544,0.448294229820735,"Cwc22",0.516524734677791,0.0115933677494544
0.133482913713561,0.185559885197797,0.0115918338352409,0.448354284276024,"Ikbkb",0.516524734677791,0.0115918338352409
0.0901876999494927,0.120525335324824,-0.0115791994727198,0.448849107381167,"Pard6a",0.516970296253765,0.0115791994727198
0.136412059535548,0.184202967987164,-0.011578668821076,0.448869897058821,"Acot2",0.516970296253765,0.011578668821076
0.136846925079534,0.193705731420358,0.0115700348229229,0.449208233452661,"Tspan4",0.517285715445487,0.0115700348229229
0.0608030294553064,0.0896695695426939,0.0115678301481285,0.449294650172151,"Skil",0.517310987656957,0.0115678301481285
0.188408212015682,0.256327121083929,-0.0115610364497298,0.449561002290395,"Tipin",0.517543397758698,0.0115610364497298
0.0914353390691268,0.127461270185302,-0.0115589496757322,0.449642833818557,"Gne",0.517563347950093,0.0115589496757322
0.104340524412685,0.132255785404785,-0.0115495161568362,0.450012868650685,"Slc12a9",0.51791498250905,0.0115495161568362
0.198488653156541,0.273418850498124,-0.0115460217888048,0.450149980883772,"Ctdspl2",0.517998486535406,0.0115460217888048
0.0984781985789203,0.14140866743735,0.0115368812167187,0.450508751109151,"Xrcc6",0.518336997261231,0.0115368812167187
0.0932447829106887,0.130497515683456,-0.0115224477179581,0.45107559982398,"Ncoa5",0.51891478322403,0.0115224477179581
0.153452252090747,0.304073545714946,-0.0114958198018015,0.452122419706409,"Tyrp1",0.520044480465055,0.0114958198018015
0.443558553287771,0.523731815355764,-0.011489731909679,0.452361944881953,"Ppt1",0.520245412889894,0.011489731909679
0.0849512742907798,0.132287299806252,0.0114815395750751,0.452684381428726,"Ptgr1",0.520541627484107,0.0114815395750751
0.12412146066723,0.176106362466056,-0.0114574378844104,0.453633735632986,"Fbxo4",0.521558546313093,0.0114574378844104
0.476433569928709,0.617058726192822,-0.0114519600329309,0.453849662106597,"Zmynd11",0.521732047097899,0.0114519600329309
0.161128961283929,0.219735686839459,-0.0114473332248128,0.454032087205855,"Crtc3",0.521866991511213,0.0114473332248128
0.315359452887234,0.376194762589901,0.0114453569786821,0.454110018938729,"Dpy30",0.521881809218614,0.0114453569786821
0.134046813914084,0.194246653732991,0.0114368885071313,0.454444051903901,"Pnpt1",0.52219090254574,0.0114368885071313
0.240531482101803,0.321723072501305,0.0114273551341773,0.454820254742254,"Pitpnb",0.522548356823002,0.0114273551341773
0.176962435868345,0.229514038362294,0.0114230445609607,0.454990414728155,"Oard1",0.522669017577483,0.0114230445609607
0.0668466415787791,0.0977890977182688,-0.0114049120011472,0.455706590337062,"Pold3",0.523416787985196,0.0114049120011472
0.0925010569098498,0.120725860202642,-0.0113915066733258,0.456236463478575,"Spire2",0.523838803903745,0.0113915066733258
0.138131576563289,0.188282043982138,0.011391448302526,0.456238771461475,"Crnkl1",0.523838803903745,0.011391448302526
0.0702626265931409,0.101124008607748,-0.01139066192562,0.456269865464018,"Prpf3",0.523838803903745,0.01139066192562
0.12946599316437,0.182599376302361,-0.0113883445723367,0.456361502483669,"Chfr",0.523869055211582,0.0113883445723367
0.223860683458789,0.298294194225655,-0.0113858956684476,0.456458352758098,"Zmym5",0.523905281437702,0.0113858956684476
0.0621782183926881,0.0811018969769197,-0.0113445374425992,0.458095748857695,"Rnf123",0.525709423460261,0.0113445374425992
0.0777931202600455,0.104991544323203,-0.0113348053078309,0.45848152790275,"Pdk2",0.526076902601411,0.0113348053078309
0.636169095393311,0.69316266851109,0.0113316601802245,0.458606238786927,"Rsu1",0.526144761227667,0.0113316601802245
0.0689886704112853,0.08769627220115,0.011319593037739,0.459084902572935,"Tex30",0.526618621621906,0.011319593037739
0.078707494136971,0.103437793585655,-0.0113081924052523,0.459537385055083,"Golph3l",0.527062318136362,0.0113081924052523
0.0713434855163889,0.0997475557372367,-0.0113030353494534,0.459742146675936,"Uggt2",0.527221807192756,0.0113030353494534
0.0597643435379123,0.0836588872714219,-0.0112950231048888,0.460060375230576,"Dnaic2",0.527451720022775,0.0112950231048888
0.141604316966075,0.180497329387592,0.0112946775858241,0.460074101251171,"Ddx41",0.527451720022775,0.0112946775858241
0.204436074564708,0.231639067405987,0.0112892307987463,0.460290509482284,"P3h4",0.527624435440836,0.0112892307987463
0.203454614999966,0.261550228960004,-0.0112873515904674,0.460365186179838,"Tox4",0.527634659892447,0.0112873515904674
0.151586908781621,0.196967558506564,-0.0112812904459514,0.460606092418418,"Paip2b",0.527835373545471,0.0112812904459514
0.195672816206861,0.245141884493042,0.0112559942714264,0.461612274554466,"Tmem222",0.528912878912614,0.0112559942714264
0.149713935074735,0.213302245048545,-0.0112296412263459,0.462661798666459,"Gns",0.530039730511088,0.0112296412263459
0.350432364434956,0.439349898922066,-0.0112037608342381,0.463693792682256,"Sbno1",0.531146180225898,0.0112037608342381
0.212595885986548,0.291521163190458,0.0111921257280905,0.464158165874247,"Zbtb1",0.531602215668706,0.0111921257280905
0.0880677423127368,0.122643839768638,0.0111789827008274,0.46468303341914,"Ormdl1",0.532121145061357,0.0111789827008274
0.14979216246592,0.18611029869657,-0.0111774593114439,0.46474389139955,"Stx18",0.532121145061357,0.0111774593114439
0.077144498431629,0.106643044550116,0.0111700372870078,0.46504045771994,"Ccar2",0.53231433137513,0.0111700372870078
0.0902663013386441,0.119416909889811,-0.0111699161990536,0.465045296976528,"Endog",0.53231433137513,0.0111699161990536
0.0822726253832155,0.125768369757063,0.011154107540412,0.465677327275623,"Ccdc84",0.532961756391328,0.011154107540412
0.08323034588542,0.115470965255942,-0.0111429324235422,0.466124396201983,"Slc4a2",0.533354430663768,0.0111429324235422
0.132910579701233,0.173565170163736,0.0111422084460873,0.466153367677593,"Lman2l",0.533354430663768,0.0111422084460873
0.374663884395906,0.51875563278964,0.0111403985879826,0.466225797316079,"Pou3f2",0.533361248597693,0.0111403985879826
0.437991869362252,0.554047065128301,0.0111366913108068,0.4663741802391,"Nsmce2",0.533454942585679,0.0111366913108068
0.0695394274621699,0.0950795311149622,-0.0111310537140178,0.466599873979996,"Mfn2",0.533637028052378,0.0111310537140178
0.057525953332676,0.0761017045689216,0.0111235752131802,0.466899359356614,"Tfip11",0.533889160805116,0.0111235752131802
0.0555761133905485,0.0704436528646226,0.0111222258861022,0.466953406097994,"Fem1a",0.533889160805116,0.0111222258861022
0.0566953449584641,0.0747967511755119,-0.0111200921932179,0.467038877368779,"Inppl1",0.533910806668625,0.0111200921932179
0.0788305369869955,0.119634813568456,-0.0111102898480789,0.467431650232574,"Mier3",0.534283698214555,0.0111102898480789
0.0751546662822554,0.101737761552931,0.0111065425657499,0.467581849467229,"Rnaseh1",0.534379256533976,0.0111065425657499
0.0883362650768002,0.118007465160035,0.0110967328035819,0.467975172688466,"Homer3",0.534752604051872,0.0110967328035819
0.150535302033085,0.228196006840785,0.0110871964144407,0.468357710556987,"Fam98b",0.535113522641217,0.0110871964144407
0.126826830684952,0.17173478069621,0.0110826912911471,0.468538486959699,"Polr2b",0.535243852415237,0.0110826912911471
0.0972997383945936,0.144269823780547,-0.0110726537715972,0.468941399803057,"Zfp318",0.535627870750139,0.0110726537715972
0.0785965980536744,0.109208557281264,0.011069901274663,0.469051920366147,"B3galt6",0.535677854969822,0.011069901274663
0.183699749307639,0.254740997399319,0.0110539110136185,0.469694259535444,"Smim4",0.536269678178369,0.0110539110136185
0.323705301751246,0.375464798216037,-0.0110536735845181,0.469703800877066,"Ppp1r14b",0.536269678178369,0.0110536735845181
0.161990281960575,0.211843599437303,0.0110353070277937,0.470442205010611,"Gnpda2",0.537036314270186,0.0110353070277937
0.108694543762661,0.155133572417479,-0.0110316899786577,0.47058769936892,"Rcor3",0.537125988582677,0.0110316899786577
0.108945268475568,0.143468765642644,0.0110225219405022,0.470956591264097,"Abhd17c",0.537470585735047,0.0110225219405022
0.135667740531294,0.181775032346452,0.0110196597687916,0.471071788364245,"Hmgxb4",0.53752560151233,0.0110196597687916
0.177064390586255,0.229686371797855,0.0110174500316671,0.471160736812677,"Chic2",0.537550654370101,0.0110174500316671
0.259240844985622,0.336535788121206,-0.011013512293957,0.471319265346352,"Yme1l1",0.537655073235588,0.011013512293957
0.533240919266098,0.708505243584079,0.0110054260077835,0.471644901583275,"Acin1",0.537950062587662,0.0110054260077835
0.27235699053679,0.346902817256233,0.0110004618479361,0.471844870624634,"Sae1",0.538101654617974,0.0110004618479361
0.163239285395534,0.214968100041325,0.0109896470390155,0.472280680454157,"Tmem161a",0.538522123058712,0.0109896470390155
0.0600628339951926,0.0796207280014355,-0.0109873458905978,0.472373439587909,"Cstf2",0.538538063585179,0.0109873458905978
0.142146831415634,0.187977525211119,0.0109859703575238,0.472428892020947,"Prps1",0.538538063585179,0.0109859703575238
0.125927012259007,0.169369812320547,0.0109424210518212,0.474186364826773,"Mccc1",0.540463715342782,0.0109424210518212
0.12156307918908,0.15401777703304,-0.0109407748584889,0.474252868859488,"Tmco3",0.540463715342782,0.0109407748584889
0.0768633828861016,0.115569114499022,-0.0109188489555027,0.475139134665282,"Dgcr8",0.541396821436271,0.0109188489555027
0.581319725044639,0.642348611993048,-0.0109107934387386,0.475464974384562,"Insc",0.54169117626888,0.0109107934387386
0.0701970580011636,0.0919461353395114,0.0108772784604369,0.476821945085074,"D330023K18Rik",0.543160035116785,0.0108772784604369
0.468103038615716,0.556628746362623,0.0108209255725564,0.479108359254514,"Rtf1",0.545687079440486,0.0108209255725564
0.0696829457847976,0.105083460842022,0.0107972388848783,0.480071185801185,"Utp15",0.54670610202508,0.0107972388848783
0.137900770716846,0.173904562781048,0.0107931415591254,0.480237842564639,"Slc38a10",0.546818284197341,0.0107931415591254
0.0660992412757941,0.088414887774076,-0.0107903619590572,0.480350919412202,"Usp12",0.54682447824599,0.0107903619590572
0.141316535637007,0.203408007972953,0.0107896575035292,0.480379579655532,"Rhog",0.54682447824599,0.0107896575035292
0.304761729181694,0.365335734298426,0.0107631736991546,0.481457728913673,"Golph3",0.547974016567846,0.0107631736991546
0.0945484650421431,0.134913447744489,0.0107594394516421,0.481609855049303,"Rdh11",0.548069419502993,0.0107594394516421
0.586808213358524,0.736093855047699,-0.0107520092595101,0.481912624683086,"Luc7l3",0.548336202560561,0.0107520092595101
0.132346352958148,0.164441389185118,0.0107367299496807,0.482535559645603,"Fech",0.548967153069094,0.0107367299496807
0.0601662849689681,0.0831560415647062,0.0107277337999256,0.482902535697221,"Aph1b",0.549306768703501,0.0107277337999256
0.116186875070963,0.162076004654114,0.0107239767850727,0.483055838828467,"Ypel5",0.549403267294064,0.0107239767850727
0.0635766579061496,0.085005736193843,-0.0107092326782282,0.483657720020958,"Alg9",0.549946533213541,0.0107092326782282
0.137829648102487,0.204796394819416,0.0107089179093931,0.483670573889327,"Golga5",0.549946533213541,0.0107089179093931
0.0989622406931955,0.13188650125138,0.0106952359498897,0.484229468038271,"Letmd1",0.55050400276836,0.0106952359498897
0.0903776902689274,0.116260140120786,0.0106916035995646,0.484377904639367,"Polr3c",0.550507158343874,0.0106916035995646
1.09873900794015,1.27959296961813,0.010690252496542,0.484433123980511,"Utrn",0.550507158343874,0.010690252496542
0.138780341676627,0.188289181530223,0.0106888664984943,0.484489773019327,"Dnajc21",0.550507158343874,0.0106888664984943
0.0631948379669292,0.0828582502881748,-0.0106884530091985,0.484506674006037,"Tmem62",0.550507158343874,0.0106884530091985
0.0718025219213237,0.0945353752320801,0.0106859674548849,0.484608275435851,"Pgpep1",0.550516993175516,0.0106859674548849
0.0852645661122304,0.107314567109066,0.0106848844855784,0.484652547331985,"Panx1",0.550516993175516,0.0106848844855784
0.116101139746536,0.138467861341026,0.0106751235132878,0.485051675727152,"Hacd2",0.550892377358056,0.0106751235132878
0.0620805519240743,0.0760967279809161,0.0106666466709626,0.485398440085441,"Nacc1",0.551208191798129,0.0106666466709626
0.258770839008847,0.342742344564406,-0.0106627295008546,0.485558726074587,"Erlec1",0.551312185937808,0.0106627295008546
0.109784004946984,0.163492377215363,-0.0106461253264266,0.486238467193891,"Morc3",0.552005865982425,0.0106461253264266
0.100413824240244,0.134908485918391,0.0106137742837772,0.487564329159767,"Nelfa",0.553432759538544,0.0106137742837772
0.0974886176336245,0.136356444916288,-0.0106085294029126,0.487779466844007,"Gbe1",0.553598648084344,0.0106085294029126
0.702956897531819,0.725871159675056,0.0105912192335522,0.488489869051681,"Ndufb2",0.554326503927407,0.0105912192335522
0.222965102684967,0.278707563324666,-0.0105817201483303,0.488879944398201,"Haghl",0.554690706144113,0.0105817201483303
0.14012227042577,0.209480169645359,0.010570112745894,0.489356824444291,"Suco",0.555101203019408,0.010570112745894
0.0735542539118071,0.111967150129973,-0.0105695464049576,0.489380098474488,"Ints9",0.555101203019408,0.0105695464049576
0.122354565833794,0.163976584857882,-0.0105657195663678,0.489537379705444,"Atf5",0.555201121520351,0.0105657195663678
0.0908878449072985,0.127104763465649,-0.0105517887876174,0.490110157708706,"Alg6",0.55572520100236,0.0105517887876174
0.0561685278239556,0.0712455637123724,0.0105511120420286,0.49013799196083,"Pskh1",0.55572520100236,0.0105511120420286
0.690973185477484,0.78369882930929,0.0105479897191476,0.490266422751344,"Dync1i2",0.555792282587848,0.0105479897191476
0.0782336880868309,0.11436423676107,0.0105416293751553,0.49052809931276,"Npb",0.556010378427121,0.0105416293751553
0.101195543137893,0.128672995092363,-0.0105362192720409,0.490750740233218,"Spsb3",0.556184172264313,0.0105362192720409
0.14062066969775,0.204747276276562,-0.0105109242855591,0.491792419824946,"Rnpc3",0.557286029752205,0.0105109242855591
0.486886441743799,0.565985714521626,0.0104896877670077,0.492667881737989,"Smarca5",0.55819924923265,0.0104896877670077
0.0604497231135755,0.0760536652373669,0.0104716829872911,0.493410770914235,"Zbtb25",0.558962025386957,0.0104716829872911
0.0592622549565693,0.0734630703795033,0.0104652104343744,0.493677979205043,"Ankrd24",0.55913723989753,0.0104652104343744
0.450598181627704,0.546307957152239,-0.0104645607722103,0.49370480367323,"Mvb12b",0.55913723989753,0.0104645607722103
0.109703770523368,0.138965963236861,-0.0104521721396347,0.494216477942935,"Agk",0.559637739064932,0.0104521721396347
0.071285416431188,0.112219020540818,-0.0104449486587077,0.494514952366009,"Fhod3",0.559896709155475,0.0104449486587077
0.0848576130514098,0.119924224258634,0.0104363855772742,0.494868903884472,"Zfp263",0.560218409250706,0.0104363855772742
0.0639346033137954,0.0850562197905536,-0.0104237666000292,0.495390750804513,"Zfp846",0.560699851808959,0.0104237666000292
0.074898756117935,0.0988701417385614,-0.0104227224994128,0.495433941840169,"Tmem132a",0.560699851808959,0.0104227224994128
0.142050579034013,0.185118240883286,0.010416316346758,0.495698987469847,"Rnf34",0.560856778340185,0.010416316346758
0.123802496856774,0.165536473600504,0.0104159922916495,0.495712396808149,"Rnf141",0.560856778340185,0.0104159922916495
0.0616888596368942,0.079763123160321,0.0104030057204479,0.496249937910543,"Mavs",0.561385803157224,0.0104030057204479
0.145575456660468,0.188840293398762,0.010398102469087,0.496452974447658,"Erf",0.561501356074614,0.010398102469087
0.831203131611932,0.824751928152591,-0.0103971591971267,0.496492039051518,"Capns1",0.561501356074614,0.0103971591971267
0.0610656897868189,0.0877564471547831,0.0103872059893169,0.496904340395636,"Pan2",0.561888448046024,0.0103872059893169
0.279821452974438,0.355312260083929,-0.0103811357185909,0.497155884599959,"Arid1a",0.562093675923639,0.0103811357185909
0.146332017611217,0.193528822678237,0.0103791462643346,0.497238339775164,"Echdc1",0.562107697711457,0.0103791462643346
0.0818903983423853,0.115258391511547,0.0103693626666775,0.497643937950365,"Kctd3",0.562486964095468,0.0103693626666775
0.220081371606875,0.315431968142121,-0.0103600350532291,0.49803079630133,"Abtb2",0.562844945003081,0.0103600350532291
0.186224423070808,0.234944735051364,0.0103352530718363,0.499059393817797,"Gpr108",0.56392797859372,0.0103352530718363
0.100035572681321,0.133105850184442,-0.0103215777102645,0.499627484250336,"Stx17",0.564451706945838,0.0103215777102645
0.0932012138350776,0.129181525431593,-0.0103207093483655,0.499663568598739,"Atxn3",0.564451706945838,0.0103207093483655
0.0755781644331383,0.104454586025736,0.0103001044885132,0.500520198946649,"Zfp688",0.565339819305731,0.0103001044885132
0.0978097342907096,0.138594667130509,-0.0102703113085717,0.501760201487287,"Ddx55",0.56666064134187,0.0102703113085717
0.0644323087779822,0.0975060530465786,-0.0102593307906034,0.502217624089628,"Uhmk1",0.567097412847618,0.0102593307906034
0.0709165538011924,0.0922768856718061,0.0102571463157723,0.502308650474185,"Ints3",0.56712038995425,0.0102571463157723
0.082417590060217,0.111346680094957,-0.0102540901976201,0.502436012601377,"Foxk2",0.567184378884841,0.0102540901976201
0.128495999729982,0.200800774183023,-0.01025113238371,0.502559294205371,"Ube2e2",0.567243744085511,0.01025113238371
0.75635303350058,0.745429569564818,0.0102157073313187,0.50403705101612,"Map1lc3b",0.568831687391469,0.0102157073313187
0.119388433229186,0.15871122453129,-0.0102066110058715,0.504416873904984,"Foxj3",0.569180283534467,0.0102066110058715
0.0861999836648459,0.12581528300403,-0.0102004291350462,0.504675087966061,"Wdr73",0.569391578436399,0.0102004291350462
0.0698684067932406,0.111979175206929,-0.0101937357560618,0.504954746022115,"Nod1",0.569627004369669,0.0101937357560618
0.287081555692898,0.372233138590738,0.0101864210885822,0.505260455642535,"Yy1",0.569891748112975,0.0101864210885822
0.19250356519242,0.287951418453557,-0.0101360681814794,0.50736754948513,"Zhx1",0.572187943368753,0.0101360681814794
0.0690739028302943,0.0997364853712857,0.0101292126684891,0.507654785205745,"2310061I04Rik",0.572431421654145,0.0101292126684891
0.147672693072774,0.202881046674028,-0.0101266229955263,0.507763310823417,"Nceh1",0.572473346360419,0.0101266229955263
0.155666596747104,0.213768783953748,0.0101194117977356,0.508065575156495,"Brap",0.572733657636374,0.0101194117977356
0.344305108064009,0.411781712175627,0.0101073930313519,0.508569563009475,"Atad1",0.573221263321819,0.0101073930313519
0.156711727762089,0.221431880940799,0.010092945677802,0.509175736398416,"Pgap2",0.573823891693945,0.010092945677802
0.518408450523018,0.626674767075247,-0.010061915751676,0.510478949190066,"Ddah2",0.575211780410208,0.010061915751676
0.14708915850211,0.200946045446692,0.0100273858576131,0.511931202393021,"Mtmr6",0.576715907208166,0.0100273858576131
0.15480612741709,0.203380683049496,-0.0100267597925359,0.511957553220808,"Kansl3",0.576715907208166,0.0100267597925359
0.595375618333087,0.666337708879175,0.0100117660723512,0.51258884416478,"Cbx3",0.577345997414121,0.0100117660723512
0.101616460460457,0.157561587549433,0.00997561522236876,0.514112594682005,"Mios",0.578980976803987,0.00997561522236876
0.19886642835326,0.262633503153551,0.00996677272466371,0.514485662205629,"Bfar",0.579228760205462,0.00996677272466371
0.969186677678191,1.00536774679806,0.00996672238625011,0.514487786400428,"Uba52",0.579228760205462,0.00996672238625011
0.360209580880268,0.385751497960082,0.00996526760110817,0.514549177809638,"Naxd",0.579228760205462,0.00996526760110817
0.0816097509913194,0.111021143085499,-0.00996307661082201,0.514641643993534,"Wiz",0.579251585272004,0.00996307661082201
0.102680534925083,0.136191276951589,-0.00995662747494184,0.514913866442625,"Snx21",0.579476699065305,0.00995662747494184
0.0917040680758336,0.125236453318353,-0.00994582052774412,0.515370202688725,"Smap2",0.579908919699106,0.00994582052774412
0.828870869675794,0.79937291868177,0.0099288919334258,0.516085454468332,"Atp6v0b",0.580632317253772,0.0099288919334258
0.292460942709606,0.342406656902203,0.00991741902367022,0.516570489977896,"2310011J03Rik",0.581096538845176,0.00991741902367022
0.074312934893531,0.105517514764752,-0.00990676107106038,0.517021283389167,"Ggact",0.581522116332307,0.00990676107106038
0.11964946433471,0.163774694900611,0.00990135288168281,0.51725010839935,"Tgfbr1",0.581697949515962,0.00990135288168281
0.216125323122273,0.275406507028204,-0.00989339105177745,0.517587075434077,"Arhgef1",0.581925880130533,0.00989339105177745
0.122641934405216,0.178952514011993,0.00989313693325497,0.517597832314508,"Satb1",0.581925880130533,0.00989313693325497
0.347395409616103,0.468524827486133,-0.00988946574271672,0.517753247339497,"Supt16",0.581998298479878,0.00988946574271672
0.108874232951761,0.160600142784751,0.00988818882386794,0.51780730967695,"Wbp1l",0.581998298479878,0.00988818882386794
0.361880135113793,0.486726669641117,0.00987916649399729,0.518189381289647,"Kdm6b",0.582346161830269,0.00987916649399729
0.107836038868854,0.148720262233042,-0.00987711004426118,0.518276486839393,"Otud5",0.582362488502912,0.00987711004426118
0.0681968671649308,0.101220123516199,-0.00987521084009763,0.5183569386203,"Alg11",0.582371335128716,0.00987521084009763
0.0690659687615513,0.104517442529042,-0.00987044239443717,0.518558962164182,"Pip5k1c",0.582516745401847,0.00987044239443717
0.158878444283363,0.208655473469953,-0.00984139393312161,0.519790529074497,"Gm13889",0.583749609833551,0.00984139393312161
0.227101539701489,0.512076433115141,0.00983971312826999,0.519861836250078,"1500012F01Rik",0.583749609833551,0.00983971312826999
0.618454922060074,0.668187624764262,0.00983940957548839,0.519874714839301,"Josd2",0.583749609833551,0.00983940957548839
0.107666450849114,0.161634662973722,-0.00983610029690809,0.520015125605697,"Ap1s2",0.583825572668268,0.00983610029690809
0.0537526655753684,0.0694815363736507,-0.00983112544500977,0.520226242457267,"Coq8b",0.583980885489243,0.00983112544500977
0.195435925737156,0.227940623102147,0.00982631508466488,0.520430420806121,"Inpp1",0.58412836712104,0.00982631508466488
0.297925600673794,0.366387776134058,-0.00982453493464224,0.520505990701984,"Rhot1",0.584131478236744,0.00982453493464224
0.105495288838275,0.217188522085495,0.00981943202042479,0.520722647976884,"Gm3940",0.584292899925397,0.00981943202042479
0.344701667732224,0.425868929026893,-0.00981449218104528,0.520932425721171,"Stx8",0.584446558163685,0.00981449218104528
0.185211310608891,0.251183055745384,-0.00980167939972606,0.521476742539065,"B230118H07Rik",0.58497544836201,0.00980167939972606
0.105742286742061,0.159071900180509,-0.00979871240237544,0.521602829206871,"Tcof1",0.585035099462669,0.00979871240237544
0.123853398682256,0.27041059122722,0.00979638827758197,0.521701607063569,"2700089E24Rik",0.585064108326776,0.00979638827758197
0.186898931729344,0.255838186478066,0.00978179341694335,0.522322124460652,"Azi2",0.585678133967617,0.00978179341694335
0.402877642877609,0.547435182568041,-0.00978004561612408,0.522396459650464,"Ccnl1",0.585679641223323,0.00978004561612408
0.30955447988037,0.423610381259599,0.00977625437492595,0.522557722464073,"Safb",0.58577859249116,0.00977625437492595
0.30992748715956,0.372639411423181,-0.00974743301096331,0.523784492581703,"Stx16",0.587071765396785,0.00974743301096331
0.460346726464362,0.590094414450048,0.00974194916799052,0.524018077289723,"Slc38a2",0.587251543599544,0.00974194916799052
0.109907313368871,0.148371478239394,-0.00971980217530357,0.52496197295741,"1810030O07Rik",0.58822718489181,0.00971980217530357
0.175854320466267,0.244442599989465,-0.00970587459115094,0.525556006146071,"Ccnt1",0.588810582702607,0.00970587459115094
0.547407292203876,0.605936963439065,0.00969932299715408,0.52583556066372,"Hdgf",0.58899483505084,0.00969932299715408
0.0874855014666903,0.126174593261337,0.009698579905194,0.52586727296912,"Vps52",0.58899483505084,0.009698579905194
0.10012249627291,0.148673444587957,0.00968256637672629,0.526550906145955,"Lrif1",0.58967822343547,0.00968256637672629
0.5636806567651,0.586936148334958,-0.0096758732641967,0.526836776054709,"Pnisr",0.589894803598831,0.0096758732641967
0.180088843387236,0.240651527050804,-0.00967459612129587,0.526891333174579,"Ranbp9",0.589894803598831,0.00967459612129587
0.342013203267138,0.449938800465665,0.00967099367239883,0.527045238485036,"Klc1",0.589984792634477,0.00967099367239883
0.439095756900037,0.54118240029151,-0.00966860806051586,0.527147170203035,"Fxr1",0.590016584420304,0.00966860806051586
0.192855037162565,0.245308611170881,0.00966513340867227,0.527295652085076,"Trappc5",0.590100461970802,0.00966513340867227
0.219671809076126,0.392158881783495,-0.00964575167552239,0.528124280488522,"Uchl1",0.590945366983671,0.00964575167552239
0.0788918344139425,0.109582475650723,0.00964102597078877,0.528326419352549,"Pgm3",0.591089122822763,0.00964102597078877
1.09649469338557,0.969039704790283,-0.00962571659907858,0.528981537930021,"Tspan3",0.59166088157886,0.00962571659907858
0.134709300797736,0.183697971185628,0.00962563710464477,0.528984940733641,"Trabd",0.59166088157886,0.00962563710464477
0.220132721829411,0.300016859879525,0.0096073150088934,0.529769525194651,"Rhbdf1",0.592455842531273,0.0096073150088934
0.274713072509595,0.343516933396828,0.00959766022851216,0.530183197659966,"Becn1",0.592835838632047,0.00959766022851216
0.271510584605586,0.36584628473562,0.00957103180466959,0.531324978830736,"Sec61a1",0.594029765938111,0.00957103180466959
0.129395741180747,0.178943369803694,0.00956280042916377,0.531678178129962,"Usp10",0.594263603192136,0.00956280042916377
0.0752642466439501,0.110222918050934,0.00956270545288364,0.531682254152087,"Narf",0.594263603192136,0.00956270545288364
0.0810188047570084,0.106712304496816,-0.00955265349108827,0.532113735754028,"Gmds",0.594663038396981,0.00955265349108827
0.0832029084374372,0.11781156593285,0.00954984496352746,0.532234323797881,"Zbed3",0.594714972030942,0.00954984496352746
0.0778548229808705,0.104699940525306,-0.00954417950162491,0.532477620389344,"Trappc12",0.594903985798398,0.00954417950162491
0.0798873213126403,0.116641351811391,-0.00952479283728305,0.533310583422092,"Gosr1",0.595751652704841,0.00952479283728305
0.193655168429452,0.265140002120072,-0.00951844596346909,0.533583424779644,"Rab22a",0.595973468879714,0.00951844596346909
0.137659813296652,0.19450515123949,0.0095059078795946,0.5341226229351,"Mapk6",0.596492682871433,0.0095059078795946
0.108532962782733,0.150119616852336,0.00949668121982752,0.534519589451482,"Rnpep",0.596852934283146,0.00949668121982752
0.445723909471315,0.554907647504878,-0.00947589929676934,0.535414252789814,"Vgll4",0.597735658133224,0.00947589929676934
0.0843683931538169,0.12082566806193,-0.009474857745379,0.535459111498207,"Cep44",0.597735658133224,0.009474857745379
0.131698533031975,0.161640618467001,-0.0094723053744165,0.535569047889311,"Ptgr2",0.597775217730398,0.0094723053744165
0.0886454398787946,0.115218344541309,-0.0094585412324804,0.536162096499998,"Inpp5k",0.598353916872877,0.0094585412324804
0.255829176769656,0.305169892157262,-0.00943145543855916,0.537330092519902,"Scoc",0.599574003946557,0.00943145543855916
0.221737458479692,0.318690990211355,-0.00942769150625428,0.537492502226987,"Thoc1",0.599671835076382,0.00942769150625428
0.187529541150669,0.240713061158389,0.00940565914402384,0.53844366960352,"Tm9sf4",0.600589368149982,0.00940565914402384
0.0648014409989673,0.0896231083348305,0.00940517464617734,0.538464595522305,"Limd2",0.600589368149982,0.00940517464617734
0.232208164323221,0.29317675122212,0.00940070093864446,0.538657838433274,"Stk11",0.600721403139484,0.00940070093864446
0.126475036642909,0.201598209973963,-0.00938934757038993,0.539148406008176,"Dot1l",0.6011849374388,0.00938934757038993
0.0895690344629042,0.115377002421643,-0.00937839393742572,0.5396219134356,"Snapc1",0.601629322413124,0.00937839393742572
0.132772735802348,0.190374744073919,0.00937519889511379,0.539760069029474,"Ankrd50",0.601699749082037,0.00937519889511379
0.413783155926569,0.507330304222844,0.00934331426410517,0.54113974903712,"Wipi1",0.603153958365585,0.00934331426410517
0.212610237334551,0.243479872474295,0.0093390772422716,0.54132322169718,"Uqcc3",0.60327465706919,0.0093390772422716
0.0830825473883659,0.108473265054598,-0.00933252686960285,0.541606928800091,"Arhgap1",0.603507012455483,0.00933252686960285
0.148175390983654,0.213077810544252,-0.00932931484162305,0.54174607396887,"Parg",0.603578241811471,0.00932931484162305
0.0995982795186019,0.113918641926927,-0.00932119098186461,0.542098079444756,"Plpbp",0.603886573575555,0.00932119098186461
0.0786007076721056,0.107118412066452,-0.00930929837581873,0.54261358965279,"Osbpl5",0.60437693550444,0.00930929837581873
0.305343384100366,0.383000599860133,-0.0093029786245477,0.542887632007411,"Cpsf6",0.604598245555512,0.0093029786245477
0.377522991625126,0.50564454302118,-0.00927388869894574,0.544149941895711,"Zfp91",0.605919946401774,0.00927388869894574
0.109947872245716,0.160688483614777,0.009271133502157,0.544269574752908,"Golga2",0.60596906727034,0.009271133502157
0.243490138400736,0.317197853687986,-0.00923473766854879,0.545851136712428,"Smndc1",0.607645605019495,0.00923473766854879
0.157877077624227,0.24763958961595,-0.00922646637766034,0.546210878779133,"Agpat1",0.607961727191534,0.00922646637766034
0.102523178171006,0.143899869965599,0.00921746630011431,0.54660245125275,"Apbb1",0.608313185693768,0.00921746630011431
0.299855879031761,0.406336599633824,-0.00919484422081265,0.547587298708477,"Kcna2",0.609324710142396,0.00919484422081265
0.189497945023421,0.253845463293654,0.00919233910115392,0.547696412490348,"Slc25a39",0.609361621439621,0.00919233910115392
0.156322101462948,0.204250643543885,0.00917751566254803,0.548342286708878,"Tcp11l2",0.609995634070711,0.00917751566254803
0.364748948076504,0.459503030413629,0.0091645619914959,0.548907000757755,"Smc6",0.610539197959554,0.0091645619914959
0.234229101121883,0.292893774486855,0.00915065982438864,0.549513383418027,"Ublcp1",0.611054703575222,0.00915065982438864
0.300194342359478,0.355921827051629,0.0091504445847829,0.549522774301944,"Spr",0.611054703575222,0.0091504445847829
0.117679196432192,0.176103136985917,-0.00913586999718888,0.550158846142116,"Slc7a6os",0.61167723173678,0.00913586999718888
0.0684863895205446,0.0990990508725393,-0.00912718967414259,0.550537849541847,"Ttc27",0.611998557755051,0.00912718967414259
0.162006530268911,0.235313109047071,-0.00912575742281878,0.550600397362128,"Zscan26",0.611998557755051,0.00912575742281878
0.119674044965962,0.161760712215193,0.00912110728689339,0.550803497459985,"Trim26",0.61213014232236,0.00912110728689339
1.81195937671072,1.7917747318579,-0.00911955380850153,0.55087135564678,"Mt1",0.61213014232236,0.00911955380850153
1.16117023685166,1.04028200812065,0.00911210458845404,0.551196805485743,"Morf4l1",0.612406974137026,0.00911210458845404
0.188207000746401,0.239633993892971,0.00910029190454657,0.551713084891161,"Pbxip1",0.612895721053119,0.00910029190454657
0.0844596214306677,0.113540180470032,-0.00909647316623589,0.551880035591541,"Mbd6",0.612942180700602,0.00909647316623589
0.0882405181411533,0.135861748731629,-0.00909584080896643,0.551907683893551,"Isg20l2",0.612942180700602,0.00909584080896643
0.92285871856805,0.99967000821035,0.00906029637143914,0.553462871555261,"Rbm25",0.614584290251788,0.00906029637143914
0.305111648731219,0.379503416536172,-0.00904780816577076,0.554009781257085,"Adk",0.615106473613789,0.00904780816577076
0.234106024567896,0.314199416606587,-0.00903336171320167,0.554642780346153,"Tob1",0.615724082664296,0.00903336171320167
0.364176342166864,0.427968360260094,0.00901996440443134,0.555230124982859,"Nsmce1",0.616290845602775,0.00901996440443134
0.275881974073085,0.334863256747343,0.00901247698008182,0.555558509635423,"Churc1",0.616570052740613,0.00901247698008182
0.29220635471745,0.332590353942688,0.00897119098745012,0.557370938004814,"Glmp",0.61849597656626,0.00897119098745012
0.173793766488029,0.222106066375309,0.00894534490371581,0.558507027154824,"Bckdk",0.619670960438372,0.00894534490371581
1.87815871247028,1.22868487260567,-0.00893360824475674,0.559023294297469,"Cd81",0.620158013748499,0.00893360824475674
0.0895844975631698,0.182829839407058,-0.00893125877470747,0.559126669602833,"Hcn1",0.620186950081992,0.00893125877470747
0.0995758641425877,0.169226211532164,-0.00891015319512403,0.560055718507792,"Cd24a",0.62113159437547,0.00891015319512403
1.15134759336273,0.983718519213779,0.00888907950351078,0.560984109465382,"Psap",0.622045352511705,0.00888907950351078
0.350154369430964,0.418047759264996,0.00888793223896585,0.56103467299691,"Polr2m",0.622045352511705,0.00888793223896585
0.0965683866600665,0.115231406361012,-0.00886769661701984,0.561926882299389,"Ccdc186",0.622918088251921,0.00886769661701984
0.334345744038003,0.396438414326316,0.00886655871567026,0.561977073885301,"Mrpl14",0.622918088251921,0.00886655871567026
0.0642908696856955,0.0863201455165992,0.00882745994644356,0.563702992232009,"Pfas",0.624744863214039,0.00882745994644356
0.0715465637308036,0.0949944458244105,0.00882565046287401,0.563782929180509,"Josd1",0.62474716527336,0.00882565046287401
0.149523534386711,0.198137612849839,0.00882180945480226,0.563952630198057,"Cep57",0.624785388580989,0.00882180945480226
0.0690289219550784,0.088979164383945,-0.00882134500871848,0.563973151731319,"Zfp703",0.624785388580989,0.00882134500871848
0.0723505702290202,0.10681470990376,-0.00880695811406374,0.564609014152432,"Mapkbp1",0.625403469016996,0.00880695811406374
0.0884975473289218,0.118101477508822,0.00879662416725084,0.565065959768762,"Mgat1",0.625823224456114,0.00879662416725084
0.31011123625002,0.437844368711715,0.00879380812588213,0.565190510065739,"Map3k1",0.625874779570451,0.00879380812588213
0.321030851373771,0.408614485441959,-0.00876514119449945,0.566459165834374,"Sertad2",0.627193093232374,0.00876514119449945
0.112779325244374,0.144916613821537,0.00875486287130219,0.566914365621141,"Midn",0.627555045065279,0.00875486287130219
0.525150620154042,0.602885406974308,-0.0087542280088981,0.566942487746536,"Anapc16",0.627555045065279,0.0087542280088981
0.190979536226402,0.245319098437072,0.0087508116777048,0.567093830428826,"Snhg20",0.627635985567021,0.0087508116777048
0.291213468120144,0.355669591054801,0.0087412583088964,0.567517145151092,"Gatad1",0.627998208661367,0.0087412583088964
0.182117492739466,0.226591878015292,-0.0087398932667963,0.567577643221863,"Gsr",0.627998208661367,0.0087398932667963
0.071741066166854,0.0923847117157968,-0.00872513072665339,0.568232109686816,"Grk6",0.628635660847513,0.00872513072665339
0.0566688082743431,0.0706906256892986,0.0087205760457963,0.568434104782009,"E2f6",0.62877243683083,0.0087205760457963
0.105179141382737,0.163011684989733,0.00871143975663303,0.568839392608024,"Wdr3",0.629134016028503,0.00871143975663303
0.0888917507626092,0.114560141943349,-0.00870324513092193,0.569203025403791,"Kat8",0.629449431620731,0.00870324513092193
0.171843232097054,0.221882985144416,0.00869983143675087,0.569354539264686,"Rdm1",0.629530222276401,0.00869983143675087
0.0950281847513762,0.134535121879587,-0.00869347062074064,0.569636909908577,"Txlng",0.629697769162503,0.00869347062074064
0.381422626415495,0.532161669725735,0.00869288243325633,0.569663024221163,"Ece1",0.629697769162503,0.00869288243325633
0.136629461168602,0.193498424161559,-0.00868471786666423,0.570025573119083,"Csnk1g2",0.630011735359162,0.00868471786666423
0.17796842145243,0.220884619296672,-0.00868133216675421,0.570175947924761,"Gon4l",0.630091145317212,0.00868133216675421
0.598739114038465,0.608332441546656,-0.00865049321923325,0.571546519739778,"Saraf",0.631518765407874,0.00865049321923325
0.0606039842275856,0.0779297137073882,0.00864414893153855,0.571828672342714,"Pak4",0.631743531168654,0.00864414893153855
0.354332242089122,0.48738028794442,-0.00861987474909798,0.572908840619402,"Bcl7a",0.632849743547643,0.00861987474909798
0.113050131804297,0.160556655744716,-0.00861250104768758,0.573237151916338,"Ing3",0.633053746116051,0.00861250104768758
0.0723805797893401,0.106516804749358,0.00861218308758164,0.573251310976973,"Cyb5d2",0.633053746116051,0.00861218308758164
0.45091206507223,0.593234698618206,0.00859945596031961,0.573818197945239,"Ccar1",0.633580165896793,0.00859945596031961
0.111697914193119,0.151781697772636,-0.00859793587091309,0.573885922948391,"Tmem167b",0.633580165896793,0.00859793587091309
0.115956073536691,0.143144471610393,0.00858822444257718,0.574318688473674,"Cln8",0.633907107904062,0.00858822444257718
0.839966136281321,0.805934988281407,-0.00858774485456797,0.57434006411547,"Dstn",0.633907107904062,0.00858774485456797
0.100494085940776,0.14939542415296,0.00857848402502602,0.574752900900996,"Pwp1",0.634275515999119,0.00857848402502602
0.0797765514782172,0.11554939082371,0.00857507973650685,0.574904695307213,"Snupn",0.63435578591104,0.00857507973650685
0.0638659379139896,0.0810229616286074,-0.00855846281983937,0.575645901770058,"Wdtc1",0.635086307686366,0.00855846281983937
0.125990472141556,0.163367612788101,0.00855648494338609,0.575734156049157,"Cdc23",0.635096352507347,0.00855648494338609
0.103536924006499,0.146438593147673,-0.00854355725252608,0.576311156237455,"Spopl",0.6356454594707,0.00854355725252608
0.325562442867552,0.422370254252977,0.00853460264017781,0.576710986271011,"Actr2",0.635999031588591,0.00853460264017781
0.098226476163949,0.130125867322525,-0.0085007105508371,0.578225475633477,"Hcfc1",0.637581588083416,0.0085007105508371
0.264392565911301,0.340879612482631,-0.00848043336897949,0.579132467276388,"Ccnt2",0.638493943037337,0.00848043336897949
0.0824099794678573,0.115097936385751,0.00845693090468696,0.580184559493104,"Ubfd1",0.639565998814764,0.00845693090468696
0.127080147837195,0.16430633163009,-0.00838883157198071,0.583238084232891,"Zfp512",0.642789848832267,0.00838883157198071
0.108308008052681,0.146460274093202,-0.0083881361898296,0.583269303258691,"Krr1",0.642789848832267,0.0083881361898296
0.199546636839244,0.271811503177539,-0.00838160690698054,0.583562471925421,"Acvr2a",0.643024618886237,0.00838160690698054
0.238714581213342,0.309682114573342,0.00836482975721937,0.584316090470857,"Akap8",0.643766622262551,0.00836482975721937
0.060164006935877,0.0906469871266336,-0.00835574834157711,0.584724210455529,"Rnf213",0.644127823269517,0.00835574834157711
0.0696575353325223,0.0918767201894779,0.0083494947029978,0.585005326791959,"Zbtb24",0.644349038047862,0.0083494947029978
0.788266426717795,0.792442278600273,0.00834197474190623,0.585343450547928,"Krtcap2",0.644632973812321,0.00834197474190623
0.259076632264786,0.321394561849971,-0.0083277933872835,0.585981340660444,"Idh2",0.645246916077865,0.0083277933872835
0.215549292535765,0.282000561161787,0.00830528019051748,0.586994666213328,"Mob2",0.64627403974969,0.00830528019051748
0.441039153837942,0.573484682342497,-0.00829743266489524,0.587348076221517,"Rbm5",0.64657442222547,0.00829743266489524
0.102743474006982,0.170928345009847,-0.00829294069343773,0.587550414558363,"Enox2",0.646708439837628,0.00829294069343773
0.0725120564577038,0.10504213446153,0.0082647419208766,0.588821348306511,"Bcat2",0.648018447237889,0.0082647419208766
0.129096023202498,0.186287786384971,-0.00826281941577712,0.588908042817452,"Smg9",0.648024977450251,0.00826281941577712
0.621936561221946,0.690484386458398,0.00823340781410586,0.590235079558265,"Anapc11",0.649396171448721,0.00823340781410586
0.361393833527908,0.491341918824967,0.00820717246407741,0.591419965724513,"Pdcd4",0.650610612143336,0.00820717246407741
0.0697440725294399,0.0859481457839383,-0.00818510560324361,0.592417432626067,"Fam91a1",0.651618571540995,0.00818510560324361
0.0947739150093335,0.104020653229027,0.00817187606747334,0.593015804131642,"Epb41l4aos",0.652187337219339,0.00817187606747334
0.160488616196507,0.222433059003515,0.00816721390501576,0.593226739552296,"Ehd4",0.652329910671183,0.00816721390501576
0.0778369423425194,0.106571400272074,-0.00815502085559116,0.593778565651591,"Efna2",0.652817393917351,0.00815502085559116
0.0653201687971588,0.0959552409861672,0.00815382341359048,0.593832771460961,"Syvn1",0.652817393917351,0.00815382341359048
0.102842812065636,0.140555078208366,0.00809883905234091,0.596324237902557,"Cbll1",0.655466532182208,0.00809883905234091
0.133629314072781,0.185651049266245,-0.00809264276118095,0.596605304113307,"Snhg9",0.655685654048099,0.00809264276118095
0.0660316870933722,0.10643870705998,0.0080857762048844,0.596916844222363,"Dis3",0.655938202963604,0.0080857762048844
0.238864764035911,0.265313210895951,0.00807911532180604,0.597219123490383,"Ptpa",0.656180507584121,0.00807911532180604
0.0688661887111995,0.0928612995328371,0.00807486740193311,0.597411935781184,"Crat",0.65630248804877,0.00807486740193311
0.127737925916858,0.176379385723281,-0.00807218310199388,0.597533790239093,"Palm",0.656346493207185,0.00807218310199388
0.144997271905682,0.184826274731508,0.00801941080370228,0.599931691377235,"Ube2j1",0.658890212374889,0.00801941080370228
0.11583262622718,0.161979845943884,0.00801699879241998,0.600041393830695,"Smarcd3",0.658920506924524,0.00801699879241998
0.10131026897652,0.153939012719677,-0.00800858551377594,0.600424115319915,"Gigyf1",0.659250561210591,0.00800858551377594
0.102437380701762,0.136612157552691,0.00798194502192157,0.601636722990779,"5530601H04Rik",0.660491594647422,0.00798194502192157
0.147519200907514,0.192263851324324,0.00797811956857381,0.601810938571476,"Nkiras1",0.660592472106365,0.00797811956857381
0.090127780198763,0.12631657634857,0.0079691191472329,0.602220917864997,"Ddi2",0.660952078368039,0.0079691191472329
0.115732308004232,0.146621206747253,-0.00794464766307178,0.603336256979689,"Xpo4",0.662054555156763,0.00794464766307178
0.0639741892132152,0.0898595304442129,0.00794160756415724,0.603474880673717,"Med24",0.662054555156763,0.00794160756415724
0.0693755694908299,0.10177440006778,0.00794019003883898,0.603539522475384,"Hcfc2",0.662054555156763,0.00794019003883898
0.10913876117227,0.14127926502532,-0.00793984039273498,0.603555467469058,"Slc35e4",0.662054555156763,0.00793984039273498
0.157532279535452,0.181039934702912,-0.00793735414779312,0.603668853741232,"Chmp1b",0.662088420232319,0.00793735414779312
0.275666344074669,0.345061327804583,0.0079346459347458,0.603792373852986,"Ccni",0.66213338906606,0.0079346459347458
0.086978256548366,0.125747281626284,0.00792332728765362,0.604308733961426,"Tubgcp3",0.662609084627833,0.00792332728765362
0.143763733756342,0.189292146276744,-0.00791823984166784,0.604540889319726,"Rlim",0.662773069531559,0.00791823984166784
0.0864344660542739,0.112444597625741,0.00787412237903444,0.606555776167758,"Mtpap",0.664891195077882,0.00787412237903444
0.1075184324846,0.136697780537066,-0.00786321163678978,0.607054542708849,"Pacsin3",0.665296948510752,0.00786321163678978
0.228707173559907,0.283807674968402,-0.00786239772116224,0.607091756853904,"Fam76a",0.665296948510752,0.00786239772116224
0.161575605786034,0.233724485225742,-0.00784069815902307,0.608084287353697,"Cnot1",0.66626034750756,0.00784069815902307
0.111059894096931,0.151898223280333,0.0078395475207974,0.608136937331177,"Rnf214",0.66626034750756,0.0078395475207974
0.0815704432919254,0.112787857856438,-0.00783487862605208,0.608350593695278,"Llgl1",0.666403435332548,0.00783487862605208
0.0613298070072615,0.0784777881482538,-0.00782739335080258,0.608693202042949,"Zfp317",0.666687722248515,0.00782739335080258
0.249892560905794,0.309949915995826,0.00781539599961271,0.60924251155361,"Cat",0.667198295715322,0.00781539599961271
0.0801410042953042,0.11767008810185,-0.00781168889621563,0.609412289178643,"Prkar2b",0.667293150705435,0.00781168889621563
0.158530611166957,0.214815779280476,0.00779576444214582,0.610141835111326,"Tpst1",0.667986302504845,0.00779576444214582
0.131408883353355,0.173088239512898,-0.00779423738967291,0.610211814227382,"Kat7",0.667986302504845,0.00779423738967291
0.516622956454518,0.647083025577501,-0.00778246966403986,0.610751204621853,"Eif4g3",0.668485563481892,0.00778246966403986
0.171434041969893,0.221765044606299,-0.00777147985725458,0.611255128800301,"Taz",0.668945874726352,0.00777147985725458
0.16385474050713,0.224693423666947,-0.00775772885542232,0.611885923448014,"Clcc1",0.669544886096668,0.00775772885542232
0.235623240724199,0.361993593905488,-0.00775246958158258,0.612127256293828,"Ldlr",0.669670037018849,0.00775246958158258
0.681597260712405,0.920785377417547,0.00775159889694234,0.612167213551004,"Gulp1",0.669670037018849,0.00775159889694234
0.143557223718574,0.303520959881572,0.00774484724234483,0.612477098051479,"Nefm",0.669917698304944,0.00774484724234483
0.530525879145368,0.643837253372094,0.00774243550682999,0.612587807637989,"Cbx1",0.669947467423636,0.00774243550682999
0.106747844044344,0.151260994434678,-0.0077355674701742,0.612903130063667,"Ankrd49",0.670185058846547,0.0077355674701742
0.126082378460816,0.180442314108751,0.00773406539951433,0.612972102053192,"Nup214",0.670185058846547,0.00773406539951433
0.0608332844020614,0.0859407478215804,0.00773066807105941,0.613128113013585,"Cenpt",0.67026430229169,0.00773066807105941
0.0590748426843187,0.0796544267684244,-0.00772707168323928,0.613293284202931,"Zfp942",0.670353536635924,0.00772707168323928
0.292527307556386,0.372850036870849,0.00771807385477915,0.613706613160909,"Zbtb7a",0.670713955870762,0.00771807385477915
0.137085161459569,0.178027350152043,-0.00771566275268954,0.613817391668738,"Ppme1",0.670743667540509,0.00771566275268954
0.29066897742792,0.394101973943873,0.00771219353459855,0.613976800964153,"Man1a2",0.67082650475713,0.00771219353459855
0.133595258440523,0.195879260842825,0.00771016694508278,0.614069930446958,"Cnpy4",0.67083691244471,0.00771016694508278
0.0876287905623101,0.128966670190428,0.00768692376204798,0.615138487621881,"Mfsd8",0.671912772213174,0.00768692376204798
0.127332169652492,0.184024333604286,-0.00767304893465358,0.615776743461526,"Ppp1r15b",0.672518387033522,0.00767304893465358
0.126578311839634,0.162405593610876,-0.00765615024114859,0.616554492659098,"Mgat4b",0.673276163458983,0.00765615024114859
0.436739596862783,0.537661314883276,0.0076470105262303,0.61697532030834,"Thoc7",0.673635408904017,0.0076470105262303
0.0775824400560241,0.09869464960267,-0.00764535896866602,0.617051377797174,"Gcdh",0.673635408904017,0.00764535896866602
0.192126993768306,0.24793248968356,-0.00761197802762138,0.618589515529543,"Krt10",0.675142480506741,0.00761197802762138
0.0984544576248477,0.138191989058452,0.00761174759776914,0.61860013916819,"Sugp1",0.675142480506741,0.00761174759776914
0.104943971314595,0.144686807768473,-0.00760756986123653,0.618792761550139,"Aqr",0.675260862053354,0.00760756986123653
0.0689795197321073,0.086002370988335,0.00758300185849863,0.619926044743975,"Cfap97",0.676405572888993,0.00758300185849863
0.125059591906737,0.185745745087174,-0.00755985290602304,0.620994695882988,"Per3",0.677479461558816,0.00755985290602304
0.131162315023618,0.191969040318247,-0.00755445113549845,0.62124417908566,"Pcyt1a",0.677659501493112,0.00755445113549845
0.155976456731366,0.209285148523303,0.00754596549438441,0.621636180149628,"Gid8",0.677987982872459,0.00754596549438441
0.124227652618922,0.162245368949357,-0.00754427461907174,0.621714304333942,"Dcaf7",0.677987982872459,0.00754427461907174
0.0940171683233776,0.116859233816932,-0.00754234430768277,0.62180349648815,"Orai1",0.677993104473558,0.00754234430768277
0.301313476455774,0.383522153461874,-0.00754041693316789,0.621892558481314,"Dynll2",0.677998082779085,0.00754041693316789
0.135430415970662,0.287323665355599,0.00753702708749251,0.62204921318998,"Lsmd1",0.678063047641689,0.00753702708749251
0.329582908284334,0.484938026898244,-0.00753460913816047,0.622160964177797,"Zc3h13",0.678063047641689,0.00753460913816047
0.0814909608766192,0.11849231548927,-0.00753364209947101,0.622205660491744,"Mbtps2",0.678063047641689,0.00753364209947101
0.065301798224257,0.0942653246506246,-0.0075199494466129,0.622838681254973,"Zgpat",0.678660724930731,0.0075199494466129
0.173900457846038,0.242774430939541,0.00749421291287215,0.624029253081189,"Usp15",0.679865679120633,0.00749421291287215
0.320336017200043,0.430298970873155,-0.00748556784444701,0.624429394411449,"Mbnl1",0.680209267004815,0.00748556784444701
0.108215813282754,0.144513826592869,-0.00747599165571033,0.62487276238896,"St6galnac6",0.680599843275284,0.00747599165571033
0.102019231281161,0.127394976190812,0.00746931224431891,0.625182092842894,"Prr3",0.680844342151382,0.00746931224431891
0.0904732857368339,0.117866881726156,-0.00744996920848436,0.626078261009622,"Aco1",0.681674659301017,0.00744996920848436
0.0621709980822924,0.0897920365390387,0.0074491886398677,0.626114436571348,"Sugp2",0.681674659301017,0.0074491886398677
0.0921311632491139,0.124726661478537,-0.007432470043274,0.626889478108695,"Slc35b3",0.682425881473907,0.007432470043274
0.178111265493645,0.22937604525867,0.00740818995201134,0.628015789147162,"Idnk",0.683523227806257,0.00740818995201134
0.0607364392413507,0.0880802414291702,-0.00740706723189757,0.628067891153481,"D930016D06Rik",0.683523227806257,0.00740706723189757
0.208057208351408,0.276917684388019,0.0074017609491059,0.62831416457623,"Synj2bp",0.683698515942456,0.0074017609491059
0.108065173853159,0.160439689959074,-0.00739435095775598,0.628658143828365,"Tbk1",0.683980060485261,0.00739435095775598
0.141115294584144,0.191082826538154,-0.00738878055019843,0.628916780826608,"Nampt",0.684168688903566,0.00738878055019843
0.0634365890621419,0.077056347385184,0.00737438414047036,0.629585424622726,"Asl",0.684803232638302,0.00737438414047036
0.0865932122895441,0.133916484883784,-0.00736734463992152,0.629912486028978,"Ttf1",0.685066113837967,0.00736734463992152
0.140336207418305,0.1962266006973,0.00736343465520248,0.630094178708328,"Wdr74",0.685170848347421,0.00736343465520248
0.143816235308502,0.199460576186042,-0.00735439356608232,0.630514393806855,"Dbp",0.685534891044201,0.00735439356608232
0.156839553519578,0.222562098219202,-0.00734984417998584,0.630725887064558,"Hspa13",0.685671930335458,0.00734984417998584
0.401098386344118,0.523460813634512,-0.00734278166222334,0.631054271470123,"Akap9",0.685935989471182,0.00734278166222334
0.134297271036073,0.180130183025346,-0.00733468180833616,0.631430978334144,"Flot2",0.68625249494151,0.00733468180833616
0.209729710225016,0.272625544709203,0.00732481132044878,0.631890162973387,"Irf2bpl",0.68665854112926,0.00732481132044878
0.0698416615716033,0.097688888568746,-0.00731629082890267,0.632286658669056,"Evc2",0.686996364138186,0.00731629082890267
0.0657997621392762,0.0908892025872994,-0.00730912562034844,0.632620168955159,"AI597479",0.687265669604142,0.00730912562034844
0.179300263722306,0.265094925448257,0.00730557153135826,0.632785624550522,"Paip1",0.687352355678,0.00730557153135826
0.094454493721852,0.178196267686183,-0.00729714354918501,0.633178050787071,"Apba1",0.687685527817469,0.00729714354918501
0.0773261474335915,0.114201600177281,-0.00729253087404428,0.633392871262514,"Ccdc163",0.687796502668361,0.00729253087404428
0.201435784407687,0.265744932391386,0.00729119561537047,0.633455062399228,"Flot1",0.687796502668361,0.00729119561537047
0.592854970939632,0.735940308292134,0.00728942828441772,0.63353738175746,"Hnrnph1",0.687796502668361,0.00728942828441772
0.225585022362003,0.305565631872391,-0.00719598156641343,0.637896413933402,"Flna",0.692435176596539,0.00719598156641343
0.189366921472179,0.24018874262912,-0.00719384109618952,0.637996408516383,"Prrc2a",0.692450044898614,0.00719384109618952
0.200181498250297,0.281027431647776,-0.00713419150911726,0.640785652090901,"Zfp260",0.695383293532241,0.00713419150911726
0.259058080066935,0.333632109762181,0.00711050968656888,0.641894436307821,"Rbmx",0.696492353878831,0.00711050968656888
0.19886950309386,0.261960951997081,-0.00709919946333548,0.642424263513331,"Brd9",0.696836114661524,0.00709919946333548
0.185886250486977,0.261121533780032,0.00709839214411598,0.642462089327676,"Cnrip1",0.696836114661524,0.00709839214411598
0.216249528533364,0.266524699154006,0.00709818528251605,0.64247178168818,"Vamp5",0.696836114661524,0.00709818528251605
0.108209285846337,0.144682135890581,-0.00709606052048176,0.642571339500422,"Metap1",0.696849902439706,0.00709606052048176
0.112672324666674,0.143500173085539,0.00709043126320562,0.642835134907193,"Snrk",0.697041773310177,0.00709043126320562
0.207783969885469,0.267120141977107,-0.00706285992839958,0.644127818691863,"Ubn1",0.698349090282869,0.00706285992839958
0.127795709002181,0.171094399238625,0.00704190842339666,0.645110851602325,"Usp19",0.699320382769124,0.00704190842339666
0.328805788107653,0.410532358592329,0.00703075550940612,0.645634393213338,"Babam2",0.699793377163829,0.00703075550940612
0.0702369147176855,0.104228215925234,0.0070241155565455,0.645946170184049,"Iqcc",0.700036746293464,0.0070241155565455
0.131412175308704,0.199365486852677,0.00702186276674061,0.64605196337633,"Senp3",0.700056847283143,0.00702186276674061
0.377179898837018,0.449332820108088,-0.00701613225034483,0.646321106231118,"Asrgl1",0.700253923359234,0.00701613225034483
0.325962177904825,0.432589973290636,0.00701039463862345,0.646590628692785,"Dhx15",0.700451357449833,0.00701039463862345
0.159955860281248,0.206641888434476,0.00699973989690195,0.647091254715282,"Slc6a6",0.700878225880085,0.00699973989690195
0.0662513251261322,0.0937199658153686,0.00699829049789665,0.647159368836684,"Ccdc130",0.700878225880085,0.00699829049789665
0.0972428524047177,0.135028937789009,-0.00699486936371175,0.647320155845708,"Taf8",0.700957750405662,0.00699486936371175
0.0991759909495585,0.13305378411555,0.00697414474880457,0.648294526120552,"Mitd1",0.70187290839764,0.00697414474880457
0.060692881316863,0.090262433416553,0.00697317297577993,0.648340228943583,"Rnf40",0.70187290839764,0.00697317297577993
0.351348832000268,0.463130937752822,0.00696315942528889,0.648811246810177,"Brd2",0.702288067503691,0.00696315942528889
0.0633108566340167,0.0815467816591085,0.00695747688237776,0.649078605017205,"Trmt10b",0.702407959848619,0.00695747688237776
0.125194349744741,0.169083469432705,-0.00695708410420317,0.649097086525114,"Pcyox1l",0.702407959848619,0.00695708410420317
0.0971509659754865,0.144255659181175,-0.00695436592280156,0.649224991838679,"1600020E01Rik",0.702451636261267,0.00695436592280156
0.0690751846330694,0.100215438225604,-0.00695101977249853,0.649382460724534,"Pde7a",0.702527283922565,0.00695101977249853
0.200513200605736,0.250503839015963,-0.00694469103401593,0.649680332187187,"Suds3",0.702754783697761,0.00694469103401593
0.0563962423764906,0.0672527069559944,0.00693959528068668,0.649920212066123,"Selenon",0.702919501498662,0.00693959528068668
0.394412472212527,0.46757881791805,-0.0069363276613137,0.650074052601749,"Gde1",0.702991131816231,0.0069363276613137
0.0760999166037445,0.0974399594400434,0.00692894958793617,0.650421469425604,"Nomo1",0.703272048331903,0.00692894958793617
0.305908882167122,0.415182667886545,0.00692696181416143,0.650515082197842,"Naa15",0.703278498996966,0.00692696181416143
0.164886782476416,0.206921704537707,0.00692426806511479,0.650641951162305,"Hibch",0.703320896689523,0.00692426806511479
0.104861706737837,0.134703919178857,-0.00691733727142421,0.65096842102985,"Man1b1",0.703579015401875,0.00691733727142421
0.200641511138617,0.258170098024785,-0.00691221775610205,0.651209614966985,"Ahcyl1",0.703744909157588,0.00691221775610205
0.260922257991218,0.30634530468661,-0.00688553601795225,0.652467252733744,"Cir1",0.705009054125446,0.00688553601795225
0.126226913434581,0.183850902605763,-0.00687481105216368,0.65297305027054,"Meaf6",0.705460583731092,0.00687481105216368
0.264422347466433,0.340294795246142,-0.006869566852916,0.653220428767616,"Dlgap4",0.70563283796868,0.006869566852916
0.123182058641183,0.160878846089544,0.00686540170457049,0.653416933611509,"Parn",0.705750097630737,0.00686540170457049
0.228015876675722,0.299506881503923,0.00684653773794362,0.654307205205361,"Sel1l",0.706570973905036,0.00684653773794362
0.148064414410201,0.198440647315053,0.00684556652528153,0.65435305422337,"Fra10ac1",0.706570973905036,0.00684556652528153
0.195989130791604,0.247502571352607,-0.00680341559269503,0.656344169829763,"Apip",0.708625621463135,0.00680341559269503
0.126276654230772,0.16983493590658,0.00679790724322946,0.656604552676545,"Zfp329",0.708691040897802,0.00679790724322946
0.0660845353479488,0.0854511927059225,-0.00679784368364974,0.65660755741782,"Kpna6",0.708691040897802,0.00679784368364974
0.143092584668825,0.196766068178179,-0.00679585424661235,0.656701609675002,"Limk2",0.708691040897802,0.00679585424661235
0.0792629717251674,0.11592303004716,0.0067946604843468,0.656758048369399,"Nup85",0.708691040897802,0.0067946604843468
0.0655582852503213,0.094804372979428,-0.00678389361457938,0.657267172874653,"Parp12",0.709145057838673,0.00678389361457938
0.0796990387302473,0.104372600912186,0.00677201743895746,0.65782893671335,"Gas8",0.709655739202463,0.00677201743895746
0.0841496496157363,0.109694944748382,-0.00675741639402834,0.658519856420283,"Gm14305",0.710305595902184,0.00675741639402834
0.0767547568388969,0.123653126370127,0.00674847379217797,0.658943163280052,"Gadd45g",0.710603291885779,0.00674847379217797
0.945049983952351,1.02375613756616,0.00674784423806561,0.658972967961376,"Ttyh1",0.710603291885779,0.00674784423806561
0.259271019986607,0.333702968734439,-0.00670868848850161,0.660827762442628,"Cstf3",0.712507654641178,0.00670868848850161
0.0692142315917683,0.0877080512801797,0.00669493331744593,0.66147983549041,"Zfp932",0.7131148999026,0.00669493331744593
0.0938572137530818,0.134853427196521,0.00668461446980114,0.661969175965317,"Atg16l1",0.713298807299942,0.00668461446980114
0.230615321571568,0.295860794409449,0.00668436513389719,0.661981001761467,"Npc1",0.713298807299942,0.00668436513389719
0.31098194301226,0.413077005666806,-0.00668254970217526,0.66206710873054,"Cul5",0.713298807299942,0.00668254970217526
0.161584271149959,0.206351037908264,-0.00668225531589172,0.662081072061954,"Scrn1",0.713298807299942,0.00668225531589172
0.0654934361807912,0.0905747497386464,0.006681963683605,0.662094904881602,"Ints10",0.713298807299942,0.006681963683605
0.0585483803661886,0.0778063718193845,-0.00667359096449605,0.662492092198031,"Srrd",0.713630896468922,0.00667359096449605
0.147367910324703,0.212753218755155,-0.00664670487172034,0.663768163212483,"Atxn2l",0.714909495519055,0.00664670487172034
0.0660179289001469,0.0966533956012072,-0.00663902182111287,0.664132996450089,"Dhx32",0.715206437191722,0.00663902182111287
0.139405587720272,0.165983827234436,0.00661864190366682,0.665101131670403,"Smpd1",0.716095851302221,0.00661864190366682
0.402658224282815,0.513705748178934,-0.0066178789678689,0.665137385313491,"Pxn",0.716095851302221,0.0066178789678689
0.131652542330302,0.192598977928273,-0.00661441042691806,0.665302215400458,"Rrnad1",0.71617721711474,0.00661441042691806
0.108191512354581,0.144653511936854,-0.00660431178152718,0.665782209706454,"Ccnc",0.716597780105243,0.00660431178152718
0.0944246734080548,0.12345042259417,-0.00660001898947526,0.665986290011469,"Ciz1",0.716721297083158,0.00660001898947526
0.355251809827894,0.454728860801601,0.00659289600304621,0.666324972944948,"Hdlbp",0.716989618199043,0.00659289600304621
0.559223970682797,0.616547240620065,0.00658971893645736,0.666476057677886,"Dazap2",0.717056032020295,0.00658971893645736
0.223598340247124,0.284342113236339,-0.00658144201798927,0.666869728303388,"Rit1",0.717383389181712,0.00658144201798927
0.144001647501596,0.211418053859753,-0.0065777001261234,0.66704773200452,"Rad50",0.717478686542127,0.0065777001261234
0.0914680645803938,0.119792108059697,0.00653385187798831,0.669135009321749,"Avpi1",0.719627303953587,0.00653385187798831
0.132159394969109,0.164894038143638,-0.00652740031680495,0.669442334721851,"Prkra",0.719821269239052,0.00652740031680495
0.220732867125999,0.276408709095388,0.00652629942371915,0.669494782194796,"Prkag1",0.719821269239052,0.00652629942371915
0.0853161247844039,0.119517831767281,0.00651662079970226,0.669955949319414,"Gpatch1",0.720220597178319,0.00651662079970226
0.560709586396263,0.651818958089444,0.00651401588404905,0.670080089605125,"Gpx1",0.720257553783192,0.00651401588404905
0.260366878277386,0.33329555086303,-0.00650641237546074,0.67044249516195,"Ginm1",0.720550573423451,0.00650641237546074
0.0578948877144104,0.0773636683866066,-0.00649825877122744,0.670831205087604,"D730003I15Rik",0.720871781119986,0.00649825877122744
0.0760669796456386,0.10327166243695,0.00649491486040225,0.670990646114514,"Acad9",0.720946564598669,0.00649491486040225
0.249038845860125,0.321669961607711,-0.0064825638156127,0.671579684647081,"Ccdc107",0.721426844183186,0.0064825638156127
0.199757096937069,0.246853920313656,0.0064817718103665,0.671617463365953,"Lrp10",0.721426844183186,0.0064817718103665
0.10242008263166,0.131903060921892,0.00647920940408984,0.671739696048997,"Dnajc4",0.721461560848234,0.00647920940408984
0.134521237686094,0.186339495510741,-0.00647396285634535,0.671989995536165,"Rufy1",0.721633796062927,0.00647396285634535
0.0840254801820063,0.0960489773650801,-0.00646673596677315,0.672334831636758,"Ints14",0.721907492178957,0.00646673596677315
0.0679090165052946,0.0995177402743796,-0.006461032121335,0.672607043286148,"Slc30a7",0.722103146284192,0.006461032121335
0.11235822740643,0.175663597987402,-0.00644903277899397,0.673179842718588,"Galnt16",0.722621412437986,0.00644903277899397
0.191913776648611,0.269155882891707,-0.00644232604699517,0.673500077230585,"Ppp1r7",0.722868461703881,0.00644232604699517
0.544033656871264,0.664121299504194,0.00642555898731969,0.674300933250846,"Dek",0.723631227551797,0.00642555898731969
0.106290745540661,0.141716151755621,0.00641098647651202,0.674997269380177,"Rnf44",0.72423961027052,0.00641098647651202
0.142003607202546,0.180579206721613,-0.00640991749966913,0.675048360569942,"Gna13",0.72423961027052,0.00640991749966913
0.0729999241158298,0.111257115759075,-0.00638794338706885,0.676098933180961,"Msh3",0.725269764685031,0.00638794338706885
0.149565660838325,0.170655392436617,-0.00637421557289533,0.676755574151408,"Retreg2",0.725877118966836,0.00637421557289533
0.0877248073377226,0.12982411212877,-0.00636748068494373,0.677077813163478,"Lrrc28",0.726125684686414,0.00636748068494373
0.128033708635572,0.172866720209946,0.00634719882931749,0.678048580287074,"Gins4",0.727069598853866,0.00634719882931749
0.285365182654003,0.377736965842248,0.00633926400812873,0.678428516703865,"Dync1li2",0.727379799309435,0.00633926400812873
0.083416271651516,0.1126633761391,0.0063346645625806,0.678648785538302,"Slc25a14",0.727518751524294,0.0063346645625806
0.687055935262854,0.691631618168193,0.00631100853952419,0.679782112834844,"Glo1",0.728539274709272,0.00631100853952419
0.167823840583535,0.206100224030446,-0.00630989896563411,0.679835288770236,"Herpud2",0.728539274709272,0.00630989896563411
0.184974646961075,0.251033177956418,0.00630910914315107,0.67987314170277,"Ncaph2",0.728539274709272,0.00630910914315107
0.429997685514249,0.551008032700463,0.00629272161145248,0.68065871033777,"Thrap3",0.729283681633098,0.00629272161145248
0.0662682499946615,0.0994806248171643,-0.00628770452665625,0.680899283498732,"Lamb2",0.729444038824276,0.00628770452665625
0.0639125929708487,0.0948910517620674,0.00625523429178808,0.682457040557322,"Fgfr1op",0.73101525743318,0.00625523429178808
0.171416860641714,0.23676690339116,0.00624523262280003,0.682937142816398,"Nsmf",0.731431878531604,0.00624523262280003
0.130053514837845,0.184516115809648,-0.00622317762956445,0.683996284316162,"Bmi1",0.732468461944867,0.00622317762956445
0.0578238651113157,0.0791780731479052,0.0062099296307497,0.684632788745389,"Ap5m1",0.733052241378837,0.0062099296307497
0.127566770139252,0.171984322704718,-0.00618939353915317,0.685619894485924,"Dstyk",0.734011211921955,0.00618939353915317
0.290191931272623,0.412306218213904,0.00618739663037373,0.685715908303305,"BC005537",0.734016068333207,0.00618739663037373
0.318942413948835,0.406638520251011,0.00617745670285536,0.686193907626095,"Camk1",0.734429760543122,0.00617745670285536
0.168723378346875,0.305333328186134,0.00616996537413542,0.686554239697769,"Mt3",0.734717420556802,0.00616996537413542
0.906284449055911,0.991859093707697,-0.00614997446916917,0.687516148429465,"Selenow",0.735648696492603,0.00614997446916917
0.241864638375267,0.327763742337259,-0.0061405276460025,0.687970880304464,"Scarb1",0.736009647085954,0.0061405276460025
0.0648648322757304,0.0826399415759663,-0.00613737065425953,0.688122870280345,"Eef2k",0.736009647085954,0.00613737065425953
0.0613045500250265,0.0887821824177854,0.00613725038895769,0.688128660573133,"Ddx20",0.736009647085954,0.00613725038895769
0.0740461375702412,0.118452209119409,0.00611012580090356,0.689435067200459,"Pom121",0.737308673759361,0.00611012580090356
0.209287905484616,0.263276695395546,-0.00609119953125363,0.690347165472875,"Aktip",0.738185721715665,0.00609119953125363
0.269234452519308,0.453767892055469,-0.00606503776193618,0.691608698554146,"Igfbp7",0.739436135536105,0.00606503776193618
0.137082216978147,0.196013977557869,0.00605164399439777,0.692254884048594,"Rpain",0.740028402558742,0.00605164399439777
0.0621441787876306,0.0841676989136531,-0.0060474332750067,0.692458077506331,"Nubpl",0.740147011310883,0.0060474332750067
0.0968372612895394,0.146790664258913,0.00603799752234024,0.692913491716642,"Trp53bp2",0.740535143518158,0.00603799752234024
0.251160304166309,0.316961011992195,-0.00602957139858002,0.693320270237693,"Pigx",0.74087120101042,0.00602957139858002
1.01477636275279,0.934034721079532,-0.0060145606465558,0.694045146373297,"Prdx6",0.741547037882735,0.0060145606465558
0.24165022925604,0.305736773670043,-0.00601023244466964,0.694254209253004,"Ndrg3",0.741671651583825,0.00601023244466964
0.348034468338595,0.429293439843887,-0.00598982820057246,0.69524009783739,"Ntan1",0.742626004399257,0.00598982820057246
0.215922435761789,0.31086255045626,-0.00598612363918993,0.695419149489655,"Nfe2l1",0.742697724268533,0.00598612363918993
0.186098906490441,0.245779970844328,-0.00598460901293631,0.695492360437906,"Exoc5",0.742697724268533,0.00598460901293631
0.193929889784126,0.263638430180149,0.00595377599043838,0.696983320898208,"Atg12",0.744151756573165,0.00595377599043838
0.0971178229914731,0.134626551703467,0.00595123005618211,0.697106484398966,"Polr1a",0.744151756573165,0.00595123005618211
0.128245277318463,0.165832720194801,0.00595069855333126,0.697132197677029,"Slc35f6",0.744151756573165,0.00595069855333126
0.682267913556253,0.716620833876227,0.00594603117544174,0.697358013064752,"Polr2f",0.744293787820107,0.00594603117544174
0.10556596098921,0.148399087123323,-0.00594061688375918,0.697619998940196,"Tada2a",0.744474381100696,0.00594061688375918
0.142469924469347,0.197930738361567,0.00592721734160281,0.698268528721468,"Fam76b",0.745067376923013,0.00592721734160281
0.08514033765522,0.101251506086409,0.00589360954170918,0.699896094241439,"Plpp2",0.74670472812037,0.00589360954170918
0.072300836976215,0.0952363411492186,0.00589100169166533,0.700022445490337,"Vps51",0.746740242304503,0.00589100169166533
0.118398247393936,0.142184087427173,0.00587563681425492,0.7007670476097,"Faap20",0.747435170812207,0.00587563681425492
0.382979645984217,0.403944957631094,0.00586075371090511,0.701488576455997,"Rex1bd",0.748105308012084,0.00586075371090511
0.0776371010654992,0.105334007591845,-0.00585601058232873,0.701718578642392,"Pcid2",0.74825114618293,0.00585601058232873
0.0860048176694425,0.137129689020769,-0.00585056316734228,0.701982766551818,"Mettl14",0.74835884751904,0.00585056316734228
0.127844533727556,0.168288841854946,0.00585008182560462,0.702006112322509,"Gpr107",0.74835884751904,0.00585008182560462
0.178139781036269,0.218888010289649,0.00583913422718786,0.702537162550699,"Mvb12a",0.748825477192722,0.00583913422718786
0.101510412810736,0.137518603198856,0.00583657994060838,0.702661087743577,"Ikzf5",0.748858091121591,0.00583657994060838
0.107309470731337,0.160829435463954,0.00582141984012107,0.703396766134687,"Kin",0.749542583195847,0.00582141984012107
0.152841539544921,0.203604989645689,0.00581462680140933,0.703726503931478,"Dcaf12",0.749794378906676,0.00581462680140933
0.0500387618129353,0.0543407222364483,-0.00580858136818357,0.704019999393757,"Srp54a",0.749996554922032,0.00580858136818357
0.0645545200501132,0.0807316362576297,-0.00580686783672409,0.704103196439141,"Oxnad1",0.749996554922032,0.00580686783672409
0.102700942233338,0.144900599597217,-0.00577717002624481,0.705545674975044,"Hsd17b7",0.751433301831664,0.00577717002624481
0.125842926848414,0.167347502349996,-0.00577128384637914,0.705831703664898,"Exosc3",0.751638167247133,0.00577128384637914
0.138643215856679,0.201328550612054,0.00576449993541574,0.706161407578429,"Tor1b",0.751889481742213,0.00576449993541574
0.0970575287155238,0.182980833235941,0.00575988316978019,0.706385817897208,"1810009A15Rik",0.752028632454186,0.00575988316978019
0.135014593942745,0.183491031461646,0.00574830452833628,0.706948741144635,"Wipi2",0.752528084232495,0.00574830452833628
0.0849327900484431,0.126129175121477,-0.00573591046591192,0.707551485579402,"Wdr66",0.753069786482176,0.00573591046591192
0.100908957568431,0.134573870603217,0.00572503869982583,0.708080349032278,"Ehd1",0.753532721569629,0.00572503869982583
0.307132063675436,0.363855118066352,0.00571476267099225,0.708580361917342,"Dph3",0.753964835436249,0.00571476267099225
0.188032072024915,0.255838982730896,-0.00571149559870524,0.708739358034955,"Ap3m1",0.754034023982031,0.00571149559870524
0.12399693209012,0.189557095680764,-0.00569800366595569,0.709396093958118,"Cpeb1",0.754632673726626,0.00569800366595569
0.0997522076204256,0.141890601207209,0.00568291486507421,0.710130815098641,"Wdr13",0.755279582879372,0.00568291486507421
0.136552136431167,0.181738556443975,0.00568164873598932,0.710192479165611,"Prmt2",0.755279582879372,0.00568164873598932
0.104037028655165,0.148955421351906,-0.0056743911117668,0.710545982578361,"BC029722",0.755555388842933,0.0056743911117668
0.099464165160281,0.119757808774019,-0.00566305582957389,0.711098224551332,"Mfsd14b",0.756042421332965,0.00566305582957389
1.53618517985423,1.07474182915378,0.00565525389383684,0.711478414032082,"Tmed10",0.756346422124195,0.00565525389383684
0.10332052092618,0.13035010087372,0.00564093024883264,0.712176594056636,"Zswim8",0.756988341596297,0.00564093024883264
0.0603020769334773,0.0791085344322011,-0.00562811666870461,0.712801373185673,"Gmeb2",0.757552081912826,0.00562811666870461
0.106890299736476,0.142789012816083,0.00560699124781667,0.713831851069133,"Cln5",0.758546784926331,0.00560699124781667
0.187386443615821,0.24736330238889,0.00559808265562116,0.714266560299591,"Nde1",0.758908220318315,0.00559808265562116
0.0894049621718106,0.118383671395791,-0.00558632566965332,0.714840403430151,"Nup35",0.759405904513904,0.00558632566965332
0.0720016776692831,0.100517564433212,0.00558460803205498,0.714924252579515,"Tubgcp2",0.759405904513904,0.00558460803205498
0.083395307524689,0.110083353742745,0.00558133767742181,0.715083909532288,"Men1",0.75947495567003,0.00558133767742181
0.0846617527569672,0.110367293511759,0.00557072053575508,0.715602318542162,"Sox13",0.759924960823492,0.00557072053575508
0.247022257335466,0.323446026355611,-0.0055679138785869,0.715739382656524,"Cdk12",0.759969936011108,0.0055679138785869
0.069249292061736,0.098444557629292,-0.00555607325709071,0.716317724458454,"Csgalnact2",0.760483384632792,0.00555607325709071
0.102991534183505,0.147360586347503,-0.0055531316351099,0.716461429912025,"Noc2l",0.760535323933601,0.0055531316351099
0.0993361943169182,0.136218328409629,-0.00555097228101922,0.716566926048522,"Trafd1",0.760546695054675,0.00555097228101922
0.146137748731368,0.189463543644355,0.00554458531696057,0.716878995461178,"Anapc2",0.760777286017788,0.00554458531696057
0.188054041004864,0.238274150238991,0.00553876223572766,0.71716355453884,"Mpst",0.760978624916643,0.00553876223572766
0.363939734413993,0.450981083237187,0.00553316547103326,0.717437091096569,"Abhd17b",0.761168216178616,0.00553316547103326
0.162159031781275,0.230989946514501,0.00551644878131421,0.718254318985193,"Uvrag",0.761934512894921,0.00551644878131421
0.314554944386361,0.393857642243387,0.00550721751959677,0.718705745363348,"Cs",0.76231261081236,0.00550721751959677
0.245339860975779,0.313135025566853,-0.00550403153293964,0.718861569002289,"Atp2c1",0.762377112037321,0.00550403153293964
0.0809529100266506,0.103058184602566,0.00549476172762405,0.719315012980381,"Csk",0.762757190981179,0.00549476172762405
0.139834997169645,0.178214898253467,0.00548618729787034,0.719734529744398,"Nfs1",0.763101198027094,0.00548618729787034
0.0956180275106534,0.134903594140499,0.00547978457954842,0.720047847333218,"Chid1",0.763332530981865,0.00547978457954842
0.0886076848047884,0.12830967639129,0.00543456106619125,0.722262199876502,"Macrod1",0.765578849644524,0.00543456106619125
0.387346150247064,0.510210305618648,0.00542957932725842,0.722506271553371,"Hs2st1",0.765736405091038,0.00542957932725842
0.130952660141937,0.188604356922767,-0.00542121000280049,0.722916375664107,"Notch2",0.766069862431166,0.00542121000280049
0.071070441698429,0.0960227641178602,-0.00541045605467507,0.723443445187949,"Rrm1",0.766527162840103,0.00541045605467507
0.0733357487518965,0.096141772352228,0.00540436997891904,0.723741792375091,"Pabpc4",0.766742030897509,0.00540436997891904
0.0986312052778583,0.113878104375451,-0.00538086958386103,0.724894205175985,"Gm30025",0.767833967757176,0.00538086958386103
0.0687909672924655,0.0952157668047978,0.00537944924375296,0.72496387583853,"Adprm",0.767833967757176,0.00537944924375296
0.0743065291873232,0.105946827881909,-0.00536845353852946,0.725503315236073,"Ccdc117",0.768303893553419,0.00536845353852946
0.0774445991367991,0.105034982849528,-0.00535794671329224,0.726018897859583,"Nup50",0.768748434471535,0.00535794671329224
0.238466905473912,0.331287922575466,-0.00534559295358389,0.726625270551344,"Syap1",0.769288978876367,0.00534559295358389
0.119915121170238,0.154712629692143,-0.00533985062761264,0.72690718555207,"Erbb2",0.769485917792851,0.00533985062761264
0.177277796580866,0.376518253199406,-0.0053358693559331,0.727102664672144,"Sepp1",0.769591317943448,0.0053358693559331
0.0693049781946761,0.0973075898805028,-0.00532984367866743,0.727398557202974,"Trim11",0.769802957398663,0.00532984367866743
0.258399922626706,0.319480968629219,0.00529843413027583,0.728941588765687,"Tmem106b",0.771334209185794,0.00529843413027583
0.124240890104723,0.144236009844808,0.00528405906596023,0.729648147714794,"Washc2",0.771980055018923,0.00528405906596023
0.179674942307709,0.277186989695316,-0.00525972777218707,0.730844595098515,"Paxbp1",0.773143972454909,0.00525972777218707
0.102775677335204,0.14450235659161,-0.00523597532053469,0.732013210725653,"Top3b",0.774278144326738,0.00523597532053469
0.185989293532393,0.241865736843815,-0.00521161971014399,0.733212147138483,"Metap1d",0.775444084439065,0.00521161971014399
0.0605777623114874,0.0872332107695679,-0.00519454406723222,0.73405310606044,"Morc2a",0.776231170668025,0.00519454406723222
0.145343996880424,0.180084927598275,0.00519056176126271,0.734249276694752,"Uap1",0.776336302042257,0.00519056176126271
0.0975634006583714,0.147891141922625,0.00517674153241528,0.734930203382492,"Acp6",0.776892616055156,0.00517674153241528
0.077885515238763,0.112650857435382,-0.00517595273727543,0.734969073837823,"2810006K23Rik",0.776892616055156,0.00517595273727543
0.0712913118644675,0.0860723977010315,-0.00516188664954054,0.735662340088914,"Tfe3",0.777523000115048,0.00516188664954054
0.0763122684923823,0.11149058071961,-0.0051551157617375,0.735996129282783,"Rabgef1",0.777773336147116,0.0051551157617375
0.0762563310688164,0.103577254600936,-0.00513999873080621,0.736741543847687,"Tmem39a",0.778458539351308,0.00513999873080621
0.15562885694749,0.211419404671863,-0.00513376649710091,0.737048924872807,"Nub1",0.778680786462068,0.00513376649710091
0.199211711097167,0.278463220931489,-0.00511528281319712,0.737960808850371,"Creg1",0.779541538996232,0.00511528281319712
0.710050037021259,0.735141985398091,-0.0051041384079179,0.738510791186646,"Aldh2",0.780019822098413,0.0051041384079179
0.101537369666232,0.148536835641162,0.00508822553404274,0.739296331833374,"Sec24c",0.780746744752697,0.00508822553404274
0.347432980001727,0.432557739302236,-0.00508359732713884,0.73952485483844,"Cers5",0.78088530533276,0.00508359732713884
0.0789847595319417,0.10842571917796,-0.00507816517866934,0.739793102705795,"Slc25a38",0.78106577054096,0.00507816517866934
0.171980817101017,0.238041419255518,-0.00507119741529002,0.74013722792739,"Pspc1",0.781326288236993,0.00507119741529002
0.415605178780259,0.576256784308142,-0.00505458616051522,0.740957837371372,"Arhgef28",0.782089672068915,0.00505458616051522
0.0740751286112751,0.100365047908476,0.00504825773302147,0.74127054438103,"Sfxn2",0.782316828635194,0.00504825773302147
0.108619730065895,0.17853042021639,0.00502829208584035,0.742257388021213,"Gadd45b",0.783255297406919,0.00502829208584035
0.0681449981918268,0.0930523638837179,-0.00501848694599309,0.742742182692221,"Nprl3",0.783663809851726,0.00501848694599309
0.238732666360747,0.317139076334848,-0.00500563375219342,0.743377836518426,"Ctdsp2",0.784231364741501,0.00500563375219342
0.627069565232373,0.66806425597776,0.00499540441935192,0.743883852489358,"Cox14",0.784662026077903,0.00499540441935192
0.910807512124162,0.852045476547107,0.0049919461026952,0.744054950589937,"Snrpg",0.784739343261521,0.0049919461026952
0.230494011654429,0.296378054961514,0.00497879704711713,0.744705607316172,"Raf1",0.785322354199628,0.00497879704711713
0.479511807168072,0.535891115785148,-0.00497345531967086,0.74496998489117,"Pgrmc1",0.785497918366196,0.00497345531967086
0.245448319961234,0.332843560645029,0.00494820214359123,0.746220243928737,"P4ha1",0.786712815304715,0.00494820214359123
0.0817698956299833,0.146896863851503,0.00493776517544051,0.746737162929383,"Zfyve28",0.787154360922933,0.00493776517544051
0.167655698975372,0.226823410667575,-0.00492843048669673,0.747199585088898,"Lztr1",0.787538351602958,0.00492843048669673
0.149868266930784,0.203280068977938,-0.00491313356675682,0.747957561109314,"Ythdf1",0.788233710315358,0.00491313356675682
0.0598498342010998,0.0839287087354428,-0.00488112821447583,0.749544242184867,"2010204K13Rik",0.789802101023162,0.00488112821447583
0.387434593243566,0.497469064665838,-0.00483495953685972,0.751834943381723,"Ube2r2",0.792111815348601,0.00483495953685972
0.0993598670333896,0.13483187006656,0.00481264551021884,0.752942859545167,"Habp4",0.79317493829466,0.00481264551021884
0.506515598040905,0.625747946225156,0.00480464666529621,0.753340135078804,"Smc3",0.793489268032597,0.00480464666529621
0.116118317982888,0.151853112210615,-0.00479355614267951,0.753891071775164,"Smg5",0.793957253318483,0.00479355614267951
0.118146392949225,0.157731519915744,0.00479171919412093,0.753982336775528,"Gm1673",0.793957253318483,0.00479171919412093
0.120651226647658,0.158191287979655,-0.00478082844355978,0.754523491770238,"Caap1",0.794422844503922,0.00478082844355978
0.195396533785769,0.258456422890584,-0.00477660641630108,0.754733314248405,"Cnot3",0.794539505842194,0.00477660641630108
0.111713646919815,0.155835056854542,-0.00477272938287667,0.754926007474032,"Cebpb",0.794638106253658,0.00477272938287667
0.116911886461252,0.156334672940521,-0.00476184729832083,0.755466941592031,"Tfeb",0.795103192462547,0.00476184729832083
0.3056167671085,0.392566968980748,-0.00475466717890643,0.755823921545779,"Appbp2",0.795374576587978,0.00475466717890643
0.0939354869210566,0.126797550644727,0.00474694213209298,0.756208052304636,"Cox18",0.795674457342303,0.00474694213209298
0.0894962809742245,0.13167125750767,0.00473321758249822,0.756890659042104,"Slc4a1ap",0.796288271686618,0.00473321758249822
0.174526081155453,0.217876948127603,-0.0047303381236384,0.757033896424707,"Mzt1",0.796334554917652,0.0047303381236384
0.102414892127654,0.131341990312406,-0.00472505755355053,0.757296597678389,"Tfb2m",0.796506475261684,0.00472505755355053
0.10740782964092,0.146012457912958,-0.00471127748136276,0.757982269662121,"Snrnp200",0.797123162748212,0.00471127748136276
0.138529472220588,0.188632299412578,-0.00470598449881573,0.75824568973181,"Gt(ROSA)26Sor",0.797242912280956,0.00470598449881573
0.0996010213361449,0.16644903716349,-0.00470431536889287,0.75832876446809,"Srd5a1",0.797242912280956,0.00470431536889287
0.139000019054613,0.204226861790664,0.00470300046174642,0.758394211046926,"Sppl2a",0.797242912280956,0.00470300046174642
0.0759256408172656,0.103767431506593,0.00469623675390407,0.758730886899778,"Polr3e",0.797492354792221,0.00469623675390407
1.29852322268774,1.09084233036776,0.00468414682058038,0.759332799200188,"Ywhaq",0.798020482093295,0.00468414682058038
0.193608427706083,0.234866918962893,-0.00464151960219637,0.761456208864936,"Mfap1b",0.800147278671065,0.00464151960219637
0.0726074619353031,0.106725592140816,0.00463920656988183,0.761571480573195,"Utp20",0.800163619237831,0.00463920656988183
0.124610034341994,0.162990800459573,0.00462711892873492,0.762173963269966,"Pdcd11",0.800691788593638,0.00462711892873492
0.112968841443433,0.138148235438248,0.004595828431159,0.763734239924389,"Nxt2",0.802147052639293,0.004595828431159
1.52206261253646,1.76333170593959,-0.00459532887322043,0.763759157797134,"Lgals1",0.802147052639293,0.00459532887322043
0.083376355826845,0.124437223051258,0.00457389978099726,0.764828267576569,"Nucb2",0.803164771500378,0.00457389978099726
0.115390501260095,0.155610618712723,0.00456782294891572,0.765131525887006,"Sec23a",0.8033780899918,0.00456782294891572
0.0935098278308218,0.134771257049442,0.00454406162927789,0.76631765626241,"Ftsj1",0.804518235489936,0.00454406162927789
0.192940296341023,0.290322061317843,0.004538531958686,0.76659376800857,"Nin",0.804674610279643,0.004538531958686
0.38959744843952,0.468793621104589,0.00453558274059668,0.766741042743349,"Glud1",0.804674610279643,0.00453558274059668
0.232542910849738,0.326111913112244,0.00453505381740654,0.766767456405552,"Ddhd2",0.804674610279643,0.00453505381740654
0.178720444717322,0.229804542270621,-0.00452469730661876,0.767284700187827,"Nfyc",0.805112126887292,0.00452469730661876
0.435376511235031,0.643044297819669,-0.00450026046324953,0.768505580114618,"Dock10",0.806287758216488,0.00450026046324953
0.188357499165018,0.276775345110675,-0.00443441279372456,0.771798221208177,"Utp14a",0.809636413514762,0.00443441279372456
0.11794783578157,0.146228804843043,0.00442731594986971,0.772153337734875,"Eif4ebp2",0.80990305646858,0.00442731594986971
0.0764265166363522,0.118346836277642,0.00438608034437149,0.774217653845912,"Chd1l",0.811962155856698,0.00438608034437149
0.242982070638879,0.311028470597574,-0.00437848239177034,0.774598193383155,"Cers4",0.812255084122639,0.00437848239177034
0.262719926135422,0.356891963762424,0.00437326049835919,0.774859760616088,"Tmx3",0.812411370848759,0.00437326049835919
0.110980517913253,0.156492646166637,0.00437146448204107,0.77494972986994,"Ubxn8",0.812411370848759,0.00437146448204107
0.310593910749414,0.386555522858167,-0.00435533879505712,0.775757661728502,"Txndc12",0.813152119883671,0.00435533879505712
0.240314880714128,0.310321549110342,0.00434424140073302,0.776313806246647,"Clk4",0.813628785439276,0.00434424140073302
0.253555897201085,0.339747796658277,-0.00433580773142922,0.776736535215743,"Fam114a1",0.81396551633422,0.00433580773142922
0.0790711344846584,0.112393512258632,0.00429460872688187,0.778802540802991,"Acsl5",0.816023973283259,0.00429460872688187
0.0718751293031429,0.104334207365286,-0.00427192012980896,0.779940973958281,"Recql",0.817110115555718,0.00427192012980896
0.0938639396373212,0.133241839574502,0.00422681532598083,0.782205572076415,"Apba3",0.819375654091535,0.00422681532598083
0.0678491112047631,0.0923533238336267,-0.00422311011780925,0.782391683545767,"Zfp37",0.819463629914011,0.00422311011780925
0.086324780839425,0.10769968912546,-0.0042030279553724,0.783400620803639,"Rnf8",0.820413283911302,0.0042030279553724
0.168477515735286,0.225879641851952,0.00419433213119194,0.78383761618313,"Zfp131",0.820665351886737,0.00419433213119194
0.0799900695192852,0.109517246059222,-0.0041941679105132,0.783845869498997,"Acot8",0.820665351886737,0.0041941679105132
0.171051455973764,0.23060736792319,-0.00418428182374386,0.784342763956645,"Ccdc127",0.821078452444634,0.00418428182374386
0.0761803454358114,0.0997269007486398,0.00417193749767382,0.784963337810825,"Traf2",0.821620900416653,0.00417193749767382
0.0707736208318031,0.0960836639965671,0.00416845439477786,0.785138465069042,"Zdhhc7",0.821697018874918,0.00416845439477786
0.124848506716269,0.159192457457955,-0.00416231497087128,0.785447176209355,"Mlx",0.821912903221683,0.00416231497087128
0.730796957091967,0.748184229448119,-0.00414384673602503,0.786376025133919,"Park7",0.822777575391129,0.00414384673602503
0.158202297776825,0.22566083645648,0.00412398172828028,0.787375463258441,"Pcyox1",0.823715869254984,0.00412398172828028
0.066285403724047,0.0970089658639767,-0.00411792610554889,0.787680200372074,"Asb7",0.823927249092103,0.00411792610554889
0.154563825280544,0.317650698621972,-0.00411047427347712,0.788055243524624,"Ccdc30",0.824212105584148,0.00411047427347712
0.113588910869561,0.171530801797793,-0.00410353469338214,0.788404549732688,"Bace1",0.824469973550774,0.00410353469338214
0.0829407555873598,0.114424606259922,0.00407311665258843,0.78993615350061,"Mbd1",0.825963994747054,0.00407311665258843
0.26602562057649,0.375126212592722,-0.00406617952727005,0.790285564259558,"Nfkbia",0.826221676562697,0.00406617952727005
0.180818420491299,0.25379716555831,0.00406283298782021,0.790454138619983,"Iws1",0.826290256420889,0.00406283298782021
0.151783144857454,0.227399064027176,0.00405288628845994,0.790955238945834,"Irak1",0.826665782489553,0.00405288628845994
0.445652522805356,0.541441806768785,-0.00405077140827275,0.791061794693757,"Vps41",0.826665782489553,0.00405077140827275
0.22412122863881,0.301181113969222,0.0040495675659465,0.791122450615313,"Dusp3",0.826665782489553,0.0040495675659465
0.115203988258994,0.155697692838928,-0.00403794460318283,0.791708141727289,"Zfp651",0.827170068908824,0.00403794460318283
0.100874255787037,0.137834463410477,0.00403546447169709,0.791833132919346,"Ube2z",0.827192951249164,0.00403546447169709
0.0595747544311562,0.0850386263743917,0.00401373787384904,0.792928316673029,"Cul4b",0.828229212833166,0.00401373787384904
0.345140814330523,0.402458602497862,-0.00397906582591887,0.794676893551303,"Smim15",0.829947597794567,0.00397906582591887
0.432156204622269,0.493249534022272,-0.00397481903237326,0.794891138474527,"Gstm5",0.830063312743311,0.00397481903237326
0.568419269387416,0.668795734076394,-0.00393285416053451,0.797009037828739,"Nucks1",0.832166625834457,0.00393285416053451
0.110697278296814,0.151007818909537,0.00392463846253549,0.797423846329714,"Chm",0.83249140553599,0.00392463846253549
0.120548110431055,0.156497813755916,-0.00391580989708962,0.797869662104183,"Tecpr1",0.832848467376605,0.00391580989708962
0.282368014115588,0.345309191715339,-0.00389073003594076,0.799136478105707,"Cdc37l1",0.834062317939672,0.00389073003594076
0.118474487076311,0.161538440407513,-0.00388834356064983,0.799257049635643,"Prkar2a",0.834079667873117,0.00388834356064983
0.0874295402473853,0.125046207322181,-0.00387563510575653,0.799899197486911,"Dgkz",0.834641243255523,0.00387563510575653
0.113093217889996,0.181882668688028,0.00387327341776754,0.800018546568837,"Eif4e3",0.83465723802735,0.00387327341776754
0.131113934992944,0.180745674578194,-0.00387079009563391,0.800144047528261,"Zfp451",0.834679646043521,0.00387079009563391
0.0666462610740325,0.0955726867343256,-0.00386871086978196,0.800249130428821,"Toe1",0.834680751665261,0.00386871086978196
0.106789094981481,0.15329029767921,-0.00386273662270221,0.800551085610024,"Pphln1",0.834887173243414,0.00386273662270221
0.185716459656637,0.247822089361947,-0.0038449531467789,0.801450088490813,"Tnpo3",0.835716115666054,0.0038449531467789
0.065030059833744,0.0983599933556283,0.00384043672480105,0.801678447762309,"Mphosph9",0.835845616533884,0.00384043672480105
0.081427342779204,0.104221682796016,-0.00382917115144887,0.802248131316527,"Prpf18",0.836330908884476,0.00382917115144887
0.422069794016864,0.56240188704459,-0.00381703945800517,0.80286173081146,"Hp1bp3",0.836861850874403,0.00381703945800517
0.168471253062912,0.229016717050411,0.00379363895913652,0.804045629379157,"Ppp1r10",0.837987028203449,0.00379363895913652
0.0658376406366003,0.0881576178604607,0.00379066571856466,0.80419608641302,"Erich1",0.838034986672477,0.00379066571856466
0.0877556227196417,0.123075346003113,-0.00377798861852396,0.80483767614106,"Xpot",0.838594664765078,0.00377798861852396
0.241554888585302,0.319019748079005,-0.00377088353603096,0.805197322807045,"Btbd3",0.838860467177841,0.00377088353603096
0.168187589865983,0.212183734036989,0.00373780753693286,0.806872112414094,"Ebp",0.840496148255315,0.00373780753693286
0.105105661741713,0.150254778640866,0.00373255528114295,0.807138139896609,"Ing2",0.8405618720899,0.00373255528114295
0.13986667424288,0.17210302907556,-0.00373242539560281,0.807144718899885,"Plbd2",0.8405618720899,0.00373242539560281
0.132409615472773,0.174254306586896,-0.00372867569780575,0.80733465565173,"Coro1c",0.840650567992406,0.00372867569780575
0.100591757840356,0.135054604455123,-0.00372199595189659,0.807673038842568,"Bag4",0.840886545134811,0.00372199595189659
0.365511266156584,0.475911148376403,-0.00372006480800101,0.807770873616541,"Clcn3",0.840886545134811,0.00372006480800101
0.0645075206668348,0.087307668094926,-0.00369733600464077,0.808922575841683,"Arhgap23",0.841887448236029,0.00369733600464077
0.0772323768622686,0.11536290938866,-0.00369694876124897,0.808942201632575,"Nrm",0.841887448236029,0.00369694876124897
0.0922966500356755,0.144853989509288,-0.00369063037016232,0.809262439483195,"Pik3r3",0.842052076733162,0.00369063037016232
0.113677486864878,0.168640640440844,-0.0036896866906536,0.809310271157296,"Gabpa",0.842052076733162,0.0036896866906536
0.208819720466621,0.277085434758853,-0.00368258602190589,0.809670200998101,"Tmem237",0.842317346403315,0.00368258602190589
0.13783653735335,0.179899815949672,0.00364827715436986,0.811409868444907,"Mif4gd",0.844017731968102,0.00364827715436986
2.42795996762346,1.52344945889518,-0.00363138655974357,0.812266666566101,"Rpl13a",0.844799446860194,0.00363138655974357
0.125504408305932,0.167701524503943,0.0036052178412838,0.813594553475518,"Fbxo28",0.846070852396003,0.0036052178412838
0.197893346952281,0.254164500652715,-0.0035997616090391,0.813871488285644,"Pdxdc1",0.846249167034341,0.0035997616090391
0.227890705896948,0.284791385293857,0.00359706276995832,0.814008478314395,"Abhd17a",0.846281942212323,0.00359706276995832
3.01831489995686,1.28627651664184,-0.00356351796355632,0.815711648195774,"Actb",0.847942773043515,0.00356351796355632
0.0687681759696165,0.0986401968384855,-0.00353687324117335,0.817065101145419,"Cep19",0.849231380237846,0.00353687324117335
0.156308902722374,0.220989722977814,0.0035349474177173,0.817162947011018,"Rnf20",0.849231380237846,0.0035349474177173
0.278920542250077,0.358613765875768,0.00352835389374537,0.81749796763883,"Dusp11",0.849469527626777,0.00352835389374537
0.0716374486563131,0.110993990885946,0.00351832123508326,0.818007796536845,"Cluh",0.84978461444433,0.00351832123508326
0.211712120078976,0.472174004988999,-0.00351821872410738,0.818013006227318,"Nefl",0.84978461444433,0.00351821872410738
0.0626110874546485,0.0943930258581591,-0.00348790942223391,0.819553700805494,"5430416N02Rik",0.85127493789816,0.00348790942223391
0.154462426769362,0.199379649970562,0.00347123107359997,0.820401798808376,"Gtf3c2",0.852045564799173,0.00347123107359997
0.105936012988194,0.153712683594539,0.00346774704831557,0.820578988869719,"Tyw1",0.852086003076055,0.00346774704831557
0.447510382419175,0.541030461574433,0.00346628949524198,0.820653119612631,"Dnajc3",0.852086003076055,0.00346628949524198
1.46720148732572,1.27516459605913,0.00346207376028208,0.820867539729921,"Hmgb1",0.852198361857017,0.00346207376028208
0.157178873974852,0.206024454661712,0.00345874166807753,0.821037025603494,"Desi1",0.852264048310794,0.00345874166807753
0.156693115814992,0.213915191971185,0.00345638426054364,0.821156939478283,"Sdf2l1",0.852278267025449,0.00345638426054364
0.104496697426672,0.143682952081395,0.00344979776579499,0.821491995796586,"Gm13403",0.85251574938849,0.00344979776579499
0.101606510308326,0.129363500934984,-0.00343000279118428,0.822499165866005,"Etv5",0.853450576349259,0.00343000279118428
0.115579443570244,0.15352922271918,-0.00341996508487178,0.823009997106234,"Gtf3c1",0.853870211634397,0.00341996508487178
0.454199467609049,0.536110764299143,0.00340465897934911,0.823789087961945,"Rexo2",0.854568020918765,0.00340465897934911
0.681831600180755,0.792169614326273,0.00340185796158373,0.823931680427752,"Cab39l",0.854605455500553,0.00340185796158373
0.11166762634844,0.162822348094334,-0.00339246529590712,0.82440987877653,"Cwc25",0.854990935414615,0.00339246529590712
0.108421049565854,0.141458516566592,-0.00337401152674286,0.825349584627947,"Abcf3",0.855854880725594,0.00337401152674286
0.070419726813488,0.0972546843156313,0.00337166531112936,0.825469076959229,"Cry1",0.855868183682756,0.00337166531112936
0.0768123372530623,0.111046965669962,-0.00336288932854304,0.825916071958825,"Tmem53",0.85622100276455,0.00336288932854304
0.269066551249043,0.354945481914968,-0.0033601959009442,0.826053270044941,"Appl1",0.856252608040383,0.0033601959009442
0.153692636447975,0.207452495670331,0.00335561820487024,0.826286461366941,"Lrrfip2",0.856383694911952,0.00335561820487024
0.10160036074787,0.130552209007806,-0.00334515020067997,0.826819766998003,"Vps11",0.856825753634505,0.00334515020067997
0.15077149416218,0.205232029764087,-0.00333816111377961,0.827175879289213,"Cog4",0.857084098065166,0.00333816111377961
0.117225699333258,0.162661474889572,0.00332766001474091,0.827711004573114,"Tmem198b",0.857527837404089,0.00332766001474091
0.248262184112398,0.278631944928102,-0.00329118556232894,0.829570325130373,"Cfap36",0.859343182138667,0.00329118556232894
0.1305162331952,0.177130192657702,-0.00324654274436147,0.831847334302829,"Lgals8",0.861590681611708,0.00324654274436147
0.0605914155562459,0.0830766771890906,0.00322442829129242,0.832975807071488,"Naa30",0.862648151257307,0.00322442829129242
0.0972000434350682,0.134517561523364,0.00320928271719657,0.833748865386684,"Rnf185",0.863337320410731,0.00320928271719657
0.349400018138363,0.459661291697064,0.003188021156172,0.834834366030375,"Esf1",0.864317120707412,0.003188021156172
1.57124762729752,1.18060593304329,-0.00318652979408571,0.834910518769086,"Dad1",0.864317120707412,0.00318652979408571
0.0669776903121205,0.0937644544377705,0.00317947934102932,0.835270553761495,"Hsdl1",0.864578292489968,0.00317947934102932
0.0609576032134835,0.0775512275219558,-0.0031710562222894,0.835700729869076,"Mrs2",0.864911989741966,0.0031710562222894
0.128030365944543,0.182143971940876,0.00316724945220909,0.835895161105131,"Heatr6",0.865001647241111,0.00316724945220909
0.206787026639128,0.256919503108614,-0.00315988470656477,0.836271344814185,"Rnf115",0.865279338593039,0.00315988470656477
0.0604076116437521,0.0761606304663665,-0.00315737021386224,0.836399791118246,"Gm20342",0.865300660641156,0.00315737021386224
0.0739541614965657,0.107737827377631,0.00315278739163902,0.836633903857231,"Ankrd16",0.865431280720694,0.00315278739163902
0.168784452983454,0.247621022393072,0.00312925124158636,0.837836471775578,"Arhgef7",0.866563527910188,0.00312925124158636
0.679466709888489,0.78835329196376,0.00312469737265508,0.838069193270506,"Ktn1",0.866692512798369,0.00312469737265508
0.663273370253978,0.752821649517047,-0.00310613540085306,0.839017932914824,"Ifitm2",0.867561841972751,0.00310613540085306
0.205922578007449,0.240892135804907,-0.0030988495188006,0.839390392979596,"0610010K14Rik",0.867835138934194,0.0030988495188006
0.129946870556381,0.181832220021992,-0.00309495327625068,0.839589586748891,"Senp5",0.867868772475721,0.00309495327625068
0.299015737506678,0.429528942764446,0.00309398204061414,0.839639242364035,"Tial1",0.867868772475721,0.00309398204061414
0.147231064877175,0.200010220682935,-0.00306381494784909,0.841181888775996,"Cpd",0.869351297725217,0.00306381494784909
0.2911429680841,0.36719250513144,0.00303851594674923,0.842476067284931,"Ap4s1",0.870576685627082,0.00303851594674923
0.161788228508127,0.209286414599923,-0.00303258754852363,0.842779398054721,"Atp6v1h",0.8707779925304,0.00303258754852363
0.139313009158603,0.195821794565817,-0.00299996747567137,0.844448843596054,"Rhbdf2",0.872390565342441,0.00299996747567137
0.380518404249275,0.481635022991651,0.00299436715079983,0.844735530155446,"Parva",0.872574394177046,0.00299436715079983
0.146300949871135,0.213049457675598,-0.00298834226978369,0.845043973147231,"Klf10",0.872780646226462,0.00298834226978369
0.0789795130205106,0.107961510755288,-0.00297722654421242,0.845613103545985,"Mfsd5",0.873256054421234,0.00297722654421242
0.0754841617815683,0.123304094184418,0.00295622898120983,0.846688408230814,"Nbn",0.874253994034751,0.00295622898120983
0.0934469372936696,0.127170163808866,0.00295303708799687,0.84685189308677,"Arl14ep",0.874310292090613,0.00295303708799687
0.684884482045796,0.733251334706347,-0.00294399473446958,0.847315067097307,"Plpp3",0.874675942157313,0.00294399473446958
0.645571323859305,0.737286673142094,-0.00294076392770712,0.847480570624835,"Ptp4a2",0.874734255041635,0.00294076392770712
0.0693266841614509,0.095735011429576,-0.00293851802869525,0.847595624553236,"Tango6",0.874740487641822,0.00293851802869525
0.0719701112616835,0.083698599527501,-0.00292302620328309,0.848389335092422,"Mterf3",0.875447019647839,0.00292302620328309
0.0750350917918265,0.102301020157126,-0.00291201890130345,0.848953378324508,"Vps8",0.875916408342015,0.00291201890130345
0.130598650230575,0.177247735248146,0.00290926322690913,0.849094598471925,"Cttnbp2",0.875949480346969,0.00290926322690913
0.124194870707007,0.159822301726853,-0.00289591266111306,0.849778843873137,"Rnf121",0.876542671710766,0.00289591266111306
0.196374286796478,0.249729596266578,0.00287343711963484,0.850931019312442,"Sec31a",0.877618316062087,0.00287343711963484
0.0616178327045581,0.0885804101846706,-0.00284536503198974,0.852370540093163,"Qsox1",0.87899000304685,0.00284536503198974
0.0670480341212501,0.0895398645364932,-0.00284311478514241,0.852485952830431,"Ppp2r5d",0.878996053136903,0.00284311478514241
0.35300891098598,0.42590518385121,0.00284027621165649,0.852631544710587,"1110038F14Rik",0.879033215310003,0.00284027621165649
0.0683751600092052,0.104779933406701,0.00282499786783571,0.853415264840714,"Nek6",0.879728171259236,0.00282499786783571
0.326153335728258,0.397195044559697,0.0027916479747743,0.855126487235238,"Pet100",0.881378925314778,0.0027916479747743
0.0833433276045974,0.119276152249834,-0.00278290790300391,0.855575063643035,"Naa25",0.881728013186709,0.00278290790300391
0.627588450201476,0.676548479408322,0.00277165886182018,0.856152479323208,"Ube2b",0.882209771939055,0.00277165886182018
0.266771135580479,0.345241731432748,0.00272923705712594,0.858330689679033,"Vamp4",0.884340710578397,0.00272923705712594
0.118367683870763,0.212329238610311,-0.00272540084383366,0.858527719153052,"Il34",0.884430147449492,0.00272540084383366
0.239511726877446,0.308451523210555,0.00270401568081207,0.85962623090413,"Chmp2b",0.88544812282089,0.00270401568081207
0.147047082125597,0.183726841615938,-0.00267710135193611,0.861009150347948,"Nudt2",0.886758750146571,0.00267710135193611
0.177773591543604,0.252686490458568,0.00266746793673716,0.861504240912607,"Txlna",0.887154777859697,0.00266746793673716
0.174948042746791,0.252439147703471,-0.00265618110583345,0.8620843747465,"Ctr9",0.887638268056707,0.00265618110583345
0.0673605156632881,0.0885205677956816,0.00263900074053276,0.862967574070728,"1190007I07Rik",0.888433643102838,0.00263900074053276
0.126520203609202,0.165214825060575,0.00263508622556942,0.863168833421919,"Rdh14",0.888514987860083,0.00263508622556942
1.24913813918257,1.0400910841214,-0.00263284029769406,0.863284308693542,"Tmem50a",0.888514987860083,0.00263284029769406
0.0757917910750091,0.099481294242451,0.00263100285533638,0.863378783692058,"Mmgt1",0.888514987860083,0.00263100285533638
0.0981409730844963,0.134607669592817,-0.00261563368052532,0.864169090428674,"Me2",0.889214257707064,0.00261563368052532
0.109234586984265,0.163551428320462,0.00261012318494354,0.864452481762678,"Nup88",0.889391808393862,0.00261012318494354
0.0731905713522148,0.0969780888769396,0.00259666759623084,0.865144543008625,"Rabep2",0.88998971962836,0.00259666759623084
0.0869735431629337,0.129408165846457,-0.0025802138747112,0.865990947686794,"Cpox",0.890746233077661,0.0025802138747112
0.142277138203606,0.198044794945127,-0.00254999472839961,0.867545866525559,"Rfk",0.892136607056498,0.00254999472839961
0.163187929740713,0.221272834461672,0.00254940389979892,0.867576272594426,"Tmem259",0.892136607056498,0.00254940389979892
0.0605519938428554,0.0876806108394694,-0.00254746159812045,0.867676231489147,"Ints7",0.892136607056498,0.00254746159812045
0.232974005228843,0.488963910528565,0.00254473042738127,0.867816792432835,"Hbb-bs",0.892166808774,0.00254473042738127
0.156886328576378,0.205499526028522,0.00253324695982287,0.868407839967244,"Chuk",0.892660070189235,0.00253324695982287
0.462256949574179,0.642448866225438,0.00249831096662679,0.870206426383868,"Klf6",0.894394308352012,0.00249831096662679
0.13049861678069,0.180530515331193,-0.00247999288451199,0.871149752861507,"Tulp3",0.895249182500093,0.00247999288451199
0.0736162576642656,0.107939602493165,-0.00245805041687081,0.872279965486791,"Pdlim2",0.896295869261879,0.00245805041687081
0.121835122333828,0.168911112250498,0.00244363361792683,0.873022688018153,"Plxnd1",0.896916933366429,0.00244363361792683
0.063502943345089,0.0868242027829567,-0.00244197881710851,0.873107946974723,"Tdp1",0.896916933366429,0.00244197881710851
0.101289441833354,0.129207656499239,0.0024357876474223,0.8734269426336,"Chchd6",0.897129773130057,0.0024357876474223
0.480799327429202,0.579007236803373,0.00241502233918228,0.874497010430302,"Pnrc1",0.898113914206162,0.00241502233918228
0.096512980952519,0.138822107288269,0.00240355421944117,0.87508807850689,"4933431E20Rik",0.898605930629548,0.00240355421944117
0.119570530725651,0.147894270799309,-0.00240003152806202,0.875269652386966,"Smim27",0.898677375656176,0.00240003152806202
0.245044354907524,0.305880332251016,0.00238389336577141,0.8761015628643,"March2",0.899416445806441,0.00238389336577141
0.0646515611304992,0.0888789620278216,0.00237926726865666,0.876340060070713,"Pcsk7",0.899546199565998,0.00237926726865666
0.234779748896158,0.313117655130762,0.00237666508175448,0.876474220058692,"Crk",0.899568833685206,0.00237666508175448
0.434337128714844,0.500930569023673,0.00237037069511391,0.876798752086523,"Txndc15",0.899786825264389,0.00237037069511391
0.0966654671568635,0.148983033559206,-0.00236639526188378,0.877003731960249,"Dkk3",0.899882090185299,0.00236639526188378
0.258694225479072,0.328179552656273,-0.00235058117339853,0.877819213872896,"Surf1",0.900493953542452,0.00235058117339853
0.124621262059967,0.233852303904838,-0.00234844485944998,0.877929386701098,"Hecw2",0.900493953542452,0.00234844485944998
0.0944693792786628,0.130428983821376,0.00234585329394635,0.878063040688938,"Osbpl2",0.900493953542452,0.00234585329394635
0.151646496016813,0.190948264429563,0.00234560950713998,0.878075613607638,"Sf3a1",0.900493953542452,0.00234560950713998
0.0891787389006182,0.144261164390518,0.00234180953383428,0.8782715951889,"Fbn1",0.900493953542452,0.00234180953383428
0.118656931323242,0.232252452153252,-0.00234177473638225,0.878273389883254,"Stmn3",0.900493953542452,0.00234177473638225
0.140467763467879,0.18138503604709,0.00232761127873701,0.879003928459176,"Zfp445",0.901127829558762,0.00232761127873701
0.072932010998962,0.0883870598540371,0.00231208642798378,0.879804804775345,"AI837181",0.901726508446892,0.00231208642798378
0.229758160192985,0.318219540136486,0.00231193404492631,0.87981266632985,"Kdm1a",0.901726508446892,0.00231193404492631
0.0606107468137801,0.0909959479843937,-0.00230248774503191,0.88030003101268,"Rbbp5",0.902110785293198,0.00230248774503191
0.0687508616061407,0.0925576300107788,-0.00229820219022215,0.880521151385896,"Spryd3",0.902216059443323,0.00229820219022215
0.296583331932404,0.405145358226304,-0.0022961384027649,0.880627639277181,"Slmap",0.902216059443323,0.0022961384027649
0.0784699214482221,0.0933267696279609,0.00228062783625847,0.881428026809163,"Spout1",0.902869968749928,0.00228062783625847
0.0882532257440252,0.122199687996174,0.00227940867367659,0.881490944066168,"Cep104",0.902869968749928,0.00227940867367659
0.131439604091805,0.199287821289038,0.0022726938319681,0.881837489925088,"Ap3d1",0.903109638692905,0.0022726938319681
0.164889754959407,0.238002092154707,-0.00226852249445417,0.882052779622129,"Znrf1",0.903214842226641,0.00226852249445417
0.0620377515505549,0.0831880414690248,-0.0022591900814262,0.882534472571258,"Pycard",0.903579381330333,0.0022591900814262
0.172428220951744,0.21191030311437,-0.00225726198330475,0.88263399686779,"Nmt2",0.903579381330333,0.00225726198330475
0.140844877519825,0.178298044547548,0.00225411717532148,0.882796329095621,"1110059E24Rik",0.903630277415903,0.00225411717532148
0.10812131007784,0.148197419866793,-0.00225049150395621,0.882983489175498,"Arl13b",0.903706571064311,0.00225049150395621
0.125814963499702,0.184641262402017,-0.00223809280540647,0.883623569279935,"Ercc5",0.904246335914067,0.00223809280540647
0.0816975043437136,0.106523108944275,-0.00223569791259032,0.883747213863698,"Eif2d",0.904257541958979,0.00223569791259032
0.0757909019722915,0.109946608133522,0.00222081647151759,0.884515582806075,"Atp9a",0.90492834839168,0.00222081647151759
0.521655693518896,0.597355364371038,-0.00218489836364524,0.886370577568463,"Stub1",0.90650599440937,0.00218489836364524
0.137251209403069,0.195212053927969,0.00218469586946519,0.886381037177683,"Tspyl2",0.90650599440937,0.00218469586946519
0.25680191056419,0.335069594483703,0.00218439527034029,0.886396564324017,"Dhx30",0.90650599440937,0.00218439527034029
0.142053406139554,0.199101033468722,-0.00217441741646864,0.886911985064206,"Rnaseh2b",0.906917518561895,0.00217441741646864
0.0696758089998667,0.0897426418873757,-0.00216275178368418,0.887514651131392,"Dtx2",0.907418139739843,0.00216275178368418
0.215638337616161,0.292533803853658,-0.00214946545962293,0.888201123995171,"Dnm2",0.908004308693751,0.00214946545962293
0.223522330875908,0.322894742816117,-0.00213386320678457,0.889007362398672,"Luzp1",0.90871274852063,0.00213386320678457
0.230904324903258,0.321232163154838,0.00212811154833259,0.889304605396361,"Dnajc24",0.908900796548262,0.00212811154833259
0.066858521480592,0.0929168119897697,-0.00211102756872124,0.890187588985441,"Mypop",0.909687368061536,0.00211102756872124
0.0934903675386512,0.140751768574937,-0.00210716578119334,0.890387203954224,"Sin3a",0.909775490198484,0.00210716578119334
0.165017801198591,0.206599190923294,-0.00209709389006989,0.890907850495103,"Hdgfl3",0.91019157020279,0.00209709389006989
0.0590695358933301,0.0742952425151885,-0.00208210230347169,0.891682898010665,"Eid2",0.9108183045318,0.00208210230347169
0.549216352965957,0.551567803965517,-0.00208083675642704,0.891748330060047,"Cyb5a",0.9108183045318,0.00208083675642704
0.279892010551594,0.419434119165323,-0.00205802199026507,0.892928038311007,"Rnaset2a",0.911907162963919,0.00205802199026507
0.388877587028887,0.451473920800972,-0.00201304780799629,0.895254259179434,"H2afy",0.914166476922344,0.00201304780799629
0.204982741703868,0.305796389425953,0.00197522690018552,0.897211185889379,"Prpf6",0.916048168415368,0.00197522690018552
0.240117033503434,0.30809293492043,0.00193846294389471,0.899114023248633,"Snrnp48",0.917874163173923,0.00193846294389471
0.146530660436014,0.180578598269368,-0.00193568892345371,0.899257625306814,"Ubqln2",0.917903979832321,0.00193568892345371
0.0861245096114518,0.113030521768599,0.0019193944054677,0.900101206168989,"Abhd8",0.918648191083689,0.0019193944054677
0.0849328918514083,0.121835779780366,0.00190989036793656,0.900593290317804,"Mtf1",0.919033519205145,0.00190989036793656
0.769667119613462,0.780601260374051,0.00188633600658314,0.90181301285441,"Tspan15",0.920161192159688,0.00188633600658314
0.0855734125954444,0.1096644950585,0.00187942940396517,0.90217070359086,"Mtor",0.920409119594795,0.00187942940396517
0.293900488931292,0.35530035707434,-0.00186092662481198,0.903129054237154,"Rab9",0.921269709026051,0.00186092662481198
0.0841818634681673,0.11723127539242,-0.00184791830019568,0.903802904408022,"Galc",0.921839901483408,0.00184791830019568
0.334230172959843,0.410639490055037,-0.00182600136009057,0.904938390261124,"Hmgn2",0.922880737602346,0.00182600136009057
0.0720588361719045,0.103721879493682,0.00181960957114454,0.905269576563157,"Tmem246",0.923101166900848,0.00181960957114454
0.437411699020461,0.517535023599827,-0.00181110807850963,0.90571010127503,"Smim11",0.92343301812336,0.00181110807850963
0.282628954766574,0.320069378964423,0.00177803937940117,0.907423907812954,"Nipsnap2",0.925062817468066,0.00177803937940117
0.267209517266552,0.368745790473854,0.00176393241366562,0.908155141948474,"Myo6",0.925625194743863,0.00176393241366562
0.0687711395765522,0.0896473277155682,-0.00176294599303191,0.908206275949456,"Atg4c",0.925625194743863,0.00176294599303191
0.113927069402257,0.153546536065116,-0.00174560952522134,0.909105024381902,"Scap",0.926423509733348,0.00174560952522134
0.0991325573498245,0.146202923830606,-0.00172757191859444,0.910040244343237,"Pknox1",0.927258783569541,0.00172757191859444
0.156926908211202,0.212011924874231,-0.00171761665185696,0.910556461851586,"Pdpk1",0.927666969260681,0.00171761665185696
0.213772598891915,0.292520108014466,-0.00171213250337334,0.910840851431071,"Pros1",0.927838897027157,0.00171213250337334
0.203339143972651,0.260738088647076,0.00169789499568856,0.911579214124061,"Ap2a2",0.928473167571905,0.00169789499568856
0.832366834621183,0.912033922549747,0.00169042423908853,0.91196668104358,"Hnrnpc",0.928749923682407,0.00169042423908853
0.0876495247946051,0.124695882932067,-0.00167581781493184,0.912724296025899,"Polr3f",0.929403521740078,0.00167581781493184
0.204849127886233,0.294903481146326,0.00167251593010752,0.91289557123059,"Nfx1",0.9294599750735,0.00167251593010752
0.140476906483273,0.195358083390166,-0.0016589896723255,0.913597246734901,"Haus8",0.930056369931597,0.0016589896723255
0.152566042351232,0.222204787736152,-0.00165451337628409,0.913829469738616,"Gk5",0.93017476407239,0.00165451337628409
0.0768259625739919,0.11880110117599,-0.00164103684235455,0.914528654857633,"Sdad1",0.930768382366521,0.00164103684235455
0.229721185291544,0.315364270180536,-0.00163378581189762,0.914904877838477,"Srsf4",0.93101669668279,0.00163378581189762
0.346084289749474,0.465733071378612,-0.00162983516214155,0.915109867106327,"Tmem245",0.93101669668279,0.00162983516214155
0.116539422116377,0.26736254450451,0.00162962593234454,0.915120723671132,"Cxcl14",0.93101669668279,0.00162962593234454
0.171371840949075,0.209868086698417,-0.00161873433084498,0.915685891456382,"Akt1",0.931473579240112,0.00161873433084498
0.0972012756793568,0.13006909314393,0.00160233475899826,0.916536949417981,"Bicd2",0.932221128423106,0.00160233475899826
0.117456055441282,0.149053895323237,-0.00158102298461369,0.917643069529971,"Ccdc32",0.933227882117679,0.00158102298461369
0.121675991464241,0.174427584109383,-0.00157810233215468,0.917794669205483,"Clasrp",0.933263772108072,0.00157810233215468
0.0644902276990177,0.0897336649008808,0.00156986134495927,0.918222442793508,"Stoml1",0.933580446144843,0.00156986134495927
0.299648734977804,0.389439025490725,-0.00155645431835048,0.918918425933767,"Gps2",0.934052852726008,0.00155645431835048
0.180614383373222,0.26805280682529,-0.0015564260637132,0.918919892749141,"Tsc22d1",0.934052852726008,0.0015564260637132
0.124952494340851,0.179975081231758,0.00154403006249,0.919563447111285,"Rrp36",0.934470323944254,0.00154403006249
0.181278485595266,0.232341863916387,-0.00154402867446297,0.919563519175452,"Sec61a2",0.934470323944254,0.00154402867446297
0.138528187353598,0.193832116492874,-0.00154029480399937,0.919757378210739,"Cep63",0.934548968312393,0.00154029480399937
0.0579872296353314,0.0796361307192379,-0.00153036570942164,0.920272910607475,"Lin54",0.934954397912684,0.00153036570942164
0.149248502131009,0.187848696183136,-0.00152209666021941,0.920702276714275,"Vasp",0.935272195006373,0.00152209666021941
0.229761698559686,0.289519476748388,-0.00150246247952977,0.921721863749257,"Rab11fip2",0.9361092991916,0.00150246247952977
0.264692046518633,0.353752632034974,0.00149829655720812,0.921938213303754,"Rest",0.9361092991916,0.00149829655720812
0.325148766624094,0.428116367488465,0.00149738388304685,0.9219856121383,"Ywhag",0.9361092991916,0.00149738388304685
0.0945181723983601,0.129445255604699,0.00149724172591443,0.921992994954039,"Fbxo38",0.9361092991916,0.00149724172591443
0.221911983149308,0.507058579731888,-0.00148969551941791,0.922384910716706,"Ppap2b",0.936388730211393,0.00148969551941791
0.0640078605833361,0.0767584890531584,0.0014738616613385,0.923207310663659,"Rps6ka1",0.937105055125262,0.0014738616613385
0.144055497505603,0.197714080511198,-0.0014686643158645,0.923477275227925,"Snap23",0.937260518141775,0.0014686643158645
0.0763966602990435,0.11419858662803,-0.00145638867286431,0.924114941160871,"Mtus1",0.937789084086863,0.00145638867286431
0.0714717400045807,0.0918257092856423,0.00142591408644935,0.925698172422349,"Zfp617",0.939276951886308,0.00142591408644935
0.365403319496608,0.58407706645781,-0.00139820173440008,0.927138154253985,"Fam19a5",0.940619111105573,0.00139820173440008
0.0937292811767413,0.120325375433265,-0.00139550643497852,0.927278219489311,"Per1",0.940642279795478,0.00139550643497852
0.40245814241597,0.504830383704559,0.00136623605908819,0.928799442178414,"Gng12",0.94202189493603,0.00136623605908819
0.226920913109115,0.29185743953552,-0.00136482016199712,0.928873034986773,"Cggbp1",0.94202189493603,0.00136482016199712
0.301633194208731,0.409660831353479,-0.00133972262795654,0.930177607260915,"Ttyh2",0.943135916815895,0.00133972262795654
0.12259386524318,0.162023739902552,0.00133916517327305,0.930206585952267,"Tollip",0.943135916815895,0.00133916517327305
0.24998433011626,0.317176803612475,0.00131448808586798,0.931489490337974,"Nucb1",0.944317330444966,0.00131448808586798
0.0999820230428433,0.144387217795245,-0.00127158104846115,0.933720549194501,"Loxl3",0.946459535969767,0.00127158104846115
0.161736328452972,0.260679286852113,-0.00126397630815125,0.934116031517423,"Smc4",0.94674081557355,0.00126397630815125
0.27382420121912,0.360534030391031,0.00125961679294256,0.934342754183002,"Atp2a2",0.946819449301311,0.00125961679294256
0.0616931075586583,0.0841033428094629,-0.00125794665326512,0.934429613536526,"D230025D16Rik",0.946819449301311,0.00125794665326512
0.434045160913171,0.644031909077217,0.00122599917757825,0.936091262570037,"Fryl",0.948383370058331,0.00122599917757825
0.234197950490733,0.314745325034372,-0.0011981136797129,0.937541868140256,"Vps4b",0.949733108188034,0.0011981136797129
0.405918332574209,0.515513814642101,-0.00118163674423984,0.938399097204858,"Golgb1",0.950481489014363,0.00118163674423984
0.282739803308445,0.368177657572136,-0.00117789770351271,0.938593634513095,"Rab8b",0.950558541377392,0.00117789770351271
0.10048278024258,0.137689185748461,-0.00116981684435563,0.939014083350267,"Cdyl",0.950864336799917,0.00116981684435563
0.0991841289467979,0.136576450956593,-0.00115950595513106,0.93955058579312,"Rcbtb1",0.951287558410599,0.00115950595513106
0.114487511051287,0.158964285988738,0.00115679043440706,0.939691885987549,"Gpm6a",0.951310584552624,0.00115679043440706
0.0872923161173201,0.129305280904908,-0.00114047995409365,0.94054063004065,"Mblac2",0.9520497054934,0.00114047995409365
0.394591765792618,0.515680790564072,-0.00111587349762152,0.941821197007748,"Rbbp6",0.953225691825198,0.00111587349762152
0.762745059977378,0.820617971824432,-0.00111274069026677,0.941984245141912,"Arl6ip1",0.953270473328125,0.00111274069026677
0.075432075617296,0.107525607552169,0.00111033296132762,0.942109557950008,"Nudt13",0.953277060906792,0.00111033296132762
0.233744580734346,0.306579508437459,-0.00110422746190892,0.942427331562231,"Tbc1d23",0.953364811675473,0.00110422746190892
0.0983996107247545,0.139247671310088,-0.00110410108813604,0.942433909049085,"Neto2",0.953364811675473,0.00110410108813604
0.117205525654369,0.151753749118403,-0.00108307048610403,0.943528561605978,"Oser1",0.954351843984163,0.00108307048610403
0.16373122557637,0.223390037870557,0.00107749784712515,0.943818637994533,"Trappc13",0.954524924535938,0.00107749784712515
0.115529840691963,0.160315520565512,0.00105904934360104,0.944779003498784,"Zfp281",0.955375768629395,0.00105904934360104
0.0915269089132236,0.133512799224217,0.00104656254485093,0.945429068819326,"Ap4m1",0.955912657284056,0.00104656254485093
0.101144340290078,0.148195010790029,-0.00102040827849246,0.946790782543635,"Eif2ak1",0.957168859661097,0.00102040827849246
0.0908722029231564,0.131831631418167,0.00101487024945362,0.947079138369678,"Carhsp1",0.957339758916389,0.00101487024945362
0.0911297740773844,0.120386001413398,-0.000990158060706365,0.948365944261035,"Gpr137",0.958519755227428,0.000990158060706365
0.15527364411526,0.191609939202117,-0.000981633995691758,0.948809838291791,"Gnl1",0.958847624994123,0.000981633995691758
0.0879966502528813,0.108932402131367,0.000978357380262336,0.948980473559664,"Borcs8",0.958899297297915,0.000978357380262336
0.0661347415062179,0.0846852494151074,-0.000968876039062087,0.949474243522544,"Faap100",0.959095217624671,0.000968876039062087
0.0618981590742327,0.0827564992173979,-0.000968289175392774,0.949504806889921,"Mxd1",0.959095217624671,0.000968289175392774
0.111123096166673,0.151052878883997,0.000967748742548695,0.949532952244564,"Acad8",0.959095217624671,0.000967748742548695
0.141528577283147,0.184188149040983,-0.000959196761909659,0.949978341614169,"Nxt1",0.959422482902149,0.000959196761909659
0.128530728648761,0.174038739751579,-0.00095493090818407,0.950200514231256,"Tbce",0.959422482902149,0.00095493090818407
0.063249342521118,0.0951444207412418,-0.000954640064857319,0.950215661967021,"Ube2o",0.959422482902149,0.000954640064857319
0.122817429629218,0.159161864651772,-0.000941249225436064,0.950913104600276,"Psen1",0.960005882148039,0.000941249225436064
0.0647133578232625,0.0996029996073728,0.000933482636253984,0.951317633497483,"Twsg1",0.960293457187546,0.000933482636253984
0.0658273377064726,0.0866221257442629,-0.000922075158321722,0.951911823652821,"Klhl12",0.960687066635392,0.000922075158321722
0.158114453199973,0.2183339032659,0.000921399514079299,0.95194701730035,"Ttc4",0.960687066635392,0.000921399514079299
0.399686465807479,0.473884951886503,-0.000908433078628004,0.95262244430731,"Wac",0.961237393587482,0.000908433078628004
0.246334072240687,0.342879330133136,0.000906331337048078,0.952731928115808,"Ddx42",0.961237393587482,0.000906331337048078
0.302046523172002,0.371938885303956,-0.000898322463045453,0.953149134102363,"Fcgrt",0.961514945870315,0.000898322463045453
0.112228715977075,0.156169389048778,0.000896449882157109,0.953246684247053,"Gopc",0.961514945870315,0.000896449882157109
0.241723112968847,0.324983991389659,0.000885384477153321,0.953823139203723,"Micu2",0.961975473726832,0.000885384477153321
0.0967738178675356,0.134103710187433,0.000878369870101666,0.954188579384794,"Crls1",0.962223094254566,0.000878369870101666
0.0608080065525453,0.0866605379562122,-0.000873217139821658,0.954457027457491,"Ankrd13a",0.962372856034042,0.000873217139821658
0.190338467324455,0.271314871846163,0.000850203460108273,0.955656061812692,"Ufl1",0.963460766426063,0.000850203460108273
0.251515382531188,0.305262768018385,0.000840472482224815,0.956163085246209,"Fam3c",0.963775492831544,0.000840472482224815
0.0818599028840679,0.107491581037526,-0.000839601613303869,0.956208461918235,"Uba7",0.963775492831544,0.000839601613303869
0.442960353685008,0.550319963982572,-0.000820113584398806,0.957223923549877,"Phf20l1",0.964636947903855,0.000820113584398806
0.162042566091421,0.216388353005733,0.000818584714486227,0.957303591246061,"Ifngr2",0.964636947903855,0.000818584714486227
0.26456975179222,0.347958358646288,-0.000811435724137344,0.957676122758813,"Fbxl15",0.964891161353179,0.000811435724137344
0.0571004412605444,0.0769710305408722,-0.000757581443435684,0.960482742758764,"Nup133",0.967597429742162,0.000757581443435684
0.345504821737439,0.364986448447998,0.000714306727867772,0.962738364382898,"Smim10l1",0.969663199404983,0.000714306727867772
0.105765722876982,0.138885683822103,0.000713603649534924,0.962775013666438,"Nfkb2",0.969663199404983,0.000713603649534924
0.108894187955057,0.135944283587194,0.000704394941460803,0.963255042165236,"Dph5",0.97002490691941,0.000704394941460803
0.0652077442278371,0.0925763148242826,-0.000694847883350492,0.963752722118273,"Pias3",0.970319679882495,0.000694847883350492
0.0873880552927069,0.127038529670255,-0.000694140226140778,0.963789612246197,"Nphp1",0.970319679882495,0.000694140226140778
0.477279037849202,0.590351441523122,0.000673399256289841,0.964870871847682,"Tmem30a",0.971286397654723,0.000673399256289841
0.929554455687339,1.08731801801077,-0.000657146891762328,0.965718178572846,"Rap2a",0.972017393987521,0.000657146891762328
0.105619216951076,0.135270025637104,-0.000641992545010644,0.966508275719415,"Ncbp3",0.972690631427642,0.000641992545010644
0.122862522204108,0.168097575622382,0.000617776112268459,0.967770907744757,"Terf2ip",0.973839197861039,0.000617776112268459
0.192230025223244,0.24259952986355,-0.000613844599432377,0.967975902454089,"Eea1",0.973923340600829,0.000613844599432377
0.468548163502114,0.612725686453547,0.00060352346926681,0.968514070992642,"Pdia4",0.974342641129007,0.00060352346926681
0.192701161199633,0.255868994942423,-0.000586163527158695,0.969419292313308,"Foxn2",0.975131051964647,0.000586163527158695
0.104740246322981,0.144873935353627,0.00056345018971318,0.970603721768138,"Sec24a",0.976200083162139,0.00056345018971318
0.114302995413566,0.155049283509596,-0.00052754960249107,0.97247595618484,"Anks3",0.977875090501998,0.00052754960249107
0.174608173365057,0.244256332603764,-0.000526841911789294,0.972512864183193,"Ppfia1",0.977875090501998,0.000526841911789294
0.255318315709184,0.368230274811815,-0.00051610328757884,0.973072919870351,"Brd3",0.978315638270855,0.00051610328757884
0.150493876228174,0.197086739890885,-0.000492619344107129,0.974297733070137,"B9d2",0.979282359627635,0.000492619344107129
0.0686092896860713,0.0936969143995691,0.000492068114062469,0.974326483402976,"Plekhh3",0.979282359627635,0.000492068114062469
0.0863260560242095,0.124312643749911,-0.000490647211455877,0.974400593128993,"Mettl2",0.979282359627635,0.000490647211455877
0.0793113733291996,0.109125058855041,-0.000476155818828064,0.975156430228439,"Gpalpp1",0.979919248109329,0.000476155818828064
0.277389219042902,0.356072245986319,0.000447012041472451,0.976676568231095,"Thap3",0.981298703979561,0.000447012041472451
0.0762515673461659,0.101267993000105,-0.000445148521732026,0.976773772268788,"Khk",0.981298703979561,0.000445148521732026
0.133644694967613,0.17808511565594,-0.000441485782243174,0.976964827361784,"Ctsf",0.981367773504125,0.000441485782243174
0.0733513430200126,0.0978737533928517,0.000382639842703134,0.980034511191847,"Pradc1",0.98432806581592,0.000382639842703134
0.178282824584399,0.241300000893305,-0.000358642739696921,0.981286401529891,"Trpc4ap",0.985462088344911,0.000358642739696921
0.15489448322829,0.186686031935763,-0.00034918738917937,0.981779684810275,"Flywch1",0.985691980241088,0.00034918738917937
0.46027562964822,0.53327834989718,-0.000348358159622012,0.981822945844553,"Polr2i",0.985691980241088,0.000348358159622012
0.0796129927466881,0.0955380067337361,-0.000345629818177551,0.981965284216185,"Zfp282",0.985691980241088,0.000345629818177551
0.299835040418993,0.391597499559578,-0.000344836131654155,0.98200669118236,"Tmpo",0.985691980241088,0.000344836131654155
0.230493178446419,0.318534827152978,0.000328094970798874,0.98288009583808,"Zkscan3",0.986445264415854,0.000328094970798874
0.955599816847556,1.10843584285639,0.000304871914986032,0.984091701778335,"Tead1",0.987537745756548,0.000304871914986032
1.18353295700044,1.05333201111534,0.000287952716772482,0.984974442676135,"Pdia3",0.98825620564301,0.000287952716772482
0.404541148033609,0.487196909865219,-0.000285496816351312,0.985102578182787,"Desi2",0.98825620564301,0.000285496816351312
0.304634141545625,0.359143485077572,0.000284067693787492,0.985177142190733,"Ccs",0.98825620564301,0.000284067693787492
0.198674862752701,0.234391659752072,0.000275701532004256,0.985613646553944,"2900097C17Rik",0.988570487493606,0.000275701532004256
0.157008224417057,0.235609527365503,0.000245751981178914,0.987176298282141,"Olfml2a",0.99001407541756,0.000245751981178914
0.804921716850233,1.06230442129974,-0.000241978812343616,0.987373171250845,"Nfib",0.990087768822392,0.000241978812343616
0.0852912716860586,0.11108173946037,-0.000235180688693856,0.987727879490017,"Nectin3",0.990221677619348,0.000235180688693856
0.174718821196579,0.234155964390805,0.00023280147215245,0.987852021337412,"Git1",0.990221677619348,0.00023280147215245
0.138773602914879,0.182718871523052,0.000232323987922833,0.987876935361775,"Adprhl2",0.990221677619348,0.000232323987922833
0.0885577953665081,0.143026107408545,0.000223775952499685,0.98832295408506,"Lrrfip1",0.990545014186675,0.000223775952499685
0.0745779085946996,0.101565917895228,0.000197710047608752,0.989683040766134,"Gpr89",0.991784278644618,0.000197710047608752
1.42785740692948,1.10174769189194,-0.000192600137922935,0.989949673171864,"Son",0.991927594596782,0.000192600137922935
0.0831043682112971,0.117164933513748,0.000188406166528564,0.99016851323796,"Rnf139",0.992022992910649,0.000188406166528564
0.0656890108425161,0.0887665616213427,-0.000184959642322108,0.990348352306624,"Ubqln4",0.992079298240743,0.000184959642322108
0.221426468555042,0.262722260123338,-0.000170091411998457,0.991124179633164,"Card19",0.992732544922795,0.000170091411998457
0.151670306920055,0.20166893942245,0.000141399025009094,0.992621377381812,"Ankrd10",0.994108079394865,0.000141399025009094
0.308367911311149,0.369540880319247,-0.00012269107123215,0.993597591633461,"Cyhr1",0.994961571854098,0.00012269107123215
0.232586157918058,0.299191338829969,-0.000120032459006939,0.993736323552278,"Cr1l",0.994976323956012,0.000120032459006939
0.071682658559302,0.0994604610520725,0.000108383865663497,0.994344173571204,"Srfbp1",0.99546071724708,0.000108383865663497
0.0832654579905972,0.106790815900787,9.19018526166195e-05,0.995204247915225,"Sat2",0.99612360769105,9.19018526166195e-05
0.107153238764481,0.150898267723141,9.09368099150384e-05,0.99525460653778,"Coq3",0.99612360769105,9.09368099150384e-05
0.0619611534282206,0.0878989757606356,-8.09909079285648e-05,0.995773612537039,"Tmem191c",0.996518766150811,8.09909079285648e-05
0.77151658767296,0.811202579513518,7.4830996833463e-05,0.996095055466248,"Tax1bp3",0.99671613980062,7.4830996833463e-05
0.136135001536091,0.178745246612426,-5.24367788453081e-05,0.997263658945008,"Trmt1l",0.997761047303584,5.24367788453081e-05
0.0649705107448897,0.0869317061301914,4.82344056736695e-05,0.997482953239923,"Fahd2a",0.997856030020838,4.82344056736695e-05
0.0860673352654979,0.123278457394983,3.83637912958633e-05,0.997998036586941,"Tomm40l",0.998246851854103,3.83637912958633e-05
0.103129248975665,0.137723984964952,2.27368455076073e-05,0.998813507156867,"Ogfod3",0.998816472978209,2.27368455076073e-05
0.0583840269625459,0.076854322719714,-2.26800112234867e-05,0.998816472978209,"Scrn2",0.998816472978209,2.26800112234867e-05
